image_a,image_b,label,transformation,hamming_distance
images/beach.jpg,images_variants/beach/altered.png,1,altered_20%,0
images/beach.jpg,images_variants/beach/grayscale.png,1,grayscale,0
images/beach.jpg,images_variants/beach/covered.png,1,covered_30%,4
images/beach.jpg,images_variants/beach/dropout.png,1,grid_dropout_20%,8
images/beach.jpg,images_variants/beach/blurred.png,1,blur_radius_2,0
images/beach.jpg,images_variants/beach/brightened.png,1,brightened_1.5x,2
images/beach.jpg,images_variants/beach/darkened.png,1,darkened_0.5x,0
images/beach.jpg,images_variants/beach/resized.png,1,resized_50%,0
images/beach.jpg,images_variants/beach/resized_up.png,1,resized_up_200%,0
images/beach.jpg,images_variants/beach/contrasted.png,1,contrast_1.5x,1
images/beach.jpg,images_variants/beach/filtered.png,1,edge_filter,0
images/beach.jpg,images_variants/beach/channel_shifted.png,1,channel_shift_1,3
images/beach.jpg,images_variants/beach/cropped10.png,1,cropped_10%,8
images/beach.jpg,images_variants/beach/cropped20.png,1,cropped_20%,14
images/beach.jpg,images_variants/beach/cropped30.png,1,cropped_30%,16
images/beach.jpg,images_variants/beach/quality_adjusted_20.jpg,1,quality_20%,0
images/beach.jpg,images_variants/beach/quality_adjusted_50.jpg,1,quality_50%,0
images/beach.jpg,images_variants/beach/quality_adjusted_80.jpg,1,quality_80%,0
images/cho-shiba-mau-nau.png,images_variants/cho-shiba-mau-nau/altered.png,1,altered_20%,0
images/cho-shiba-mau-nau.png,images_variants/cho-shiba-mau-nau/grayscale.png,1,grayscale,0
images/cho-shiba-mau-nau.png,images_variants/cho-shiba-mau-nau/covered.png,1,covered_30%,5
images/cho-shiba-mau-nau.png,images_variants/cho-shiba-mau-nau/dropout.png,1,grid_dropout_20%,10
images/cho-shiba-mau-nau.png,images_variants/cho-shiba-mau-nau/blurred.png,1,blur_radius_2,0
images/cho-shiba-mau-nau.png,images_variants/cho-shiba-mau-nau/brightened.png,1,brightened_1.5x,7
images/cho-shiba-mau-nau.png,images_variants/cho-shiba-mau-nau/darkened.png,1,darkened_0.5x,0
images/cho-shiba-mau-nau.png,images_variants/cho-shiba-mau-nau/resized.png,1,resized_50%,0
images/cho-shiba-mau-nau.png,images_variants/cho-shiba-mau-nau/resized_up.png,1,resized_up_200%,0
images/cho-shiba-mau-nau.png,images_variants/cho-shiba-mau-nau/contrasted.png,1,contrast_1.5x,0
images/cho-shiba-mau-nau.png,images_variants/cho-shiba-mau-nau/filtered.png,1,edge_filter,1
images/cho-shiba-mau-nau.png,images_variants/cho-shiba-mau-nau/channel_shifted.png,1,channel_shift_1,6
images/cho-shiba-mau-nau.png,images_variants/cho-shiba-mau-nau/cropped10.png,1,cropped_10%,13
images/cho-shiba-mau-nau.png,images_variants/cho-shiba-mau-nau/cropped20.png,1,cropped_20%,26
images/cho-shiba-mau-nau.png,images_variants/cho-shiba-mau-nau/cropped30.png,1,cropped_30%,27
images/cho-shiba-mau-nau.png,images_variants/cho-shiba-mau-nau/quality_adjusted_20.jpg,1,quality_20%,0
images/cho-shiba-mau-nau.png,images_variants/cho-shiba-mau-nau/quality_adjusted_50.jpg,1,quality_50%,0
images/cho-shiba-mau-nau.png,images_variants/cho-shiba-mau-nau/quality_adjusted_80.jpg,1,quality_80%,0
images/corgi.jpg,images_variants/corgi/altered.png,1,altered_20%,3
images/corgi.jpg,images_variants/corgi/grayscale.png,1,grayscale,0
images/corgi.jpg,images_variants/corgi/covered.png,1,covered_30%,16
images/corgi.jpg,images_variants/corgi/dropout.png,1,grid_dropout_20%,21
images/corgi.jpg,images_variants/corgi/blurred.png,1,blur_radius_2,0
images/corgi.jpg,images_variants/corgi/brightened.png,1,brightened_1.5x,7
images/corgi.jpg,images_variants/corgi/darkened.png,1,darkened_0.5x,2
images/corgi.jpg,images_variants/corgi/resized.png,1,resized_50%,1
images/corgi.jpg,images_variants/corgi/resized_up.png,1,resized_up_200%,0
images/corgi.jpg,images_variants/corgi/contrasted.png,1,contrast_1.5x,3
images/corgi.jpg,images_variants/corgi/filtered.png,1,edge_filter,0
images/corgi.jpg,images_variants/corgi/channel_shifted.png,1,channel_shift_1,17
images/corgi.jpg,images_variants/corgi/cropped10.png,1,cropped_10%,14
images/corgi.jpg,images_variants/corgi/cropped20.png,1,cropped_20%,28
images/corgi.jpg,images_variants/corgi/cropped30.png,1,cropped_30%,31
images/corgi.jpg,images_variants/corgi/quality_adjusted_20.jpg,1,quality_20%,0
images/corgi.jpg,images_variants/corgi/quality_adjusted_50.jpg,1,quality_50%,0
images/corgi.jpg,images_variants/corgi/quality_adjusted_80.jpg,1,quality_80%,0
images/db10fa12e5d8164680ffd17b1b64fc1f.jpg,images_variants/db10fa12e5d8164680ffd17b1b64fc1f/altered.png,1,altered_20%,0
images/db10fa12e5d8164680ffd17b1b64fc1f.jpg,images_variants/db10fa12e5d8164680ffd17b1b64fc1f/grayscale.png,1,grayscale,0
images/db10fa12e5d8164680ffd17b1b64fc1f.jpg,images_variants/db10fa12e5d8164680ffd17b1b64fc1f/covered.png,1,covered_30%,6
images/db10fa12e5d8164680ffd17b1b64fc1f.jpg,images_variants/db10fa12e5d8164680ffd17b1b64fc1f/dropout.png,1,grid_dropout_20%,14
images/db10fa12e5d8164680ffd17b1b64fc1f.jpg,images_variants/db10fa12e5d8164680ffd17b1b64fc1f/blurred.png,1,blur_radius_2,1
images/db10fa12e5d8164680ffd17b1b64fc1f.jpg,images_variants/db10fa12e5d8164680ffd17b1b64fc1f/brightened.png,1,brightened_1.5x,5
images/db10fa12e5d8164680ffd17b1b64fc1f.jpg,images_variants/db10fa12e5d8164680ffd17b1b64fc1f/darkened.png,1,darkened_0.5x,3
images/db10fa12e5d8164680ffd17b1b64fc1f.jpg,images_variants/db10fa12e5d8164680ffd17b1b64fc1f/resized.png,1,resized_50%,0
images/db10fa12e5d8164680ffd17b1b64fc1f.jpg,images_variants/db10fa12e5d8164680ffd17b1b64fc1f/resized_up.png,1,resized_up_200%,0
images/db10fa12e5d8164680ffd17b1b64fc1f.jpg,images_variants/db10fa12e5d8164680ffd17b1b64fc1f/contrasted.png,1,contrast_1.5x,2
images/db10fa12e5d8164680ffd17b1b64fc1f.jpg,images_variants/db10fa12e5d8164680ffd17b1b64fc1f/filtered.png,1,edge_filter,2
images/db10fa12e5d8164680ffd17b1b64fc1f.jpg,images_variants/db10fa12e5d8164680ffd17b1b64fc1f/channel_shifted.png,1,channel_shift_1,3
images/db10fa12e5d8164680ffd17b1b64fc1f.jpg,images_variants/db10fa12e5d8164680ffd17b1b64fc1f/cropped10.png,1,cropped_10%,12
images/db10fa12e5d8164680ffd17b1b64fc1f.jpg,images_variants/db10fa12e5d8164680ffd17b1b64fc1f/cropped20.png,1,cropped_20%,24
images/db10fa12e5d8164680ffd17b1b64fc1f.jpg,images_variants/db10fa12e5d8164680ffd17b1b64fc1f/cropped30.png,1,cropped_30%,28
images/db10fa12e5d8164680ffd17b1b64fc1f.jpg,images_variants/db10fa12e5d8164680ffd17b1b64fc1f/quality_adjusted_20.jpg,1,quality_20%,1
images/db10fa12e5d8164680ffd17b1b64fc1f.jpg,images_variants/db10fa12e5d8164680ffd17b1b64fc1f/quality_adjusted_50.jpg,1,quality_50%,0
images/db10fa12e5d8164680ffd17b1b64fc1f.jpg,images_variants/db10fa12e5d8164680ffd17b1b64fc1f/quality_adjusted_80.jpg,1,quality_80%,0
images/dragon-bridge.png,images_variants/dragon-bridge/altered.png,1,altered_20%,3
images/dragon-bridge.png,images_variants/dragon-bridge/grayscale.png,1,grayscale,0
images/dragon-bridge.png,images_variants/dragon-bridge/covered.png,1,covered_30%,7
images/dragon-bridge.png,images_variants/dragon-bridge/dropout.png,1,grid_dropout_20%,7
images/dragon-bridge.png,images_variants/dragon-bridge/blurred.png,1,blur_radius_2,0
images/dragon-bridge.png,images_variants/dragon-bridge/brightened.png,1,brightened_1.5x,3
images/dragon-bridge.png,images_variants/dragon-bridge/darkened.png,1,darkened_0.5x,0
images/dragon-bridge.png,images_variants/dragon-bridge/resized.png,1,resized_50%,0
images/dragon-bridge.png,images_variants/dragon-bridge/resized_up.png,1,resized_up_200%,0
images/dragon-bridge.png,images_variants/dragon-bridge/contrasted.png,1,contrast_1.5x,3
images/dragon-bridge.png,images_variants/dragon-bridge/filtered.png,1,edge_filter,2
images/dragon-bridge.png,images_variants/dragon-bridge/channel_shifted.png,1,channel_shift_1,2
images/dragon-bridge.png,images_variants/dragon-bridge/cropped10.png,1,cropped_10%,16
images/dragon-bridge.png,images_variants/dragon-bridge/cropped20.png,1,cropped_20%,28
images/dragon-bridge.png,images_variants/dragon-bridge/cropped30.png,1,cropped_30%,30
images/dragon-bridge.png,images_variants/dragon-bridge/quality_adjusted_20.jpg,1,quality_20%,0
images/dragon-bridge.png,images_variants/dragon-bridge/quality_adjusted_50.jpg,1,quality_50%,0
images/dragon-bridge.png,images_variants/dragon-bridge/quality_adjusted_80.jpg,1,quality_80%,0
images/golden_bridge.webp,images_variants/golden_bridge/altered.png,1,altered_20%,0
images/golden_bridge.webp,images_variants/golden_bridge/grayscale.png,1,grayscale,0
images/golden_bridge.webp,images_variants/golden_bridge/covered.png,1,covered_30%,4
images/golden_bridge.webp,images_variants/golden_bridge/dropout.png,1,grid_dropout_20%,3
images/golden_bridge.webp,images_variants/golden_bridge/blurred.png,1,blur_radius_2,0
images/golden_bridge.webp,images_variants/golden_bridge/brightened.png,1,brightened_1.5x,3
images/golden_bridge.webp,images_variants/golden_bridge/darkened.png,1,darkened_0.5x,0
images/golden_bridge.webp,images_variants/golden_bridge/resized.png,1,resized_50%,0
images/golden_bridge.webp,images_variants/golden_bridge/resized_up.png,1,resized_up_200%,0
images/golden_bridge.webp,images_variants/golden_bridge/contrasted.png,1,contrast_1.5x,0
images/golden_bridge.webp,images_variants/golden_bridge/filtered.png,1,edge_filter,0
images/golden_bridge.webp,images_variants/golden_bridge/channel_shifted.png,1,channel_shift_1,1
images/golden_bridge.webp,images_variants/golden_bridge/cropped10.png,1,cropped_10%,4
images/golden_bridge.webp,images_variants/golden_bridge/cropped20.png,1,cropped_20%,9
images/golden_bridge.webp,images_variants/golden_bridge/cropped30.png,1,cropped_30%,26
images/golden_bridge.webp,images_variants/golden_bridge/quality_adjusted_20.jpg,1,quality_20%,0
images/golden_bridge.webp,images_variants/golden_bridge/quality_adjusted_50.jpg,1,quality_50%,0
images/golden_bridge.webp,images_variants/golden_bridge/quality_adjusted_80.jpg,1,quality_80%,0
images/images.jpg,images_variants/images/altered.png,1,altered_20%,1
images/images.jpg,images_variants/images/grayscale.png,1,grayscale,0
images/images.jpg,images_variants/images/covered.png,1,covered_30%,13
images/images.jpg,images_variants/images/dropout.png,1,grid_dropout_20%,22
images/images.jpg,images_variants/images/blurred.png,1,blur_radius_2,0
images/images.jpg,images_variants/images/brightened.png,1,brightened_1.5x,6
images/images.jpg,images_variants/images/darkened.png,1,darkened_0.5x,1
images/images.jpg,images_variants/images/resized.png,1,resized_50%,0
images/images.jpg,images_variants/images/resized_up.png,1,resized_up_200%,0
images/images.jpg,images_variants/images/contrasted.png,1,contrast_1.5x,1
images/images.jpg,images_variants/images/filtered.png,1,edge_filter,0
images/images.jpg,images_variants/images/channel_shifted.png,1,channel_shift_1,9
images/images.jpg,images_variants/images/cropped10.png,1,cropped_10%,21
images/images.jpg,images_variants/images/cropped20.png,1,cropped_20%,35
images/images.jpg,images_variants/images/cropped30.png,1,cropped_30%,30
images/images.jpg,images_variants/images/quality_adjusted_20.jpg,1,quality_20%,0
images/images.jpg,images_variants/images/quality_adjusted_50.jpg,1,quality_50%,0
images/images.jpg,images_variants/images/quality_adjusted_80.jpg,1,quality_80%,0
images/IMG_5480-1-960x600.jpeg,images_variants/IMG_5480-1-960x600/altered.png,1,altered_20%,0
images/IMG_5480-1-960x600.jpeg,images_variants/IMG_5480-1-960x600/grayscale.png,1,grayscale,0
images/IMG_5480-1-960x600.jpeg,images_variants/IMG_5480-1-960x600/covered.png,1,covered_30%,8
images/IMG_5480-1-960x600.jpeg,images_variants/IMG_5480-1-960x600/dropout.png,1,grid_dropout_20%,1
images/IMG_5480-1-960x600.jpeg,images_variants/IMG_5480-1-960x600/blurred.png,1,blur_radius_2,0
images/IMG_5480-1-960x600.jpeg,images_variants/IMG_5480-1-960x600/brightened.png,1,brightened_1.5x,3
images/IMG_5480-1-960x600.jpeg,images_variants/IMG_5480-1-960x600/darkened.png,1,darkened_0.5x,0
images/IMG_5480-1-960x600.jpeg,images_variants/IMG_5480-1-960x600/resized.png,1,resized_50%,0
images/IMG_5480-1-960x600.jpeg,images_variants/IMG_5480-1-960x600/resized_up.png,1,resized_up_200%,0
images/IMG_5480-1-960x600.jpeg,images_variants/IMG_5480-1-960x600/contrasted.png,1,contrast_1.5x,0
images/IMG_5480-1-960x600.jpeg,images_variants/IMG_5480-1-960x600/filtered.png,1,edge_filter,0
images/IMG_5480-1-960x600.jpeg,images_variants/IMG_5480-1-960x600/channel_shifted.png,1,channel_shift_1,1
images/IMG_5480-1-960x600.jpeg,images_variants/IMG_5480-1-960x600/cropped10.png,1,cropped_10%,5
images/IMG_5480-1-960x600.jpeg,images_variants/IMG_5480-1-960x600/cropped20.png,1,cropped_20%,9
images/IMG_5480-1-960x600.jpeg,images_variants/IMG_5480-1-960x600/cropped30.png,1,cropped_30%,14
images/IMG_5480-1-960x600.jpeg,images_variants/IMG_5480-1-960x600/quality_adjusted_20.jpg,1,quality_20%,0
images/IMG_5480-1-960x600.jpeg,images_variants/IMG_5480-1-960x600/quality_adjusted_50.jpg,1,quality_50%,0
images/IMG_5480-1-960x600.jpeg,images_variants/IMG_5480-1-960x600/quality_adjusted_80.jpg,1,quality_80%,0
images/shiba-da-nang.png,images_variants/shiba-da-nang/altered.png,1,altered_20%,0
images/shiba-da-nang.png,images_variants/shiba-da-nang/grayscale.png,1,grayscale,0
images/shiba-da-nang.png,images_variants/shiba-da-nang/covered.png,1,covered_30%,17
images/shiba-da-nang.png,images_variants/shiba-da-nang/dropout.png,1,grid_dropout_20%,10
images/shiba-da-nang.png,images_variants/shiba-da-nang/blurred.png,1,blur_radius_2,0
images/shiba-da-nang.png,images_variants/shiba-da-nang/brightened.png,1,brightened_1.5x,7
images/shiba-da-nang.png,images_variants/shiba-da-nang/darkened.png,1,darkened_0.5x,0
images/shiba-da-nang.png,images_variants/shiba-da-nang/resized.png,1,resized_50%,0
images/shiba-da-nang.png,images_variants/shiba-da-nang/resized_up.png,1,resized_up_200%,0
images/shiba-da-nang.png,images_variants/shiba-da-nang/contrasted.png,1,contrast_1.5x,0
images/shiba-da-nang.png,images_variants/shiba-da-nang/filtered.png,1,edge_filter,0
images/shiba-da-nang.png,images_variants/shiba-da-nang/channel_shifted.png,1,channel_shift_1,3
images/shiba-da-nang.png,images_variants/shiba-da-nang/cropped10.png,1,cropped_10%,17
images/shiba-da-nang.png,images_variants/shiba-da-nang/cropped20.png,1,cropped_20%,31
images/shiba-da-nang.png,images_variants/shiba-da-nang/cropped30.png,1,cropped_30%,48
images/shiba-da-nang.png,images_variants/shiba-da-nang/quality_adjusted_20.jpg,1,quality_20%,0
images/shiba-da-nang.png,images_variants/shiba-da-nang/quality_adjusted_50.jpg,1,quality_50%,0
images/shiba-da-nang.png,images_variants/shiba-da-nang/quality_adjusted_80.jpg,1,quality_80%,0
images/Shiba.jpg,images_variants/Shiba/altered.png,1,altered_20%,0
images/Shiba.jpg,images_variants/Shiba/grayscale.png,1,grayscale,0
images/Shiba.jpg,images_variants/Shiba/covered.png,1,covered_30%,6
images/Shiba.jpg,images_variants/Shiba/dropout.png,1,grid_dropout_20%,9
images/Shiba.jpg,images_variants/Shiba/blurred.png,1,blur_radius_2,0
images/Shiba.jpg,images_variants/Shiba/brightened.png,1,brightened_1.5x,5
images/Shiba.jpg,images_variants/Shiba/darkened.png,1,darkened_0.5x,0
images/Shiba.jpg,images_variants/Shiba/resized.png,1,resized_50%,0
images/Shiba.jpg,images_variants/Shiba/resized_up.png,1,resized_up_200%,0
images/Shiba.jpg,images_variants/Shiba/contrasted.png,1,contrast_1.5x,0
images/Shiba.jpg,images_variants/Shiba/filtered.png,1,edge_filter,0
images/Shiba.jpg,images_variants/Shiba/channel_shifted.png,1,channel_shift_1,0
images/Shiba.jpg,images_variants/Shiba/cropped10.png,1,cropped_10%,10
images/Shiba.jpg,images_variants/Shiba/cropped20.png,1,cropped_20%,17
images/Shiba.jpg,images_variants/Shiba/cropped30.png,1,cropped_30%,24
images/Shiba.jpg,images_variants/Shiba/quality_adjusted_20.jpg,1,quality_20%,0
images/Shiba.jpg,images_variants/Shiba/quality_adjusted_50.jpg,1,quality_50%,0
images/Shiba.jpg,images_variants/Shiba/quality_adjusted_80.jpg,1,quality_80%,0
images/threecolorcorgi.jpg,images_variants/threecolorcorgi/altered.png,1,altered_20%,1
images/threecolorcorgi.jpg,images_variants/threecolorcorgi/grayscale.png,1,grayscale,0
images/threecolorcorgi.jpg,images_variants/threecolorcorgi/covered.png,1,covered_30%,8
images/threecolorcorgi.jpg,images_variants/threecolorcorgi/dropout.png,1,grid_dropout_20%,16
images/threecolorcorgi.jpg,images_variants/threecolorcorgi/blurred.png,1,blur_radius_2,0
images/threecolorcorgi.jpg,images_variants/threecolorcorgi/brightened.png,1,brightened_1.5x,4
images/threecolorcorgi.jpg,images_variants/threecolorcorgi/darkened.png,1,darkened_0.5x,0
images/threecolorcorgi.jpg,images_variants/threecolorcorgi/resized.png,1,resized_50%,0
images/threecolorcorgi.jpg,images_variants/threecolorcorgi/resized_up.png,1,resized_up_200%,0
images/threecolorcorgi.jpg,images_variants/threecolorcorgi/contrasted.png,1,contrast_1.5x,4
images/threecolorcorgi.jpg,images_variants/threecolorcorgi/filtered.png,1,edge_filter,1
images/threecolorcorgi.jpg,images_variants/threecolorcorgi/channel_shifted.png,1,channel_shift_1,2
images/threecolorcorgi.jpg,images_variants/threecolorcorgi/cropped10.png,1,cropped_10%,15
images/threecolorcorgi.jpg,images_variants/threecolorcorgi/cropped20.png,1,cropped_20%,22
images/threecolorcorgi.jpg,images_variants/threecolorcorgi/cropped30.png,1,cropped_30%,28
images/threecolorcorgi.jpg,images_variants/threecolorcorgi/quality_adjusted_20.jpg,1,quality_20%,1
images/threecolorcorgi.jpg,images_variants/threecolorcorgi/quality_adjusted_50.jpg,1,quality_50%,0
images/threecolorcorgi.jpg,images_variants/threecolorcorgi/quality_adjusted_80.jpg,1,quality_80%,0
images/beach.jpg,images/cho-shiba-mau-nau.png,0,cross_image,18
images/beach.jpg,images_variants/cho-shiba-mau-nau/altered.png,0,cross_image,18
images/beach.jpg,images_variants/cho-shiba-mau-nau/grayscale.png,0,cross_image,18
images/beach.jpg,images_variants/cho-shiba-mau-nau/covered.png,0,cross_image,19
images/beach.jpg,images_variants/cho-shiba-mau-nau/dropout.png,0,cross_image,20
images/beach.jpg,images_variants/cho-shiba-mau-nau/blurred.png,0,cross_image,18
images/beach.jpg,images_variants/cho-shiba-mau-nau/brightened.png,0,cross_image,21
images/beach.jpg,images_variants/cho-shiba-mau-nau/darkened.png,0,cross_image,18
images/beach.jpg,images_variants/cho-shiba-mau-nau/resized.png,0,cross_image,18
images/beach.jpg,images_variants/cho-shiba-mau-nau/resized_up.png,0,cross_image,18
images/beach.jpg,images_variants/cho-shiba-mau-nau/contrasted.png,0,cross_image,18
images/beach.jpg,images_variants/cho-shiba-mau-nau/filtered.png,0,cross_image,19
images/beach.jpg,images_variants/cho-shiba-mau-nau/channel_shifted.png,0,cross_image,22
images/beach.jpg,images_variants/cho-shiba-mau-nau/cropped10.png,0,cross_image,23
images/beach.jpg,images_variants/cho-shiba-mau-nau/cropped20.png,0,cross_image,32
images/beach.jpg,images_variants/cho-shiba-mau-nau/cropped30.png,0,cross_image,29
images/beach.jpg,images_variants/cho-shiba-mau-nau/quality_adjusted_20.jpg,0,cross_image,18
images/beach.jpg,images_variants/cho-shiba-mau-nau/quality_adjusted_50.jpg,0,cross_image,18
images/beach.jpg,images_variants/cho-shiba-mau-nau/quality_adjusted_80.jpg,0,cross_image,18
images/cho-shiba-mau-nau.png,images_variants/beach/altered.png,0,cross_image,18
images/cho-shiba-mau-nau.png,images_variants/beach/grayscale.png,0,cross_image,18
images/cho-shiba-mau-nau.png,images_variants/beach/covered.png,0,cross_image,14
images/cho-shiba-mau-nau.png,images_variants/beach/dropout.png,0,cross_image,14
images/cho-shiba-mau-nau.png,images_variants/beach/blurred.png,0,cross_image,18
images/cho-shiba-mau-nau.png,images_variants/beach/brightened.png,0,cross_image,16
images/cho-shiba-mau-nau.png,images_variants/beach/darkened.png,0,cross_image,18
images/cho-shiba-mau-nau.png,images_variants/beach/resized.png,0,cross_image,18
images/cho-shiba-mau-nau.png,images_variants/beach/resized_up.png,0,cross_image,18
images/cho-shiba-mau-nau.png,images_variants/beach/contrasted.png,0,cross_image,17
images/cho-shiba-mau-nau.png,images_variants/beach/filtered.png,0,cross_image,18
images/cho-shiba-mau-nau.png,images_variants/beach/channel_shifted.png,0,cross_image,17
images/cho-shiba-mau-nau.png,images_variants/beach/cropped10.png,0,cross_image,14
images/cho-shiba-mau-nau.png,images_variants/beach/cropped20.png,0,cross_image,14
images/cho-shiba-mau-nau.png,images_variants/beach/cropped30.png,0,cross_image,14
images/cho-shiba-mau-nau.png,images_variants/beach/quality_adjusted_20.jpg,0,cross_image,18
images/cho-shiba-mau-nau.png,images_variants/beach/quality_adjusted_50.jpg,0,cross_image,18
images/cho-shiba-mau-nau.png,images_variants/beach/quality_adjusted_80.jpg,0,cross_image,18
images/beach.jpg,images/corgi.jpg,0,cross_image,22
images/beach.jpg,images_variants/corgi/altered.png,0,cross_image,23
images/beach.jpg,images_variants/corgi/grayscale.png,0,cross_image,22
images/beach.jpg,images_variants/corgi/covered.png,0,cross_image,32
images/beach.jpg,images_variants/corgi/dropout.png,0,cross_image,33
images/beach.jpg,images_variants/corgi/blurred.png,0,cross_image,22
images/beach.jpg,images_variants/corgi/brightened.png,0,cross_image,23
images/beach.jpg,images_variants/corgi/darkened.png,0,cross_image,22
images/beach.jpg,images_variants/corgi/resized.png,0,cross_image,23
images/beach.jpg,images_variants/corgi/resized_up.png,0,cross_image,22
images/beach.jpg,images_variants/corgi/contrasted.png,0,cross_image,23
images/beach.jpg,images_variants/corgi/filtered.png,0,cross_image,22
images/beach.jpg,images_variants/corgi/channel_shifted.png,0,cross_image,29
images/beach.jpg,images_variants/corgi/cropped10.png,0,cross_image,26
images/beach.jpg,images_variants/corgi/cropped20.png,0,cross_image,30
images/beach.jpg,images_variants/corgi/cropped30.png,0,cross_image,35
images/beach.jpg,images_variants/corgi/quality_adjusted_20.jpg,0,cross_image,22
images/beach.jpg,images_variants/corgi/quality_adjusted_50.jpg,0,cross_image,22
images/beach.jpg,images_variants/corgi/quality_adjusted_80.jpg,0,cross_image,22
images/corgi.jpg,images_variants/beach/altered.png,0,cross_image,22
images/corgi.jpg,images_variants/beach/grayscale.png,0,cross_image,22
images/corgi.jpg,images_variants/beach/covered.png,0,cross_image,22
images/corgi.jpg,images_variants/beach/dropout.png,0,cross_image,24
images/corgi.jpg,images_variants/beach/blurred.png,0,cross_image,22
images/corgi.jpg,images_variants/beach/brightened.png,0,cross_image,22
images/corgi.jpg,images_variants/beach/darkened.png,0,cross_image,22
images/corgi.jpg,images_variants/beach/resized.png,0,cross_image,22
images/corgi.jpg,images_variants/beach/resized_up.png,0,cross_image,22
images/corgi.jpg,images_variants/beach/contrasted.png,0,cross_image,23
images/corgi.jpg,images_variants/beach/filtered.png,0,cross_image,22
images/corgi.jpg,images_variants/beach/channel_shifted.png,0,cross_image,23
images/corgi.jpg,images_variants/beach/cropped10.png,0,cross_image,24
images/corgi.jpg,images_variants/beach/cropped20.png,0,cross_image,24
images/corgi.jpg,images_variants/beach/cropped30.png,0,cross_image,24
images/corgi.jpg,images_variants/beach/quality_adjusted_20.jpg,0,cross_image,22
images/corgi.jpg,images_variants/beach/quality_adjusted_50.jpg,0,cross_image,22
images/corgi.jpg,images_variants/beach/quality_adjusted_80.jpg,0,cross_image,22
images/beach.jpg,images/db10fa12e5d8164680ffd17b1b64fc1f.jpg,0,cross_image,42
images/beach.jpg,images_variants/db10fa12e5d8164680ffd17b1b64fc1f/altered.png,0,cross_image,42
images/beach.jpg,images_variants/db10fa12e5d8164680ffd17b1b64fc1f/grayscale.png,0,cross_image,42
images/beach.jpg,images_variants/db10fa12e5d8164680ffd17b1b64fc1f/covered.png,0,cross_image,40
images/beach.jpg,images_variants/db10fa12e5d8164680ffd17b1b64fc1f/dropout.png,0,cross_image,36
images/beach.jpg,images_variants/db10fa12e5d8164680ffd17b1b64fc1f/blurred.png,0,cross_image,43
images/beach.jpg,images_variants/db10fa12e5d8164680ffd17b1b64fc1f/brightened.png,0,cross_image,41
images/beach.jpg,images_variants/db10fa12e5d8164680ffd17b1b64fc1f/darkened.png,0,cross_image,41
images/beach.jpg,images_variants/db10fa12e5d8164680ffd17b1b64fc1f/resized.png,0,cross_image,42
images/beach.jpg,images_variants/db10fa12e5d8164680ffd17b1b64fc1f/resized_up.png,0,cross_image,42
images/beach.jpg,images_variants/db10fa12e5d8164680ffd17b1b64fc1f/contrasted.png,0,cross_image,40
images/beach.jpg,images_variants/db10fa12e5d8164680ffd17b1b64fc1f/filtered.png,0,cross_image,42
images/beach.jpg,images_variants/db10fa12e5d8164680ffd17b1b64fc1f/channel_shifted.png,0,cross_image,41
images/beach.jpg,images_variants/db10fa12e5d8164680ffd17b1b64fc1f/cropped10.png,0,cross_image,38
images/beach.jpg,images_variants/db10fa12e5d8164680ffd17b1b64fc1f/cropped20.png,0,cross_image,30
images/beach.jpg,images_variants/db10fa12e5d8164680ffd17b1b64fc1f/cropped30.png,0,cross_image,30
images/beach.jpg,images_variants/db10fa12e5d8164680ffd17b1b64fc1f/quality_adjusted_20.jpg,0,cross_image,41
images/beach.jpg,images_variants/db10fa12e5d8164680ffd17b1b64fc1f/quality_adjusted_50.jpg,0,cross_image,42
images/beach.jpg,images_variants/db10fa12e5d8164680ffd17b1b64fc1f/quality_adjusted_80.jpg,0,cross_image,42
images/db10fa12e5d8164680ffd17b1b64fc1f.jpg,images_variants/beach/altered.png,0,cross_image,42
images/db10fa12e5d8164680ffd17b1b64fc1f.jpg,images_variants/beach/grayscale.png,0,cross_image,42
images/db10fa12e5d8164680ffd17b1b64fc1f.jpg,images_variants/beach/covered.png,0,cross_image,44
images/db10fa12e5d8164680ffd17b1b64fc1f.jpg,images_variants/beach/dropout.png,0,cross_image,38
images/db10fa12e5d8164680ffd17b1b64fc1f.jpg,images_variants/beach/blurred.png,0,cross_image,42
images/db10fa12e5d8164680ffd17b1b64fc1f.jpg,images_variants/beach/brightened.png,0,cross_image,40
images/db10fa12e5d8164680ffd17b1b64fc1f.jpg,images_variants/beach/darkened.png,0,cross_image,42
images/db10fa12e5d8164680ffd17b1b64fc1f.jpg,images_variants/beach/resized.png,0,cross_image,42
images/db10fa12e5d8164680ffd17b1b64fc1f.jpg,images_variants/beach/resized_up.png,0,cross_image,42
images/db10fa12e5d8164680ffd17b1b64fc1f.jpg,images_variants/beach/contrasted.png,0,cross_image,41
images/db10fa12e5d8164680ffd17b1b64fc1f.jpg,images_variants/beach/filtered.png,0,cross_image,42
images/db10fa12e5d8164680ffd17b1b64fc1f.jpg,images_variants/beach/channel_shifted.png,0,cross_image,41
images/db10fa12e5d8164680ffd17b1b64fc1f.jpg,images_variants/beach/cropped10.png,0,cross_image,40
images/db10fa12e5d8164680ffd17b1b64fc1f.jpg,images_variants/beach/cropped20.png,0,cross_image,38
images/db10fa12e5d8164680ffd17b1b64fc1f.jpg,images_variants/beach/cropped30.png,0,cross_image,38
images/db10fa12e5d8164680ffd17b1b64fc1f.jpg,images_variants/beach/quality_adjusted_20.jpg,0,cross_image,42
images/db10fa12e5d8164680ffd17b1b64fc1f.jpg,images_variants/beach/quality_adjusted_50.jpg,0,cross_image,42
images/db10fa12e5d8164680ffd17b1b64fc1f.jpg,images_variants/beach/quality_adjusted_80.jpg,0,cross_image,42
images/beach.jpg,images/dragon-bridge.png,0,cross_image,31
images/beach.jpg,images_variants/dragon-bridge/altered.png,0,cross_image,34
images/beach.jpg,images_variants/dragon-bridge/grayscale.png,0,cross_image,31
images/beach.jpg,images_variants/dragon-bridge/covered.png,0,cross_image,28
images/beach.jpg,images_variants/dragon-bridge/dropout.png,0,cross_image,32
images/beach.jpg,images_variants/dragon-bridge/blurred.png,0,cross_image,31
images/beach.jpg,images_variants/dragon-bridge/brightened.png,0,cross_image,32
images/beach.jpg,images_variants/dragon-bridge/darkened.png,0,cross_image,31
images/beach.jpg,images_variants/dragon-bridge/resized.png,0,cross_image,31
images/beach.jpg,images_variants/dragon-bridge/resized_up.png,0,cross_image,31
images/beach.jpg,images_variants/dragon-bridge/contrasted.png,0,cross_image,34
images/beach.jpg,images_variants/dragon-bridge/filtered.png,0,cross_image,33
images/beach.jpg,images_variants/dragon-bridge/channel_shifted.png,0,cross_image,31
images/beach.jpg,images_variants/dragon-bridge/cropped10.png,0,cross_image,37
images/beach.jpg,images_variants/dragon-bridge/cropped20.png,0,cross_image,37
images/beach.jpg,images_variants/dragon-bridge/cropped30.png,0,cross_image,39
images/beach.jpg,images_variants/dragon-bridge/quality_adjusted_20.jpg,0,cross_image,31
images/beach.jpg,images_variants/dragon-bridge/quality_adjusted_50.jpg,0,cross_image,31
images/beach.jpg,images_variants/dragon-bridge/quality_adjusted_80.jpg,0,cross_image,31
images/dragon-bridge.png,images_variants/beach/altered.png,0,cross_image,31
images/dragon-bridge.png,images_variants/beach/grayscale.png,0,cross_image,31
images/dragon-bridge.png,images_variants/beach/covered.png,0,cross_image,31
images/dragon-bridge.png,images_variants/beach/dropout.png,0,cross_image,29
images/dragon-bridge.png,images_variants/beach/blurred.png,0,cross_image,31
images/dragon-bridge.png,images_variants/beach/brightened.png,0,cross_image,29
images/dragon-bridge.png,images_variants/beach/darkened.png,0,cross_image,31
images/dragon-bridge.png,images_variants/beach/resized.png,0,cross_image,31
images/dragon-bridge.png,images_variants/beach/resized_up.png,0,cross_image,31
images/dragon-bridge.png,images_variants/beach/contrasted.png,0,cross_image,30
images/dragon-bridge.png,images_variants/beach/filtered.png,0,cross_image,31
images/dragon-bridge.png,images_variants/beach/channel_shifted.png,0,cross_image,32
images/dragon-bridge.png,images_variants/beach/cropped10.png,0,cross_image,33
images/dragon-bridge.png,images_variants/beach/cropped20.png,0,cross_image,29
images/dragon-bridge.png,images_variants/beach/cropped30.png,0,cross_image,29
images/dragon-bridge.png,images_variants/beach/quality_adjusted_20.jpg,0,cross_image,31
images/dragon-bridge.png,images_variants/beach/quality_adjusted_50.jpg,0,cross_image,31
images/dragon-bridge.png,images_variants/beach/quality_adjusted_80.jpg,0,cross_image,31
images/beach.jpg,images/golden_bridge.webp,0,cross_image,14
images/beach.jpg,images_variants/golden_bridge/altered.png,0,cross_image,14
images/beach.jpg,images_variants/golden_bridge/grayscale.png,0,cross_image,14
images/beach.jpg,images_variants/golden_bridge/covered.png,0,cross_image,14
images/beach.jpg,images_variants/golden_bridge/dropout.png,0,cross_image,13
images/beach.jpg,images_variants/golden_bridge/blurred.png,0,cross_image,14
images/beach.jpg,images_variants/golden_bridge/brightened.png,0,cross_image,13
images/beach.jpg,images_variants/golden_bridge/darkened.png,0,cross_image,14
images/beach.jpg,images_variants/golden_bridge/resized.png,0,cross_image,14
images/beach.jpg,images_variants/golden_bridge/resized_up.png,0,cross_image,14
images/beach.jpg,images_variants/golden_bridge/contrasted.png,0,cross_image,14
images/beach.jpg,images_variants/golden_bridge/filtered.png,0,cross_image,14
images/beach.jpg,images_variants/golden_bridge/channel_shifted.png,0,cross_image,13
images/beach.jpg,images_variants/golden_bridge/cropped10.png,0,cross_image,16
images/beach.jpg,images_variants/golden_bridge/cropped20.png,0,cross_image,17
images/beach.jpg,images_variants/golden_bridge/cropped30.png,0,cross_image,16
images/beach.jpg,images_variants/golden_bridge/quality_adjusted_20.jpg,0,cross_image,14
images/beach.jpg,images_variants/golden_bridge/quality_adjusted_50.jpg,0,cross_image,14
images/beach.jpg,images_variants/golden_bridge/quality_adjusted_80.jpg,0,cross_image,14
images/golden_bridge.webp,images_variants/beach/altered.png,0,cross_image,14
images/golden_bridge.webp,images_variants/beach/grayscale.png,0,cross_image,14
images/golden_bridge.webp,images_variants/beach/covered.png,0,cross_image,10
images/golden_bridge.webp,images_variants/beach/dropout.png,0,cross_image,14
images/golden_bridge.webp,images_variants/beach/blurred.png,0,cross_image,14
images/golden_bridge.webp,images_variants/beach/brightened.png,0,cross_image,12
images/golden_bridge.webp,images_variants/beach/darkened.png,0,cross_image,14
images/golden_bridge.webp,images_variants/beach/resized.png,0,cross_image,14
images/golden_bridge.webp,images_variants/beach/resized_up.png,0,cross_image,14
images/golden_bridge.webp,images_variants/beach/contrasted.png,0,cross_image,15
images/golden_bridge.webp,images_variants/beach/filtered.png,0,cross_image,14
images/golden_bridge.webp,images_variants/beach/channel_shifted.png,0,cross_image,13
images/golden_bridge.webp,images_variants/beach/cropped10.png,0,cross_image,16
images/golden_bridge.webp,images_variants/beach/cropped20.png,0,cross_image,16
images/golden_bridge.webp,images_variants/beach/cropped30.png,0,cross_image,18
images/golden_bridge.webp,images_variants/beach/quality_adjusted_20.jpg,0,cross_image,14
images/golden_bridge.webp,images_variants/beach/quality_adjusted_50.jpg,0,cross_image,14
images/golden_bridge.webp,images_variants/beach/quality_adjusted_80.jpg,0,cross_image,14
images/beach.jpg,images/images.jpg,0,cross_image,33
images/beach.jpg,images_variants/images/altered.png,0,cross_image,34
images/beach.jpg,images_variants/images/grayscale.png,0,cross_image,33
images/beach.jpg,images_variants/images/covered.png,0,cross_image,38
images/beach.jpg,images_variants/images/dropout.png,0,cross_image,37
images/beach.jpg,images_variants/images/blurred.png,0,cross_image,33
images/beach.jpg,images_variants/images/brightened.png,0,cross_image,37
images/beach.jpg,images_variants/images/darkened.png,0,cross_image,34
images/beach.jpg,images_variants/images/resized.png,0,cross_image,33
images/beach.jpg,images_variants/images/resized_up.png,0,cross_image,33
images/beach.jpg,images_variants/images/contrasted.png,0,cross_image,34
images/beach.jpg,images_variants/images/filtered.png,0,cross_image,33
images/beach.jpg,images_variants/images/channel_shifted.png,0,cross_image,32
images/beach.jpg,images_variants/images/cropped10.png,0,cross_image,34
images/beach.jpg,images_variants/images/cropped20.png,0,cross_image,30
images/beach.jpg,images_variants/images/cropped30.png,0,cross_image,29
images/beach.jpg,images_variants/images/quality_adjusted_20.jpg,0,cross_image,33
images/beach.jpg,images_variants/images/quality_adjusted_50.jpg,0,cross_image,33
images/beach.jpg,images_variants/images/quality_adjusted_80.jpg,0,cross_image,33
images/images.jpg,images_variants/beach/altered.png,0,cross_image,33
images/images.jpg,images_variants/beach/grayscale.png,0,cross_image,33
images/images.jpg,images_variants/beach/covered.png,0,cross_image,37
images/images.jpg,images_variants/beach/dropout.png,0,cross_image,31
images/images.jpg,images_variants/beach/blurred.png,0,cross_image,33
images/images.jpg,images_variants/beach/brightened.png,0,cross_image,33
images/images.jpg,images_variants/beach/darkened.png,0,cross_image,33
images/images.jpg,images_variants/beach/resized.png,0,cross_image,33
images/images.jpg,images_variants/beach/resized_up.png,0,cross_image,33
images/images.jpg,images_variants/beach/contrasted.png,0,cross_image,34
images/images.jpg,images_variants/beach/filtered.png,0,cross_image,33
images/images.jpg,images_variants/beach/channel_shifted.png,0,cross_image,32
images/images.jpg,images_variants/beach/cropped10.png,0,cross_image,29
images/images.jpg,images_variants/beach/cropped20.png,0,cross_image,33
images/images.jpg,images_variants/beach/cropped30.png,0,cross_image,25
images/images.jpg,images_variants/beach/quality_adjusted_20.jpg,0,cross_image,33
images/images.jpg,images_variants/beach/quality_adjusted_50.jpg,0,cross_image,33
images/images.jpg,images_variants/beach/quality_adjusted_80.jpg,0,cross_image,33
images/beach.jpg,images/IMG_5480-1-960x600.jpeg,0,cross_image,33
images/beach.jpg,images_variants/IMG_5480-1-960x600/altered.png,0,cross_image,33
images/beach.jpg,images_variants/IMG_5480-1-960x600/grayscale.png,0,cross_image,33
images/beach.jpg,images_variants/IMG_5480-1-960x600/covered.png,0,cross_image,29
images/beach.jpg,images_variants/IMG_5480-1-960x600/dropout.png,0,cross_image,34
images/beach.jpg,images_variants/IMG_5480-1-960x600/blurred.png,0,cross_image,33
images/beach.jpg,images_variants/IMG_5480-1-960x600/brightened.png,0,cross_image,32
images/beach.jpg,images_variants/IMG_5480-1-960x600/darkened.png,0,cross_image,33
images/beach.jpg,images_variants/IMG_5480-1-960x600/resized.png,0,cross_image,33
images/beach.jpg,images_variants/IMG_5480-1-960x600/resized_up.png,0,cross_image,33
images/beach.jpg,images_variants/IMG_5480-1-960x600/contrasted.png,0,cross_image,33
images/beach.jpg,images_variants/IMG_5480-1-960x600/filtered.png,0,cross_image,33
images/beach.jpg,images_variants/IMG_5480-1-960x600/channel_shifted.png,0,cross_image,34
images/beach.jpg,images_variants/IMG_5480-1-960x600/cropped10.png,0,cross_image,36
images/beach.jpg,images_variants/IMG_5480-1-960x600/cropped20.png,0,cross_image,36
images/beach.jpg,images_variants/IMG_5480-1-960x600/cropped30.png,0,cross_image,39
images/beach.jpg,images_variants/IMG_5480-1-960x600/quality_adjusted_20.jpg,0,cross_image,33
images/beach.jpg,images_variants/IMG_5480-1-960x600/quality_adjusted_50.jpg,0,cross_image,33
images/beach.jpg,images_variants/IMG_5480-1-960x600/quality_adjusted_80.jpg,0,cross_image,33
images/IMG_5480-1-960x600.jpeg,images_variants/beach/altered.png,0,cross_image,33
images/IMG_5480-1-960x600.jpeg,images_variants/beach/grayscale.png,0,cross_image,33
images/IMG_5480-1-960x600.jpeg,images_variants/beach/covered.png,0,cross_image,31
images/IMG_5480-1-960x600.jpeg,images_variants/beach/dropout.png,0,cross_image,33
images/IMG_5480-1-960x600.jpeg,images_variants/beach/blurred.png,0,cross_image,33
images/IMG_5480-1-960x600.jpeg,images_variants/beach/brightened.png,0,cross_image,33
images/IMG_5480-1-960x600.jpeg,images_variants/beach/darkened.png,0,cross_image,33
images/IMG_5480-1-960x600.jpeg,images_variants/beach/resized.png,0,cross_image,33
images/IMG_5480-1-960x600.jpeg,images_variants/beach/resized_up.png,0,cross_image,33
images/IMG_5480-1-960x600.jpeg,images_variants/beach/contrasted.png,0,cross_image,32
images/IMG_5480-1-960x600.jpeg,images_variants/beach/filtered.png,0,cross_image,33
images/IMG_5480-1-960x600.jpeg,images_variants/beach/channel_shifted.png,0,cross_image,36
images/IMG_5480-1-960x600.jpeg,images_variants/beach/cropped10.png,0,cross_image,35
images/IMG_5480-1-960x600.jpeg,images_variants/beach/cropped20.png,0,cross_image,35
images/IMG_5480-1-960x600.jpeg,images_variants/beach/cropped30.png,0,cross_image,31
images/IMG_5480-1-960x600.jpeg,images_variants/beach/quality_adjusted_20.jpg,0,cross_image,33
images/IMG_5480-1-960x600.jpeg,images_variants/beach/quality_adjusted_50.jpg,0,cross_image,33
images/IMG_5480-1-960x600.jpeg,images_variants/beach/quality_adjusted_80.jpg,0,cross_image,33
images/beach.jpg,images/shiba-da-nang.png,0,cross_image,31
images/beach.jpg,images_variants/shiba-da-nang/altered.png,0,cross_image,31
images/beach.jpg,images_variants/shiba-da-nang/grayscale.png,0,cross_image,31
images/beach.jpg,images_variants/shiba-da-nang/covered.png,0,cross_image,28
images/beach.jpg,images_variants/shiba-da-nang/dropout.png,0,cross_image,31
images/beach.jpg,images_variants/shiba-da-nang/blurred.png,0,cross_image,31
images/beach.jpg,images_variants/shiba-da-nang/brightened.png,0,cross_image,36
images/beach.jpg,images_variants/shiba-da-nang/darkened.png,0,cross_image,31
images/beach.jpg,images_variants/shiba-da-nang/resized.png,0,cross_image,31
images/beach.jpg,images_variants/shiba-da-nang/resized_up.png,0,cross_image,31
images/beach.jpg,images_variants/shiba-da-nang/contrasted.png,0,cross_image,31
images/beach.jpg,images_variants/shiba-da-nang/filtered.png,0,cross_image,31
images/beach.jpg,images_variants/shiba-da-nang/channel_shifted.png,0,cross_image,34
images/beach.jpg,images_variants/shiba-da-nang/cropped10.png,0,cross_image,30
images/beach.jpg,images_variants/shiba-da-nang/cropped20.png,0,cross_image,30
images/beach.jpg,images_variants/shiba-da-nang/cropped30.png,0,cross_image,31
images/beach.jpg,images_variants/shiba-da-nang/quality_adjusted_20.jpg,0,cross_image,31
images/beach.jpg,images_variants/shiba-da-nang/quality_adjusted_50.jpg,0,cross_image,31
images/beach.jpg,images_variants/shiba-da-nang/quality_adjusted_80.jpg,0,cross_image,31
images/shiba-da-nang.png,images_variants/beach/altered.png,0,cross_image,31
images/shiba-da-nang.png,images_variants/beach/grayscale.png,0,cross_image,31
images/shiba-da-nang.png,images_variants/beach/covered.png,0,cross_image,35
images/shiba-da-nang.png,images_variants/beach/dropout.png,0,cross_image,25
images/shiba-da-nang.png,images_variants/beach/blurred.png,0,cross_image,31
images/shiba-da-nang.png,images_variants/beach/brightened.png,0,cross_image,31
images/shiba-da-nang.png,images_variants/beach/darkened.png,0,cross_image,31
images/shiba-da-nang.png,images_variants/beach/resized.png,0,cross_image,31
images/shiba-da-nang.png,images_variants/beach/resized_up.png,0,cross_image,31
images/shiba-da-nang.png,images_variants/beach/contrasted.png,0,cross_image,30
images/shiba-da-nang.png,images_variants/beach/filtered.png,0,cross_image,31
images/shiba-da-nang.png,images_variants/beach/channel_shifted.png,0,cross_image,30
images/shiba-da-nang.png,images_variants/beach/cropped10.png,0,cross_image,27
images/shiba-da-nang.png,images_variants/beach/cropped20.png,0,cross_image,25
images/shiba-da-nang.png,images_variants/beach/cropped30.png,0,cross_image,25
images/shiba-da-nang.png,images_variants/beach/quality_adjusted_20.jpg,0,cross_image,31
images/shiba-da-nang.png,images_variants/beach/quality_adjusted_50.jpg,0,cross_image,31
images/shiba-da-nang.png,images_variants/beach/quality_adjusted_80.jpg,0,cross_image,31
images/beach.jpg,images/Shiba.jpg,0,cross_image,36
images/beach.jpg,images_variants/Shiba/altered.png,0,cross_image,36
images/beach.jpg,images_variants/Shiba/grayscale.png,0,cross_image,36
images/beach.jpg,images_variants/Shiba/covered.png,0,cross_image,34
images/beach.jpg,images_variants/Shiba/dropout.png,0,cross_image,35
images/beach.jpg,images_variants/Shiba/blurred.png,0,cross_image,36
images/beach.jpg,images_variants/Shiba/brightened.png,0,cross_image,35
images/beach.jpg,images_variants/Shiba/darkened.png,0,cross_image,36
images/beach.jpg,images_variants/Shiba/resized.png,0,cross_image,36
images/beach.jpg,images_variants/Shiba/resized_up.png,0,cross_image,36
images/beach.jpg,images_variants/Shiba/contrasted.png,0,cross_image,36
images/beach.jpg,images_variants/Shiba/filtered.png,0,cross_image,36
images/beach.jpg,images_variants/Shiba/channel_shifted.png,0,cross_image,36
images/beach.jpg,images_variants/Shiba/cropped10.png,0,cross_image,40
images/beach.jpg,images_variants/Shiba/cropped20.png,0,cross_image,45
images/beach.jpg,images_variants/Shiba/cropped30.png,0,cross_image,48
images/beach.jpg,images_variants/Shiba/quality_adjusted_20.jpg,0,cross_image,36
images/beach.jpg,images_variants/Shiba/quality_adjusted_50.jpg,0,cross_image,36
images/beach.jpg,images_variants/Shiba/quality_adjusted_80.jpg,0,cross_image,36
images/Shiba.jpg,images_variants/beach/altered.png,0,cross_image,36
images/Shiba.jpg,images_variants/beach/grayscale.png,0,cross_image,36
images/Shiba.jpg,images_variants/beach/covered.png,0,cross_image,34
images/Shiba.jpg,images_variants/beach/dropout.png,0,cross_image,36
images/Shiba.jpg,images_variants/beach/blurred.png,0,cross_image,36
images/Shiba.jpg,images_variants/beach/brightened.png,0,cross_image,36
images/Shiba.jpg,images_variants/beach/darkened.png,0,cross_image,36
images/Shiba.jpg,images_variants/beach/resized.png,0,cross_image,36
images/Shiba.jpg,images_variants/beach/resized_up.png,0,cross_image,36
images/Shiba.jpg,images_variants/beach/contrasted.png,0,cross_image,35
images/Shiba.jpg,images_variants/beach/filtered.png,0,cross_image,36
images/Shiba.jpg,images_variants/beach/channel_shifted.png,0,cross_image,39
images/Shiba.jpg,images_variants/beach/cropped10.png,0,cross_image,36
images/Shiba.jpg,images_variants/beach/cropped20.png,0,cross_image,34
images/Shiba.jpg,images_variants/beach/cropped30.png,0,cross_image,32
images/Shiba.jpg,images_variants/beach/quality_adjusted_20.jpg,0,cross_image,36
images/Shiba.jpg,images_variants/beach/quality_adjusted_50.jpg,0,cross_image,36
images/Shiba.jpg,images_variants/beach/quality_adjusted_80.jpg,0,cross_image,36
images/beach.jpg,images/threecolorcorgi.jpg,0,cross_image,31
images/beach.jpg,images_variants/threecolorcorgi/altered.png,0,cross_image,32
images/beach.jpg,images_variants/threecolorcorgi/grayscale.png,0,cross_image,31
images/beach.jpg,images_variants/threecolorcorgi/covered.png,0,cross_image,29
images/beach.jpg,images_variants/threecolorcorgi/dropout.png,0,cross_image,33
images/beach.jpg,images_variants/threecolorcorgi/blurred.png,0,cross_image,31
images/beach.jpg,images_variants/threecolorcorgi/brightened.png,0,cross_image,29
images/beach.jpg,images_variants/threecolorcorgi/darkened.png,0,cross_image,31
images/beach.jpg,images_variants/threecolorcorgi/resized.png,0,cross_image,31
images/beach.jpg,images_variants/threecolorcorgi/resized_up.png,0,cross_image,31
images/beach.jpg,images_variants/threecolorcorgi/contrasted.png,0,cross_image,35
images/beach.jpg,images_variants/threecolorcorgi/filtered.png,0,cross_image,32
images/beach.jpg,images_variants/threecolorcorgi/channel_shifted.png,0,cross_image,31
images/beach.jpg,images_variants/threecolorcorgi/cropped10.png,0,cross_image,32
images/beach.jpg,images_variants/threecolorcorgi/cropped20.png,0,cross_image,33
images/beach.jpg,images_variants/threecolorcorgi/cropped30.png,0,cross_image,37
images/beach.jpg,images_variants/threecolorcorgi/quality_adjusted_20.jpg,0,cross_image,32
images/beach.jpg,images_variants/threecolorcorgi/quality_adjusted_50.jpg,0,cross_image,31
images/beach.jpg,images_variants/threecolorcorgi/quality_adjusted_80.jpg,0,cross_image,31
images/threecolorcorgi.jpg,images_variants/beach/altered.png,0,cross_image,31
images/threecolorcorgi.jpg,images_variants/beach/grayscale.png,0,cross_image,31
images/threecolorcorgi.jpg,images_variants/beach/covered.png,0,cross_image,31
images/threecolorcorgi.jpg,images_variants/beach/dropout.png,0,cross_image,35
images/threecolorcorgi.jpg,images_variants/beach/blurred.png,0,cross_image,31
images/threecolorcorgi.jpg,images_variants/beach/brightened.png,0,cross_image,33
images/threecolorcorgi.jpg,images_variants/beach/darkened.png,0,cross_image,31
images/threecolorcorgi.jpg,images_variants/beach/resized.png,0,cross_image,31
images/threecolorcorgi.jpg,images_variants/beach/resized_up.png,0,cross_image,31
images/threecolorcorgi.jpg,images_variants/beach/contrasted.png,0,cross_image,30
images/threecolorcorgi.jpg,images_variants/beach/filtered.png,0,cross_image,31
images/threecolorcorgi.jpg,images_variants/beach/channel_shifted.png,0,cross_image,34
images/threecolorcorgi.jpg,images_variants/beach/cropped10.png,0,cross_image,33
images/threecolorcorgi.jpg,images_variants/beach/cropped20.png,0,cross_image,35
images/threecolorcorgi.jpg,images_variants/beach/cropped30.png,0,cross_image,37
images/threecolorcorgi.jpg,images_variants/beach/quality_adjusted_20.jpg,0,cross_image,31
images/threecolorcorgi.jpg,images_variants/beach/quality_adjusted_50.jpg,0,cross_image,31
images/threecolorcorgi.jpg,images_variants/beach/quality_adjusted_80.jpg,0,cross_image,31
images/cho-shiba-mau-nau.png,images/corgi.jpg,0,cross_image,26
images/cho-shiba-mau-nau.png,images_variants/corgi/altered.png,0,cross_image,25
images/cho-shiba-mau-nau.png,images_variants/corgi/grayscale.png,0,cross_image,26
images/cho-shiba-mau-nau.png,images_variants/corgi/covered.png,0,cross_image,30
images/cho-shiba-mau-nau.png,images_variants/corgi/dropout.png,0,cross_image,33
images/cho-shiba-mau-nau.png,images_variants/corgi/blurred.png,0,cross_image,26
images/cho-shiba-mau-nau.png,images_variants/corgi/brightened.png,0,cross_image,23
images/cho-shiba-mau-nau.png,images_variants/corgi/darkened.png,0,cross_image,26
images/cho-shiba-mau-nau.png,images_variants/corgi/resized.png,0,cross_image,27
images/cho-shiba-mau-nau.png,images_variants/corgi/resized_up.png,0,cross_image,26
images/cho-shiba-mau-nau.png,images_variants/corgi/contrasted.png,0,cross_image,27
images/cho-shiba-mau-nau.png,images_variants/corgi/filtered.png,0,cross_image,26
images/cho-shiba-mau-nau.png,images_variants/corgi/channel_shifted.png,0,cross_image,35
images/cho-shiba-mau-nau.png,images_variants/corgi/cropped10.png,0,cross_image,26
images/cho-shiba-mau-nau.png,images_variants/corgi/cropped20.png,0,cross_image,32
images/cho-shiba-mau-nau.png,images_variants/corgi/cropped30.png,0,cross_image,37
images/cho-shiba-mau-nau.png,images_variants/corgi/quality_adjusted_20.jpg,0,cross_image,26
images/cho-shiba-mau-nau.png,images_variants/corgi/quality_adjusted_50.jpg,0,cross_image,26
images/cho-shiba-mau-nau.png,images_variants/corgi/quality_adjusted_80.jpg,0,cross_image,26
images/corgi.jpg,images_variants/cho-shiba-mau-nau/altered.png,0,cross_image,26
images/corgi.jpg,images_variants/cho-shiba-mau-nau/grayscale.png,0,cross_image,26
images/corgi.jpg,images_variants/cho-shiba-mau-nau/covered.png,0,cross_image,23
images/corgi.jpg,images_variants/cho-shiba-mau-nau/dropout.png,0,cross_image,26
images/corgi.jpg,images_variants/cho-shiba-mau-nau/blurred.png,0,cross_image,26
images/corgi.jpg,images_variants/cho-shiba-mau-nau/brightened.png,0,cross_image,23
images/corgi.jpg,images_variants/cho-shiba-mau-nau/darkened.png,0,cross_image,26
images/corgi.jpg,images_variants/cho-shiba-mau-nau/resized.png,0,cross_image,26
images/corgi.jpg,images_variants/cho-shiba-mau-nau/resized_up.png,0,cross_image,26
images/corgi.jpg,images_variants/cho-shiba-mau-nau/contrasted.png,0,cross_image,26
images/corgi.jpg,images_variants/cho-shiba-mau-nau/filtered.png,0,cross_image,25
images/corgi.jpg,images_variants/cho-shiba-mau-nau/channel_shifted.png,0,cross_image,26
images/corgi.jpg,images_variants/cho-shiba-mau-nau/cropped10.png,0,cross_image,25
images/corgi.jpg,images_variants/cho-shiba-mau-nau/cropped20.png,0,cross_image,26
images/corgi.jpg,images_variants/cho-shiba-mau-nau/cropped30.png,0,cross_image,29
images/corgi.jpg,images_variants/cho-shiba-mau-nau/quality_adjusted_20.jpg,0,cross_image,26
images/corgi.jpg,images_variants/cho-shiba-mau-nau/quality_adjusted_50.jpg,0,cross_image,26
images/corgi.jpg,images_variants/cho-shiba-mau-nau/quality_adjusted_80.jpg,0,cross_image,26
images/cho-shiba-mau-nau.png,images/db10fa12e5d8164680ffd17b1b64fc1f.jpg,0,cross_image,38
images/cho-shiba-mau-nau.png,images_variants/db10fa12e5d8164680ffd17b1b64fc1f/altered.png,0,cross_image,38
images/cho-shiba-mau-nau.png,images_variants/db10fa12e5d8164680ffd17b1b64fc1f/grayscale.png,0,cross_image,38
images/cho-shiba-mau-nau.png,images_variants/db10fa12e5d8164680ffd17b1b64fc1f/covered.png,0,cross_image,38
images/cho-shiba-mau-nau.png,images_variants/db10fa12e5d8164680ffd17b1b64fc1f/dropout.png,0,cross_image,32
images/cho-shiba-mau-nau.png,images_variants/db10fa12e5d8164680ffd17b1b64fc1f/blurred.png,0,cross_image,39
images/cho-shiba-mau-nau.png,images_variants/db10fa12e5d8164680ffd17b1b64fc1f/brightened.png,0,cross_image,39
images/cho-shiba-mau-nau.png,images_variants/db10fa12e5d8164680ffd17b1b64fc1f/darkened.png,0,cross_image,39
images/cho-shiba-mau-nau.png,images_variants/db10fa12e5d8164680ffd17b1b64fc1f/resized.png,0,cross_image,38
images/cho-shiba-mau-nau.png,images_variants/db10fa12e5d8164680ffd17b1b64fc1f/resized_up.png,0,cross_image,38
images/cho-shiba-mau-nau.png,images_variants/db10fa12e5d8164680ffd17b1b64fc1f/contrasted.png,0,cross_image,38
images/cho-shiba-mau-nau.png,images_variants/db10fa12e5d8164680ffd17b1b64fc1f/filtered.png,0,cross_image,38
images/cho-shiba-mau-nau.png,images_variants/db10fa12e5d8164680ffd17b1b64fc1f/channel_shifted.png,0,cross_image,39
images/cho-shiba-mau-nau.png,images_variants/db10fa12e5d8164680ffd17b1b64fc1f/cropped10.png,0,cross_image,36
images/cho-shiba-mau-nau.png,images_variants/db10fa12e5d8164680ffd17b1b64fc1f/cropped20.png,0,cross_image,34
images/cho-shiba-mau-nau.png,images_variants/db10fa12e5d8164680ffd17b1b64fc1f/cropped30.png,0,cross_image,42
images/cho-shiba-mau-nau.png,images_variants/db10fa12e5d8164680ffd17b1b64fc1f/quality_adjusted_20.jpg,0,cross_image,37
images/cho-shiba-mau-nau.png,images_variants/db10fa12e5d8164680ffd17b1b64fc1f/quality_adjusted_50.jpg,0,cross_image,38
images/cho-shiba-mau-nau.png,images_variants/db10fa12e5d8164680ffd17b1b64fc1f/quality_adjusted_80.jpg,0,cross_image,38
images/db10fa12e5d8164680ffd17b1b64fc1f.jpg,images_variants/cho-shiba-mau-nau/altered.png,0,cross_image,38
images/db10fa12e5d8164680ffd17b1b64fc1f.jpg,images_variants/cho-shiba-mau-nau/grayscale.png,0,cross_image,38
images/db10fa12e5d8164680ffd17b1b64fc1f.jpg,images_variants/cho-shiba-mau-nau/covered.png,0,cross_image,43
images/db10fa12e5d8164680ffd17b1b64fc1f.jpg,images_variants/cho-shiba-mau-nau/dropout.png,0,cross_image,42
images/db10fa12e5d8164680ffd17b1b64fc1f.jpg,images_variants/cho-shiba-mau-nau/blurred.png,0,cross_image,38
images/db10fa12e5d8164680ffd17b1b64fc1f.jpg,images_variants/cho-shiba-mau-nau/brightened.png,0,cross_image,41
images/db10fa12e5d8164680ffd17b1b64fc1f.jpg,images_variants/cho-shiba-mau-nau/darkened.png,0,cross_image,38
images/db10fa12e5d8164680ffd17b1b64fc1f.jpg,images_variants/cho-shiba-mau-nau/resized.png,0,cross_image,38
images/db10fa12e5d8164680ffd17b1b64fc1f.jpg,images_variants/cho-shiba-mau-nau/resized_up.png,0,cross_image,38
images/db10fa12e5d8164680ffd17b1b64fc1f.jpg,images_variants/cho-shiba-mau-nau/contrasted.png,0,cross_image,38
images/db10fa12e5d8164680ffd17b1b64fc1f.jpg,images_variants/cho-shiba-mau-nau/filtered.png,0,cross_image,39
images/db10fa12e5d8164680ffd17b1b64fc1f.jpg,images_variants/cho-shiba-mau-nau/channel_shifted.png,0,cross_image,38
images/db10fa12e5d8164680ffd17b1b64fc1f.jpg,images_variants/cho-shiba-mau-nau/cropped10.png,0,cross_image,37
images/db10fa12e5d8164680ffd17b1b64fc1f.jpg,images_variants/cho-shiba-mau-nau/cropped20.png,0,cross_image,38
images/db10fa12e5d8164680ffd17b1b64fc1f.jpg,images_variants/cho-shiba-mau-nau/cropped30.png,0,cross_image,37
images/db10fa12e5d8164680ffd17b1b64fc1f.jpg,images_variants/cho-shiba-mau-nau/quality_adjusted_20.jpg,0,cross_image,38
images/db10fa12e5d8164680ffd17b1b64fc1f.jpg,images_variants/cho-shiba-mau-nau/quality_adjusted_50.jpg,0,cross_image,38
images/db10fa12e5d8164680ffd17b1b64fc1f.jpg,images_variants/cho-shiba-mau-nau/quality_adjusted_80.jpg,0,cross_image,38
images/cho-shiba-mau-nau.png,images/dragon-bridge.png,0,cross_image,27
images/cho-shiba-mau-nau.png,images_variants/dragon-bridge/altered.png,0,cross_image,26
images/cho-shiba-mau-nau.png,images_variants/dragon-bridge/grayscale.png,0,cross_image,27
images/cho-shiba-mau-nau.png,images_variants/dragon-bridge/covered.png,0,cross_image,26
images/cho-shiba-mau-nau.png,images_variants/dragon-bridge/dropout.png,0,cross_image,26
images/cho-shiba-mau-nau.png,images_variants/dragon-bridge/blurred.png,0,cross_image,27
images/cho-shiba-mau-nau.png,images_variants/dragon-bridge/brightened.png,0,cross_image,26
images/cho-shiba-mau-nau.png,images_variants/dragon-bridge/darkened.png,0,cross_image,27
images/cho-shiba-mau-nau.png,images_variants/dragon-bridge/resized.png,0,cross_image,27
images/cho-shiba-mau-nau.png,images_variants/dragon-bridge/resized_up.png,0,cross_image,27
images/cho-shiba-mau-nau.png,images_variants/dragon-bridge/contrasted.png,0,cross_image,26
images/cho-shiba-mau-nau.png,images_variants/dragon-bridge/filtered.png,0,cross_image,25
images/cho-shiba-mau-nau.png,images_variants/dragon-bridge/channel_shifted.png,0,cross_image,27
images/cho-shiba-mau-nau.png,images_variants/dragon-bridge/cropped10.png,0,cross_image,25
images/cho-shiba-mau-nau.png,images_variants/dragon-bridge/cropped20.png,0,cross_image,27
images/cho-shiba-mau-nau.png,images_variants/dragon-bridge/cropped30.png,0,cross_image,31
images/cho-shiba-mau-nau.png,images_variants/dragon-bridge/quality_adjusted_20.jpg,0,cross_image,27
images/cho-shiba-mau-nau.png,images_variants/dragon-bridge/quality_adjusted_50.jpg,0,cross_image,27
images/cho-shiba-mau-nau.png,images_variants/dragon-bridge/quality_adjusted_80.jpg,0,cross_image,27
images/dragon-bridge.png,images_variants/cho-shiba-mau-nau/altered.png,0,cross_image,27
images/dragon-bridge.png,images_variants/cho-shiba-mau-nau/grayscale.png,0,cross_image,27
images/dragon-bridge.png,images_variants/cho-shiba-mau-nau/covered.png,0,cross_image,24
images/dragon-bridge.png,images_variants/cho-shiba-mau-nau/dropout.png,0,cross_image,27
images/dragon-bridge.png,images_variants/cho-shiba-mau-nau/blurred.png,0,cross_image,27
images/dragon-bridge.png,images_variants/cho-shiba-mau-nau/brightened.png,0,cross_image,24
images/dragon-bridge.png,images_variants/cho-shiba-mau-nau/darkened.png,0,cross_image,27
images/dragon-bridge.png,images_variants/cho-shiba-mau-nau/resized.png,0,cross_image,27
images/dragon-bridge.png,images_variants/cho-shiba-mau-nau/resized_up.png,0,cross_image,27
images/dragon-bridge.png,images_variants/cho-shiba-mau-nau/contrasted.png,0,cross_image,27
images/dragon-bridge.png,images_variants/cho-shiba-mau-nau/filtered.png,0,cross_image,26
images/dragon-bridge.png,images_variants/cho-shiba-mau-nau/channel_shifted.png,0,cross_image,23
images/dragon-bridge.png,images_variants/cho-shiba-mau-nau/cropped10.png,0,cross_image,30
images/dragon-bridge.png,images_variants/cho-shiba-mau-nau/cropped20.png,0,cross_image,35
images/dragon-bridge.png,images_variants/cho-shiba-mau-nau/cropped30.png,0,cross_image,42
images/dragon-bridge.png,images_variants/cho-shiba-mau-nau/quality_adjusted_20.jpg,0,cross_image,27
images/dragon-bridge.png,images_variants/cho-shiba-mau-nau/quality_adjusted_50.jpg,0,cross_image,27
images/dragon-bridge.png,images_variants/cho-shiba-mau-nau/quality_adjusted_80.jpg,0,cross_image,27
images/cho-shiba-mau-nau.png,images/golden_bridge.webp,0,cross_image,12
images/cho-shiba-mau-nau.png,images_variants/golden_bridge/altered.png,0,cross_image,12
images/cho-shiba-mau-nau.png,images_variants/golden_bridge/grayscale.png,0,cross_image,12
images/cho-shiba-mau-nau.png,images_variants/golden_bridge/covered.png,0,cross_image,16
images/cho-shiba-mau-nau.png,images_variants/golden_bridge/dropout.png,0,cross_image,15
images/cho-shiba-mau-nau.png,images_variants/golden_bridge/blurred.png,0,cross_image,12
images/cho-shiba-mau-nau.png,images_variants/golden_bridge/brightened.png,0,cross_image,15
images/cho-shiba-mau-nau.png,images_variants/golden_bridge/darkened.png,0,cross_image,12
images/cho-shiba-mau-nau.png,images_variants/golden_bridge/resized.png,0,cross_image,12
images/cho-shiba-mau-nau.png,images_variants/golden_bridge/resized_up.png,0,cross_image,12
images/cho-shiba-mau-nau.png,images_variants/golden_bridge/contrasted.png,0,cross_image,12
images/cho-shiba-mau-nau.png,images_variants/golden_bridge/filtered.png,0,cross_image,12
images/cho-shiba-mau-nau.png,images_variants/golden_bridge/channel_shifted.png,0,cross_image,13
images/cho-shiba-mau-nau.png,images_variants/golden_bridge/cropped10.png,0,cross_image,16
images/cho-shiba-mau-nau.png,images_variants/golden_bridge/cropped20.png,0,cross_image,21
images/cho-shiba-mau-nau.png,images_variants/golden_bridge/cropped30.png,0,cross_image,26
images/cho-shiba-mau-nau.png,images_variants/golden_bridge/quality_adjusted_20.jpg,0,cross_image,12
images/cho-shiba-mau-nau.png,images_variants/golden_bridge/quality_adjusted_50.jpg,0,cross_image,12
images/cho-shiba-mau-nau.png,images_variants/golden_bridge/quality_adjusted_80.jpg,0,cross_image,12
images/golden_bridge.webp,images_variants/cho-shiba-mau-nau/altered.png,0,cross_image,12
images/golden_bridge.webp,images_variants/cho-shiba-mau-nau/grayscale.png,0,cross_image,12
images/golden_bridge.webp,images_variants/cho-shiba-mau-nau/covered.png,0,cross_image,13
images/golden_bridge.webp,images_variants/cho-shiba-mau-nau/dropout.png,0,cross_image,16
images/golden_bridge.webp,images_variants/cho-shiba-mau-nau/blurred.png,0,cross_image,12
images/golden_bridge.webp,images_variants/cho-shiba-mau-nau/brightened.png,0,cross_image,15
images/golden_bridge.webp,images_variants/cho-shiba-mau-nau/darkened.png,0,cross_image,12
images/golden_bridge.webp,images_variants/cho-shiba-mau-nau/resized.png,0,cross_image,12
images/golden_bridge.webp,images_variants/cho-shiba-mau-nau/resized_up.png,0,cross_image,12
images/golden_bridge.webp,images_variants/cho-shiba-mau-nau/contrasted.png,0,cross_image,12
images/golden_bridge.webp,images_variants/cho-shiba-mau-nau/filtered.png,0,cross_image,13
images/golden_bridge.webp,images_variants/cho-shiba-mau-nau/channel_shifted.png,0,cross_image,16
images/golden_bridge.webp,images_variants/cho-shiba-mau-nau/cropped10.png,0,cross_image,19
images/golden_bridge.webp,images_variants/cho-shiba-mau-nau/cropped20.png,0,cross_image,26
images/golden_bridge.webp,images_variants/cho-shiba-mau-nau/cropped30.png,0,cross_image,27
images/golden_bridge.webp,images_variants/cho-shiba-mau-nau/quality_adjusted_20.jpg,0,cross_image,12
images/golden_bridge.webp,images_variants/cho-shiba-mau-nau/quality_adjusted_50.jpg,0,cross_image,12
images/golden_bridge.webp,images_variants/cho-shiba-mau-nau/quality_adjusted_80.jpg,0,cross_image,12
images/cho-shiba-mau-nau.png,images/images.jpg,0,cross_image,37
images/cho-shiba-mau-nau.png,images_variants/images/altered.png,0,cross_image,38
images/cho-shiba-mau-nau.png,images_variants/images/grayscale.png,0,cross_image,37
images/cho-shiba-mau-nau.png,images_variants/images/covered.png,0,cross_image,34
images/cho-shiba-mau-nau.png,images_variants/images/dropout.png,0,cross_image,37
images/cho-shiba-mau-nau.png,images_variants/images/blurred.png,0,cross_image,37
images/cho-shiba-mau-nau.png,images_variants/images/brightened.png,0,cross_image,39
images/cho-shiba-mau-nau.png,images_variants/images/darkened.png,0,cross_image,38
images/cho-shiba-mau-nau.png,images_variants/images/resized.png,0,cross_image,37
images/cho-shiba-mau-nau.png,images_variants/images/resized_up.png,0,cross_image,37
images/cho-shiba-mau-nau.png,images_variants/images/contrasted.png,0,cross_image,38
images/cho-shiba-mau-nau.png,images_variants/images/filtered.png,0,cross_image,37
images/cho-shiba-mau-nau.png,images_variants/images/channel_shifted.png,0,cross_image,36
images/cho-shiba-mau-nau.png,images_variants/images/cropped10.png,0,cross_image,30
images/cho-shiba-mau-nau.png,images_variants/images/cropped20.png,0,cross_image,26
images/cho-shiba-mau-nau.png,images_variants/images/cropped30.png,0,cross_image,29
images/cho-shiba-mau-nau.png,images_variants/images/quality_adjusted_20.jpg,0,cross_image,37
images/cho-shiba-mau-nau.png,images_variants/images/quality_adjusted_50.jpg,0,cross_image,37
images/cho-shiba-mau-nau.png,images_variants/images/quality_adjusted_80.jpg,0,cross_image,37
images/images.jpg,images_variants/cho-shiba-mau-nau/altered.png,0,cross_image,37
images/images.jpg,images_variants/cho-shiba-mau-nau/grayscale.png,0,cross_image,37
images/images.jpg,images_variants/cho-shiba-mau-nau/covered.png,0,cross_image,34
images/images.jpg,images_variants/cho-shiba-mau-nau/dropout.png,0,cross_image,35
images/images.jpg,images_variants/cho-shiba-mau-nau/blurred.png,0,cross_image,37
images/images.jpg,images_variants/cho-shiba-mau-nau/brightened.png,0,cross_image,34
images/images.jpg,images_variants/cho-shiba-mau-nau/darkened.png,0,cross_image,37
images/images.jpg,images_variants/cho-shiba-mau-nau/resized.png,0,cross_image,37
images/images.jpg,images_variants/cho-shiba-mau-nau/resized_up.png,0,cross_image,37
images/images.jpg,images_variants/cho-shiba-mau-nau/contrasted.png,0,cross_image,37
images/images.jpg,images_variants/cho-shiba-mau-nau/filtered.png,0,cross_image,36
images/images.jpg,images_variants/cho-shiba-mau-nau/channel_shifted.png,0,cross_image,33
images/images.jpg,images_variants/cho-shiba-mau-nau/cropped10.png,0,cross_image,34
images/images.jpg,images_variants/cho-shiba-mau-nau/cropped20.png,0,cross_image,31
images/images.jpg,images_variants/cho-shiba-mau-nau/cropped30.png,0,cross_image,34
images/images.jpg,images_variants/cho-shiba-mau-nau/quality_adjusted_20.jpg,0,cross_image,37
images/images.jpg,images_variants/cho-shiba-mau-nau/quality_adjusted_50.jpg,0,cross_image,37
images/images.jpg,images_variants/cho-shiba-mau-nau/quality_adjusted_80.jpg,0,cross_image,37
images/cho-shiba-mau-nau.png,images/IMG_5480-1-960x600.jpeg,0,cross_image,31
images/cho-shiba-mau-nau.png,images_variants/IMG_5480-1-960x600/altered.png,0,cross_image,31
images/cho-shiba-mau-nau.png,images_variants/IMG_5480-1-960x600/grayscale.png,0,cross_image,31
images/cho-shiba-mau-nau.png,images_variants/IMG_5480-1-960x600/covered.png,0,cross_image,27
images/cho-shiba-mau-nau.png,images_variants/IMG_5480-1-960x600/dropout.png,0,cross_image,32
images/cho-shiba-mau-nau.png,images_variants/IMG_5480-1-960x600/blurred.png,0,cross_image,31
images/cho-shiba-mau-nau.png,images_variants/IMG_5480-1-960x600/brightened.png,0,cross_image,30
images/cho-shiba-mau-nau.png,images_variants/IMG_5480-1-960x600/darkened.png,0,cross_image,31
images/cho-shiba-mau-nau.png,images_variants/IMG_5480-1-960x600/resized.png,0,cross_image,31
images/cho-shiba-mau-nau.png,images_variants/IMG_5480-1-960x600/resized_up.png,0,cross_image,31
images/cho-shiba-mau-nau.png,images_variants/IMG_5480-1-960x600/contrasted.png,0,cross_image,31
images/cho-shiba-mau-nau.png,images_variants/IMG_5480-1-960x600/filtered.png,0,cross_image,31
images/cho-shiba-mau-nau.png,images_variants/IMG_5480-1-960x600/channel_shifted.png,0,cross_image,30
images/cho-shiba-mau-nau.png,images_variants/IMG_5480-1-960x600/cropped10.png,0,cross_image,30
images/cho-shiba-mau-nau.png,images_variants/IMG_5480-1-960x600/cropped20.png,0,cross_image,34
images/cho-shiba-mau-nau.png,images_variants/IMG_5480-1-960x600/cropped30.png,0,cross_image,37
images/cho-shiba-mau-nau.png,images_variants/IMG_5480-1-960x600/quality_adjusted_20.jpg,0,cross_image,31
images/cho-shiba-mau-nau.png,images_variants/IMG_5480-1-960x600/quality_adjusted_50.jpg,0,cross_image,31
images/cho-shiba-mau-nau.png,images_variants/IMG_5480-1-960x600/quality_adjusted_80.jpg,0,cross_image,31
images/IMG_5480-1-960x600.jpeg,images_variants/cho-shiba-mau-nau/altered.png,0,cross_image,31
images/IMG_5480-1-960x600.jpeg,images_variants/cho-shiba-mau-nau/grayscale.png,0,cross_image,31
images/IMG_5480-1-960x600.jpeg,images_variants/cho-shiba-mau-nau/covered.png,0,cross_image,30
images/IMG_5480-1-960x600.jpeg,images_variants/cho-shiba-mau-nau/dropout.png,0,cross_image,31
images/IMG_5480-1-960x600.jpeg,images_variants/cho-shiba-mau-nau/blurred.png,0,cross_image,31
images/IMG_5480-1-960x600.jpeg,images_variants/cho-shiba-mau-nau/brightened.png,0,cross_image,28
images/IMG_5480-1-960x600.jpeg,images_variants/cho-shiba-mau-nau/darkened.png,0,cross_image,31
images/IMG_5480-1-960x600.jpeg,images_variants/cho-shiba-mau-nau/resized.png,0,cross_image,31
images/IMG_5480-1-960x600.jpeg,images_variants/cho-shiba-mau-nau/resized_up.png,0,cross_image,31
images/IMG_5480-1-960x600.jpeg,images_variants/cho-shiba-mau-nau/contrasted.png,0,cross_image,31
images/IMG_5480-1-960x600.jpeg,images_variants/cho-shiba-mau-nau/filtered.png,0,cross_image,30
images/IMG_5480-1-960x600.jpeg,images_variants/cho-shiba-mau-nau/channel_shifted.png,0,cross_image,27
images/IMG_5480-1-960x600.jpeg,images_variants/cho-shiba-mau-nau/cropped10.png,0,cross_image,30
images/IMG_5480-1-960x600.jpeg,images_variants/cho-shiba-mau-nau/cropped20.png,0,cross_image,31
images/IMG_5480-1-960x600.jpeg,images_variants/cho-shiba-mau-nau/cropped30.png,0,cross_image,26
images/IMG_5480-1-960x600.jpeg,images_variants/cho-shiba-mau-nau/quality_adjusted_20.jpg,0,cross_image,31
images/IMG_5480-1-960x600.jpeg,images_variants/cho-shiba-mau-nau/quality_adjusted_50.jpg,0,cross_image,31
images/IMG_5480-1-960x600.jpeg,images_variants/cho-shiba-mau-nau/quality_adjusted_80.jpg,0,cross_image,31
images/cho-shiba-mau-nau.png,images/shiba-da-nang.png,0,cross_image,33
images/cho-shiba-mau-nau.png,images_variants/shiba-da-nang/altered.png,0,cross_image,33
images/cho-shiba-mau-nau.png,images_variants/shiba-da-nang/grayscale.png,0,cross_image,33
images/cho-shiba-mau-nau.png,images_variants/shiba-da-nang/covered.png,0,cross_image,26
images/cho-shiba-mau-nau.png,images_variants/shiba-da-nang/dropout.png,0,cross_image,27
images/cho-shiba-mau-nau.png,images_variants/shiba-da-nang/blurred.png,0,cross_image,33
images/cho-shiba-mau-nau.png,images_variants/shiba-da-nang/brightened.png,0,cross_image,34
images/cho-shiba-mau-nau.png,images_variants/shiba-da-nang/darkened.png,0,cross_image,33
images/cho-shiba-mau-nau.png,images_variants/shiba-da-nang/resized.png,0,cross_image,33
images/cho-shiba-mau-nau.png,images_variants/shiba-da-nang/resized_up.png,0,cross_image,33
images/cho-shiba-mau-nau.png,images_variants/shiba-da-nang/contrasted.png,0,cross_image,33
images/cho-shiba-mau-nau.png,images_variants/shiba-da-nang/filtered.png,0,cross_image,33
images/cho-shiba-mau-nau.png,images_variants/shiba-da-nang/channel_shifted.png,0,cross_image,34
images/cho-shiba-mau-nau.png,images_variants/shiba-da-nang/cropped10.png,0,cross_image,32
images/cho-shiba-mau-nau.png,images_variants/shiba-da-nang/cropped20.png,0,cross_image,30
images/cho-shiba-mau-nau.png,images_variants/shiba-da-nang/cropped30.png,0,cross_image,31
images/cho-shiba-mau-nau.png,images_variants/shiba-da-nang/quality_adjusted_20.jpg,0,cross_image,33
images/cho-shiba-mau-nau.png,images_variants/shiba-da-nang/quality_adjusted_50.jpg,0,cross_image,33
images/cho-shiba-mau-nau.png,images_variants/shiba-da-nang/quality_adjusted_80.jpg,0,cross_image,33
images/shiba-da-nang.png,images_variants/cho-shiba-mau-nau/altered.png,0,cross_image,33
images/shiba-da-nang.png,images_variants/cho-shiba-mau-nau/grayscale.png,0,cross_image,33
images/shiba-da-nang.png,images_variants/cho-shiba-mau-nau/covered.png,0,cross_image,32
images/shiba-da-nang.png,images_variants/cho-shiba-mau-nau/dropout.png,0,cross_image,29
images/shiba-da-nang.png,images_variants/cho-shiba-mau-nau/blurred.png,0,cross_image,33
images/shiba-da-nang.png,images_variants/cho-shiba-mau-nau/brightened.png,0,cross_image,28
images/shiba-da-nang.png,images_variants/cho-shiba-mau-nau/darkened.png,0,cross_image,33
images/shiba-da-nang.png,images_variants/cho-shiba-mau-nau/resized.png,0,cross_image,33
images/shiba-da-nang.png,images_variants/cho-shiba-mau-nau/resized_up.png,0,cross_image,33
images/shiba-da-nang.png,images_variants/cho-shiba-mau-nau/contrasted.png,0,cross_image,33
images/shiba-da-nang.png,images_variants/cho-shiba-mau-nau/filtered.png,0,cross_image,32
images/shiba-da-nang.png,images_variants/cho-shiba-mau-nau/channel_shifted.png,0,cross_image,31
images/shiba-da-nang.png,images_variants/cho-shiba-mau-nau/cropped10.png,0,cross_image,28
images/shiba-da-nang.png,images_variants/cho-shiba-mau-nau/cropped20.png,0,cross_image,27
images/shiba-da-nang.png,images_variants/cho-shiba-mau-nau/cropped30.png,0,cross_image,38
images/shiba-da-nang.png,images_variants/cho-shiba-mau-nau/quality_adjusted_20.jpg,0,cross_image,33
images/shiba-da-nang.png,images_variants/cho-shiba-mau-nau/quality_adjusted_50.jpg,0,cross_image,33
images/shiba-da-nang.png,images_variants/cho-shiba-mau-nau/quality_adjusted_80.jpg,0,cross_image,33
images/cho-shiba-mau-nau.png,images/Shiba.jpg,0,cross_image,28
images/cho-shiba-mau-nau.png,images_variants/Shiba/altered.png,0,cross_image,28
images/cho-shiba-mau-nau.png,images_variants/Shiba/grayscale.png,0,cross_image,28
images/cho-shiba-mau-nau.png,images_variants/Shiba/covered.png,0,cross_image,26
images/cho-shiba-mau-nau.png,images_variants/Shiba/dropout.png,0,cross_image,31
images/cho-shiba-mau-nau.png,images_variants/Shiba/blurred.png,0,cross_image,28
images/cho-shiba-mau-nau.png,images_variants/Shiba/brightened.png,0,cross_image,27
images/cho-shiba-mau-nau.png,images_variants/Shiba/darkened.png,0,cross_image,28
images/cho-shiba-mau-nau.png,images_variants/Shiba/resized.png,0,cross_image,28
images/cho-shiba-mau-nau.png,images_variants/Shiba/resized_up.png,0,cross_image,28
images/cho-shiba-mau-nau.png,images_variants/Shiba/contrasted.png,0,cross_image,28
images/cho-shiba-mau-nau.png,images_variants/Shiba/filtered.png,0,cross_image,28
images/cho-shiba-mau-nau.png,images_variants/Shiba/channel_shifted.png,0,cross_image,28
images/cho-shiba-mau-nau.png,images_variants/Shiba/cropped10.png,0,cross_image,36
images/cho-shiba-mau-nau.png,images_variants/Shiba/cropped20.png,0,cross_image,41
images/cho-shiba-mau-nau.png,images_variants/Shiba/cropped30.png,0,cross_image,46
images/cho-shiba-mau-nau.png,images_variants/Shiba/quality_adjusted_20.jpg,0,cross_image,28
images/cho-shiba-mau-nau.png,images_variants/Shiba/quality_adjusted_50.jpg,0,cross_image,28
images/cho-shiba-mau-nau.png,images_variants/Shiba/quality_adjusted_80.jpg,0,cross_image,28
images/Shiba.jpg,images_variants/cho-shiba-mau-nau/altered.png,0,cross_image,28
images/Shiba.jpg,images_variants/cho-shiba-mau-nau/grayscale.png,0,cross_image,28
images/Shiba.jpg,images_variants/cho-shiba-mau-nau/covered.png,0,cross_image,31
images/Shiba.jpg,images_variants/cho-shiba-mau-nau/dropout.png,0,cross_image,30
images/Shiba.jpg,images_variants/cho-shiba-mau-nau/blurred.png,0,cross_image,28
images/Shiba.jpg,images_variants/cho-shiba-mau-nau/brightened.png,0,cross_image,29
images/Shiba.jpg,images_variants/cho-shiba-mau-nau/darkened.png,0,cross_image,28
images/Shiba.jpg,images_variants/cho-shiba-mau-nau/resized.png,0,cross_image,28
images/Shiba.jpg,images_variants/cho-shiba-mau-nau/resized_up.png,0,cross_image,28
images/Shiba.jpg,images_variants/cho-shiba-mau-nau/contrasted.png,0,cross_image,28
images/Shiba.jpg,images_variants/cho-shiba-mau-nau/filtered.png,0,cross_image,27
images/Shiba.jpg,images_variants/cho-shiba-mau-nau/channel_shifted.png,0,cross_image,30
images/Shiba.jpg,images_variants/cho-shiba-mau-nau/cropped10.png,0,cross_image,25
images/Shiba.jpg,images_variants/cho-shiba-mau-nau/cropped20.png,0,cross_image,24
images/Shiba.jpg,images_variants/cho-shiba-mau-nau/cropped30.png,0,cross_image,23
images/Shiba.jpg,images_variants/cho-shiba-mau-nau/quality_adjusted_20.jpg,0,cross_image,28
images/Shiba.jpg,images_variants/cho-shiba-mau-nau/quality_adjusted_50.jpg,0,cross_image,28
images/Shiba.jpg,images_variants/cho-shiba-mau-nau/quality_adjusted_80.jpg,0,cross_image,28
images/cho-shiba-mau-nau.png,images/threecolorcorgi.jpg,0,cross_image,39
images/cho-shiba-mau-nau.png,images_variants/threecolorcorgi/altered.png,0,cross_image,40
images/cho-shiba-mau-nau.png,images_variants/threecolorcorgi/grayscale.png,0,cross_image,39
images/cho-shiba-mau-nau.png,images_variants/threecolorcorgi/covered.png,0,cross_image,33
images/cho-shiba-mau-nau.png,images_variants/threecolorcorgi/dropout.png,0,cross_image,39
images/cho-shiba-mau-nau.png,images_variants/threecolorcorgi/blurred.png,0,cross_image,39
images/cho-shiba-mau-nau.png,images_variants/threecolorcorgi/brightened.png,0,cross_image,37
images/cho-shiba-mau-nau.png,images_variants/threecolorcorgi/darkened.png,0,cross_image,39
images/cho-shiba-mau-nau.png,images_variants/threecolorcorgi/resized.png,0,cross_image,39
images/cho-shiba-mau-nau.png,images_variants/threecolorcorgi/resized_up.png,0,cross_image,39
images/cho-shiba-mau-nau.png,images_variants/threecolorcorgi/contrasted.png,0,cross_image,39
images/cho-shiba-mau-nau.png,images_variants/threecolorcorgi/filtered.png,0,cross_image,40
images/cho-shiba-mau-nau.png,images_variants/threecolorcorgi/channel_shifted.png,0,cross_image,39
images/cho-shiba-mau-nau.png,images_variants/threecolorcorgi/cropped10.png,0,cross_image,36
images/cho-shiba-mau-nau.png,images_variants/threecolorcorgi/cropped20.png,0,cross_image,35
images/cho-shiba-mau-nau.png,images_variants/threecolorcorgi/cropped30.png,0,cross_image,39
images/cho-shiba-mau-nau.png,images_variants/threecolorcorgi/quality_adjusted_20.jpg,0,cross_image,40
images/cho-shiba-mau-nau.png,images_variants/threecolorcorgi/quality_adjusted_50.jpg,0,cross_image,39
images/cho-shiba-mau-nau.png,images_variants/threecolorcorgi/quality_adjusted_80.jpg,0,cross_image,39
images/threecolorcorgi.jpg,images_variants/cho-shiba-mau-nau/altered.png,0,cross_image,39
images/threecolorcorgi.jpg,images_variants/cho-shiba-mau-nau/grayscale.png,0,cross_image,39
images/threecolorcorgi.jpg,images_variants/cho-shiba-mau-nau/covered.png,0,cross_image,36
images/threecolorcorgi.jpg,images_variants/cho-shiba-mau-nau/dropout.png,0,cross_image,41
images/threecolorcorgi.jpg,images_variants/cho-shiba-mau-nau/blurred.png,0,cross_image,39
images/threecolorcorgi.jpg,images_variants/cho-shiba-mau-nau/brightened.png,0,cross_image,38
images/threecolorcorgi.jpg,images_variants/cho-shiba-mau-nau/darkened.png,0,cross_image,39
images/threecolorcorgi.jpg,images_variants/cho-shiba-mau-nau/resized.png,0,cross_image,39
images/threecolorcorgi.jpg,images_variants/cho-shiba-mau-nau/resized_up.png,0,cross_image,39
images/threecolorcorgi.jpg,images_variants/cho-shiba-mau-nau/contrasted.png,0,cross_image,39
images/threecolorcorgi.jpg,images_variants/cho-shiba-mau-nau/filtered.png,0,cross_image,38
images/threecolorcorgi.jpg,images_variants/cho-shiba-mau-nau/channel_shifted.png,0,cross_image,41
images/threecolorcorgi.jpg,images_variants/cho-shiba-mau-nau/cropped10.png,0,cross_image,32
images/threecolorcorgi.jpg,images_variants/cho-shiba-mau-nau/cropped20.png,0,cross_image,29
images/threecolorcorgi.jpg,images_variants/cho-shiba-mau-nau/cropped30.png,0,cross_image,34
images/threecolorcorgi.jpg,images_variants/cho-shiba-mau-nau/quality_adjusted_20.jpg,0,cross_image,39
images/threecolorcorgi.jpg,images_variants/cho-shiba-mau-nau/quality_adjusted_50.jpg,0,cross_image,39
images/threecolorcorgi.jpg,images_variants/cho-shiba-mau-nau/quality_adjusted_80.jpg,0,cross_image,39
images/corgi.jpg,images/db10fa12e5d8164680ffd17b1b64fc1f.jpg,0,cross_image,50
images/corgi.jpg,images_variants/db10fa12e5d8164680ffd17b1b64fc1f/altered.png,0,cross_image,50
images/corgi.jpg,images_variants/db10fa12e5d8164680ffd17b1b64fc1f/grayscale.png,0,cross_image,50
images/corgi.jpg,images_variants/db10fa12e5d8164680ffd17b1b64fc1f/covered.png,0,cross_image,46
images/corgi.jpg,images_variants/db10fa12e5d8164680ffd17b1b64fc1f/dropout.png,0,cross_image,44
images/corgi.jpg,images_variants/db10fa12e5d8164680ffd17b1b64fc1f/blurred.png,0,cross_image,51
images/corgi.jpg,images_variants/db10fa12e5d8164680ffd17b1b64fc1f/brightened.png,0,cross_image,47
images/corgi.jpg,images_variants/db10fa12e5d8164680ffd17b1b64fc1f/darkened.png,0,cross_image,49
images/corgi.jpg,images_variants/db10fa12e5d8164680ffd17b1b64fc1f/resized.png,0,cross_image,50
images/corgi.jpg,images_variants/db10fa12e5d8164680ffd17b1b64fc1f/resized_up.png,0,cross_image,50
images/corgi.jpg,images_variants/db10fa12e5d8164680ffd17b1b64fc1f/contrasted.png,0,cross_image,48
images/corgi.jpg,images_variants/db10fa12e5d8164680ffd17b1b64fc1f/filtered.png,0,cross_image,50
images/corgi.jpg,images_variants/db10fa12e5d8164680ffd17b1b64fc1f/channel_shifted.png,0,cross_image,49
images/corgi.jpg,images_variants/db10fa12e5d8164680ffd17b1b64fc1f/cropped10.png,0,cross_image,40
images/corgi.jpg,images_variants/db10fa12e5d8164680ffd17b1b64fc1f/cropped20.png,0,cross_image,36
images/corgi.jpg,images_variants/db10fa12e5d8164680ffd17b1b64fc1f/cropped30.png,0,cross_image,34
images/corgi.jpg,images_variants/db10fa12e5d8164680ffd17b1b64fc1f/quality_adjusted_20.jpg,0,cross_image,49
images/corgi.jpg,images_variants/db10fa12e5d8164680ffd17b1b64fc1f/quality_adjusted_50.jpg,0,cross_image,50
images/corgi.jpg,images_variants/db10fa12e5d8164680ffd17b1b64fc1f/quality_adjusted_80.jpg,0,cross_image,50
images/db10fa12e5d8164680ffd17b1b64fc1f.jpg,images_variants/corgi/altered.png,0,cross_image,53
images/db10fa12e5d8164680ffd17b1b64fc1f.jpg,images_variants/corgi/grayscale.png,0,cross_image,50
images/db10fa12e5d8164680ffd17b1b64fc1f.jpg,images_variants/corgi/covered.png,0,cross_image,46
images/db10fa12e5d8164680ffd17b1b64fc1f.jpg,images_variants/corgi/dropout.png,0,cross_image,39
images/db10fa12e5d8164680ffd17b1b64fc1f.jpg,images_variants/corgi/blurred.png,0,cross_image,50
images/db10fa12e5d8164680ffd17b1b64fc1f.jpg,images_variants/corgi/brightened.png,0,cross_image,53
images/db10fa12e5d8164680ffd17b1b64fc1f.jpg,images_variants/corgi/darkened.png,0,cross_image,52
images/db10fa12e5d8164680ffd17b1b64fc1f.jpg,images_variants/corgi/resized.png,0,cross_image,51
images/db10fa12e5d8164680ffd17b1b64fc1f.jpg,images_variants/corgi/resized_up.png,0,cross_image,50
images/db10fa12e5d8164680ffd17b1b64fc1f.jpg,images_variants/corgi/contrasted.png,0,cross_image,53
images/db10fa12e5d8164680ffd17b1b64fc1f.jpg,images_variants/corgi/filtered.png,0,cross_image,50
images/db10fa12e5d8164680ffd17b1b64fc1f.jpg,images_variants/corgi/channel_shifted.png,0,cross_image,41
images/db10fa12e5d8164680ffd17b1b64fc1f.jpg,images_variants/corgi/cropped10.png,0,cross_image,40
images/db10fa12e5d8164680ffd17b1b64fc1f.jpg,images_variants/corgi/cropped20.png,0,cross_image,34
images/db10fa12e5d8164680ffd17b1b64fc1f.jpg,images_variants/corgi/cropped30.png,0,cross_image,31
images/db10fa12e5d8164680ffd17b1b64fc1f.jpg,images_variants/corgi/quality_adjusted_20.jpg,0,cross_image,50
images/db10fa12e5d8164680ffd17b1b64fc1f.jpg,images_variants/corgi/quality_adjusted_50.jpg,0,cross_image,50
images/db10fa12e5d8164680ffd17b1b64fc1f.jpg,images_variants/corgi/quality_adjusted_80.jpg,0,cross_image,50
images/corgi.jpg,images/dragon-bridge.png,0,cross_image,27
images/corgi.jpg,images_variants/dragon-bridge/altered.png,0,cross_image,28
images/corgi.jpg,images_variants/dragon-bridge/grayscale.png,0,cross_image,27
images/corgi.jpg,images_variants/dragon-bridge/covered.png,0,cross_image,22
images/corgi.jpg,images_variants/dragon-bridge/dropout.png,0,cross_image,26
images/corgi.jpg,images_variants/dragon-bridge/blurred.png,0,cross_image,27
images/corgi.jpg,images_variants/dragon-bridge/brightened.png,0,cross_image,28
images/corgi.jpg,images_variants/dragon-bridge/darkened.png,0,cross_image,27
images/corgi.jpg,images_variants/dragon-bridge/resized.png,0,cross_image,27
images/corgi.jpg,images_variants/dragon-bridge/resized_up.png,0,cross_image,27
images/corgi.jpg,images_variants/dragon-bridge/contrasted.png,0,cross_image,28
images/corgi.jpg,images_variants/dragon-bridge/filtered.png,0,cross_image,29
images/corgi.jpg,images_variants/dragon-bridge/channel_shifted.png,0,cross_image,27
images/corgi.jpg,images_variants/dragon-bridge/cropped10.png,0,cross_image,27
images/corgi.jpg,images_variants/dragon-bridge/cropped20.png,0,cross_image,27
images/corgi.jpg,images_variants/dragon-bridge/cropped30.png,0,cross_image,35
images/corgi.jpg,images_variants/dragon-bridge/quality_adjusted_20.jpg,0,cross_image,27
images/corgi.jpg,images_variants/dragon-bridge/quality_adjusted_50.jpg,0,cross_image,27
images/corgi.jpg,images_variants/dragon-bridge/quality_adjusted_80.jpg,0,cross_image,27
images/dragon-bridge.png,images_variants/corgi/altered.png,0,cross_image,26
images/dragon-bridge.png,images_variants/corgi/grayscale.png,0,cross_image,27
images/dragon-bridge.png,images_variants/corgi/covered.png,0,cross_image,33
images/dragon-bridge.png,images_variants/corgi/dropout.png,0,cross_image,24
images/dragon-bridge.png,images_variants/corgi/blurred.png,0,cross_image,27
images/dragon-bridge.png,images_variants/corgi/brightened.png,0,cross_image,26
images/dragon-bridge.png,images_variants/corgi/darkened.png,0,cross_image,25
images/dragon-bridge.png,images_variants/corgi/resized.png,0,cross_image,28
images/dragon-bridge.png,images_variants/corgi/resized_up.png,0,cross_image,27
images/dragon-bridge.png,images_variants/corgi/contrasted.png,0,cross_image,26
images/dragon-bridge.png,images_variants/corgi/filtered.png,0,cross_image,27
images/dragon-bridge.png,images_variants/corgi/channel_shifted.png,0,cross_image,34
images/dragon-bridge.png,images_variants/corgi/cropped10.png,0,cross_image,27
images/dragon-bridge.png,images_variants/corgi/cropped20.png,0,cross_image,31
images/dragon-bridge.png,images_variants/corgi/cropped30.png,0,cross_image,30
images/dragon-bridge.png,images_variants/corgi/quality_adjusted_20.jpg,0,cross_image,27
images/dragon-bridge.png,images_variants/corgi/quality_adjusted_50.jpg,0,cross_image,27
images/dragon-bridge.png,images_variants/corgi/quality_adjusted_80.jpg,0,cross_image,27
images/corgi.jpg,images/golden_bridge.webp,0,cross_image,20
images/corgi.jpg,images_variants/golden_bridge/altered.png,0,cross_image,20
images/corgi.jpg,images_variants/golden_bridge/grayscale.png,0,cross_image,20
images/corgi.jpg,images_variants/golden_bridge/covered.png,0,cross_image,20
images/corgi.jpg,images_variants/golden_bridge/dropout.png,0,cross_image,19
images/corgi.jpg,images_variants/golden_bridge/blurred.png,0,cross_image,20
images/corgi.jpg,images_variants/golden_bridge/brightened.png,0,cross_image,19
images/corgi.jpg,images_variants/golden_bridge/darkened.png,0,cross_image,20
images/corgi.jpg,images_variants/golden_bridge/resized.png,0,cross_image,20
images/corgi.jpg,images_variants/golden_bridge/resized_up.png,0,cross_image,20
images/corgi.jpg,images_variants/golden_bridge/contrasted.png,0,cross_image,20
images/corgi.jpg,images_variants/golden_bridge/filtered.png,0,cross_image,20
images/corgi.jpg,images_variants/golden_bridge/channel_shifted.png,0,cross_image,21
images/corgi.jpg,images_variants/golden_bridge/cropped10.png,0,cross_image,22
images/corgi.jpg,images_variants/golden_bridge/cropped20.png,0,cross_image,23
images/corgi.jpg,images_variants/golden_bridge/cropped30.png,0,cross_image,28
images/corgi.jpg,images_variants/golden_bridge/quality_adjusted_20.jpg,0,cross_image,20
images/corgi.jpg,images_variants/golden_bridge/quality_adjusted_50.jpg,0,cross_image,20
images/corgi.jpg,images_variants/golden_bridge/quality_adjusted_80.jpg,0,cross_image,20
images/golden_bridge.webp,images_variants/corgi/altered.png,0,cross_image,21
images/golden_bridge.webp,images_variants/corgi/grayscale.png,0,cross_image,20
images/golden_bridge.webp,images_variants/corgi/covered.png,0,cross_image,28
images/golden_bridge.webp,images_variants/corgi/dropout.png,0,cross_image,31
images/golden_bridge.webp,images_variants/corgi/blurred.png,0,cross_image,20
images/golden_bridge.webp,images_variants/corgi/brightened.png,0,cross_image,21
images/golden_bridge.webp,images_variants/corgi/darkened.png,0,cross_image,22
images/golden_bridge.webp,images_variants/corgi/resized.png,0,cross_image,21
images/golden_bridge.webp,images_variants/corgi/resized_up.png,0,cross_image,20
images/golden_bridge.webp,images_variants/corgi/contrasted.png,0,cross_image,21
images/golden_bridge.webp,images_variants/corgi/filtered.png,0,cross_image,20
images/golden_bridge.webp,images_variants/corgi/channel_shifted.png,0,cross_image,25
images/golden_bridge.webp,images_variants/corgi/cropped10.png,0,cross_image,22
images/golden_bridge.webp,images_variants/corgi/cropped20.png,0,cross_image,28
images/golden_bridge.webp,images_variants/corgi/cropped30.png,0,cross_image,37
images/golden_bridge.webp,images_variants/corgi/quality_adjusted_20.jpg,0,cross_image,20
images/golden_bridge.webp,images_variants/corgi/quality_adjusted_50.jpg,0,cross_image,20
images/golden_bridge.webp,images_variants/corgi/quality_adjusted_80.jpg,0,cross_image,20
images/corgi.jpg,images/images.jpg,0,cross_image,31
images/corgi.jpg,images_variants/images/altered.png,0,cross_image,30
images/corgi.jpg,images_variants/images/grayscale.png,0,cross_image,31
images/corgi.jpg,images_variants/images/covered.png,0,cross_image,28
images/corgi.jpg,images_variants/images/dropout.png,0,cross_image,35
images/corgi.jpg,images_variants/images/blurred.png,0,cross_image,31
images/corgi.jpg,images_variants/images/brightened.png,0,cross_image,31
images/corgi.jpg,images_variants/images/darkened.png,0,cross_image,30
images/corgi.jpg,images_variants/images/resized.png,0,cross_image,31
images/corgi.jpg,images_variants/images/resized_up.png,0,cross_image,31
images/corgi.jpg,images_variants/images/contrasted.png,0,cross_image,30
images/corgi.jpg,images_variants/images/filtered.png,0,cross_image,31
images/corgi.jpg,images_variants/images/channel_shifted.png,0,cross_image,28
images/corgi.jpg,images_variants/images/cropped10.png,0,cross_image,34
images/corgi.jpg,images_variants/images/cropped20.png,0,cross_image,32
images/corgi.jpg,images_variants/images/cropped30.png,0,cross_image,29
images/corgi.jpg,images_variants/images/quality_adjusted_20.jpg,0,cross_image,31
images/corgi.jpg,images_variants/images/quality_adjusted_50.jpg,0,cross_image,31
images/corgi.jpg,images_variants/images/quality_adjusted_80.jpg,0,cross_image,31
images/images.jpg,images_variants/corgi/altered.png,0,cross_image,30
images/images.jpg,images_variants/corgi/grayscale.png,0,cross_image,31
images/images.jpg,images_variants/corgi/covered.png,0,cross_image,31
images/images.jpg,images_variants/corgi/dropout.png,0,cross_image,28
images/images.jpg,images_variants/corgi/blurred.png,0,cross_image,31
images/images.jpg,images_variants/corgi/brightened.png,0,cross_image,34
images/images.jpg,images_variants/corgi/darkened.png,0,cross_image,29
images/images.jpg,images_variants/corgi/resized.png,0,cross_image,32
images/images.jpg,images_variants/corgi/resized_up.png,0,cross_image,31
images/images.jpg,images_variants/corgi/contrasted.png,0,cross_image,28
images/images.jpg,images_variants/corgi/filtered.png,0,cross_image,31
images/images.jpg,images_variants/corgi/channel_shifted.png,0,cross_image,30
images/images.jpg,images_variants/corgi/cropped10.png,0,cross_image,33
images/images.jpg,images_variants/corgi/cropped20.png,0,cross_image,39
images/images.jpg,images_variants/corgi/cropped30.png,0,cross_image,20
images/images.jpg,images_variants/corgi/quality_adjusted_20.jpg,0,cross_image,31
images/images.jpg,images_variants/corgi/quality_adjusted_50.jpg,0,cross_image,31
images/images.jpg,images_variants/corgi/quality_adjusted_80.jpg,0,cross_image,31
images/corgi.jpg,images/IMG_5480-1-960x600.jpeg,0,cross_image,29
images/corgi.jpg,images_variants/IMG_5480-1-960x600/altered.png,0,cross_image,29
images/corgi.jpg,images_variants/IMG_5480-1-960x600/grayscale.png,0,cross_image,29
images/corgi.jpg,images_variants/IMG_5480-1-960x600/covered.png,0,cross_image,35
images/corgi.jpg,images_variants/IMG_5480-1-960x600/dropout.png,0,cross_image,30
images/corgi.jpg,images_variants/IMG_5480-1-960x600/blurred.png,0,cross_image,29
images/corgi.jpg,images_variants/IMG_5480-1-960x600/brightened.png,0,cross_image,32
images/corgi.jpg,images_variants/IMG_5480-1-960x600/darkened.png,0,cross_image,29
images/corgi.jpg,images_variants/IMG_5480-1-960x600/resized.png,0,cross_image,29
images/corgi.jpg,images_variants/IMG_5480-1-960x600/resized_up.png,0,cross_image,29
images/corgi.jpg,images_variants/IMG_5480-1-960x600/contrasted.png,0,cross_image,29
images/corgi.jpg,images_variants/IMG_5480-1-960x600/filtered.png,0,cross_image,29
images/corgi.jpg,images_variants/IMG_5480-1-960x600/channel_shifted.png,0,cross_image,30
images/corgi.jpg,images_variants/IMG_5480-1-960x600/cropped10.png,0,cross_image,30
images/corgi.jpg,images_variants/IMG_5480-1-960x600/cropped20.png,0,cross_image,30
images/corgi.jpg,images_variants/IMG_5480-1-960x600/cropped30.png,0,cross_image,31
images/corgi.jpg,images_variants/IMG_5480-1-960x600/quality_adjusted_20.jpg,0,cross_image,29
images/corgi.jpg,images_variants/IMG_5480-1-960x600/quality_adjusted_50.jpg,0,cross_image,29
images/corgi.jpg,images_variants/IMG_5480-1-960x600/quality_adjusted_80.jpg,0,cross_image,29
images/IMG_5480-1-960x600.jpeg,images_variants/corgi/altered.png,0,cross_image,30
images/IMG_5480-1-960x600.jpeg,images_variants/corgi/grayscale.png,0,cross_image,29
images/IMG_5480-1-960x600.jpeg,images_variants/corgi/covered.png,0,cross_image,21
images/IMG_5480-1-960x600.jpeg,images_variants/corgi/dropout.png,0,cross_image,30
images/IMG_5480-1-960x600.jpeg,images_variants/corgi/blurred.png,0,cross_image,29
images/IMG_5480-1-960x600.jpeg,images_variants/corgi/brightened.png,0,cross_image,26
images/IMG_5480-1-960x600.jpeg,images_variants/corgi/darkened.png,0,cross_image,29
images/IMG_5480-1-960x600.jpeg,images_variants/corgi/resized.png,0,cross_image,30
images/IMG_5480-1-960x600.jpeg,images_variants/corgi/resized_up.png,0,cross_image,29
images/IMG_5480-1-960x600.jpeg,images_variants/corgi/contrasted.png,0,cross_image,30
images/IMG_5480-1-960x600.jpeg,images_variants/corgi/filtered.png,0,cross_image,29
images/IMG_5480-1-960x600.jpeg,images_variants/corgi/channel_shifted.png,0,cross_image,38
images/IMG_5480-1-960x600.jpeg,images_variants/corgi/cropped10.png,0,cross_image,33
images/IMG_5480-1-960x600.jpeg,images_variants/corgi/cropped20.png,0,cross_image,27
images/IMG_5480-1-960x600.jpeg,images_variants/corgi/cropped30.png,0,cross_image,18
images/IMG_5480-1-960x600.jpeg,images_variants/corgi/quality_adjusted_20.jpg,0,cross_image,29
images/IMG_5480-1-960x600.jpeg,images_variants/corgi/quality_adjusted_50.jpg,0,cross_image,29
images/IMG_5480-1-960x600.jpeg,images_variants/corgi/quality_adjusted_80.jpg,0,cross_image,29
images/corgi.jpg,images/shiba-da-nang.png,0,cross_image,25
images/corgi.jpg,images_variants/shiba-da-nang/altered.png,0,cross_image,25
images/corgi.jpg,images_variants/shiba-da-nang/grayscale.png,0,cross_image,25
images/corgi.jpg,images_variants/shiba-da-nang/covered.png,0,cross_image,28
images/corgi.jpg,images_variants/shiba-da-nang/dropout.png,0,cross_image,21
images/corgi.jpg,images_variants/shiba-da-nang/blurred.png,0,cross_image,25
images/corgi.jpg,images_variants/shiba-da-nang/brightened.png,0,cross_image,28
images/corgi.jpg,images_variants/shiba-da-nang/darkened.png,0,cross_image,25
images/corgi.jpg,images_variants/shiba-da-nang/resized.png,0,cross_image,25
images/corgi.jpg,images_variants/shiba-da-nang/resized_up.png,0,cross_image,25
images/corgi.jpg,images_variants/shiba-da-nang/contrasted.png,0,cross_image,25
images/corgi.jpg,images_variants/shiba-da-nang/filtered.png,0,cross_image,25
images/corgi.jpg,images_variants/shiba-da-nang/channel_shifted.png,0,cross_image,28
images/corgi.jpg,images_variants/shiba-da-nang/cropped10.png,0,cross_image,26
images/corgi.jpg,images_variants/shiba-da-nang/cropped20.png,0,cross_image,26
images/corgi.jpg,images_variants/shiba-da-nang/cropped30.png,0,cross_image,41
images/corgi.jpg,images_variants/shiba-da-nang/quality_adjusted_20.jpg,0,cross_image,25
images/corgi.jpg,images_variants/shiba-da-nang/quality_adjusted_50.jpg,0,cross_image,25
images/corgi.jpg,images_variants/shiba-da-nang/quality_adjusted_80.jpg,0,cross_image,25
images/shiba-da-nang.png,images_variants/corgi/altered.png,0,cross_image,28
images/shiba-da-nang.png,images_variants/corgi/grayscale.png,0,cross_image,25
images/shiba-da-nang.png,images_variants/corgi/covered.png,0,cross_image,39
images/shiba-da-nang.png,images_variants/corgi/dropout.png,0,cross_image,32
images/shiba-da-nang.png,images_variants/corgi/blurred.png,0,cross_image,25
images/shiba-da-nang.png,images_variants/corgi/brightened.png,0,cross_image,32
images/shiba-da-nang.png,images_variants/corgi/darkened.png,0,cross_image,27
images/shiba-da-nang.png,images_variants/corgi/resized.png,0,cross_image,26
images/shiba-da-nang.png,images_variants/corgi/resized_up.png,0,cross_image,25
images/shiba-da-nang.png,images_variants/corgi/contrasted.png,0,cross_image,26
images/shiba-da-nang.png,images_variants/corgi/filtered.png,0,cross_image,25
images/shiba-da-nang.png,images_variants/corgi/channel_shifted.png,0,cross_image,22
images/shiba-da-nang.png,images_variants/corgi/cropped10.png,0,cross_image,29
images/shiba-da-nang.png,images_variants/corgi/cropped20.png,0,cross_image,31
images/shiba-da-nang.png,images_variants/corgi/cropped30.png,0,cross_image,30
images/shiba-da-nang.png,images_variants/corgi/quality_adjusted_20.jpg,0,cross_image,25
images/shiba-da-nang.png,images_variants/corgi/quality_adjusted_50.jpg,0,cross_image,25
images/shiba-da-nang.png,images_variants/corgi/quality_adjusted_80.jpg,0,cross_image,25
images/corgi.jpg,images/Shiba.jpg,0,cross_image,36
images/corgi.jpg,images_variants/Shiba/altered.png,0,cross_image,36
images/corgi.jpg,images_variants/Shiba/grayscale.png,0,cross_image,36
images/corgi.jpg,images_variants/Shiba/covered.png,0,cross_image,38
images/corgi.jpg,images_variants/Shiba/dropout.png,0,cross_image,31
images/corgi.jpg,images_variants/Shiba/blurred.png,0,cross_image,36
images/corgi.jpg,images_variants/Shiba/brightened.png,0,cross_image,37
images/corgi.jpg,images_variants/Shiba/darkened.png,0,cross_image,36
images/corgi.jpg,images_variants/Shiba/resized.png,0,cross_image,36
images/corgi.jpg,images_variants/Shiba/resized_up.png,0,cross_image,36
images/corgi.jpg,images_variants/Shiba/contrasted.png,0,cross_image,36
images/corgi.jpg,images_variants/Shiba/filtered.png,0,cross_image,36
images/corgi.jpg,images_variants/Shiba/channel_shifted.png,0,cross_image,36
images/corgi.jpg,images_variants/Shiba/cropped10.png,0,cross_image,34
images/corgi.jpg,images_variants/Shiba/cropped20.png,0,cross_image,43
images/corgi.jpg,images_variants/Shiba/cropped30.png,0,cross_image,46
images/corgi.jpg,images_variants/Shiba/quality_adjusted_20.jpg,0,cross_image,36
images/corgi.jpg,images_variants/Shiba/quality_adjusted_50.jpg,0,cross_image,36
images/corgi.jpg,images_variants/Shiba/quality_adjusted_80.jpg,0,cross_image,36
images/Shiba.jpg,images_variants/corgi/altered.png,0,cross_image,37
images/Shiba.jpg,images_variants/corgi/grayscale.png,0,cross_image,36
images/Shiba.jpg,images_variants/corgi/covered.png,0,cross_image,32
images/Shiba.jpg,images_variants/corgi/dropout.png,0,cross_image,35
images/Shiba.jpg,images_variants/corgi/blurred.png,0,cross_image,36
images/Shiba.jpg,images_variants/corgi/brightened.png,0,cross_image,35
images/Shiba.jpg,images_variants/corgi/darkened.png,0,cross_image,36
images/Shiba.jpg,images_variants/corgi/resized.png,0,cross_image,35
images/Shiba.jpg,images_variants/corgi/resized_up.png,0,cross_image,36
images/Shiba.jpg,images_variants/corgi/contrasted.png,0,cross_image,37
images/Shiba.jpg,images_variants/corgi/filtered.png,0,cross_image,36
images/Shiba.jpg,images_variants/corgi/channel_shifted.png,0,cross_image,37
images/Shiba.jpg,images_variants/corgi/cropped10.png,0,cross_image,32
images/Shiba.jpg,images_variants/corgi/cropped20.png,0,cross_image,32
images/Shiba.jpg,images_variants/corgi/cropped30.png,0,cross_image,31
images/Shiba.jpg,images_variants/corgi/quality_adjusted_20.jpg,0,cross_image,36
images/Shiba.jpg,images_variants/corgi/quality_adjusted_50.jpg,0,cross_image,36
images/Shiba.jpg,images_variants/corgi/quality_adjusted_80.jpg,0,cross_image,36
images/corgi.jpg,images/threecolorcorgi.jpg,0,cross_image,23
images/corgi.jpg,images_variants/threecolorcorgi/altered.png,0,cross_image,24
images/corgi.jpg,images_variants/threecolorcorgi/grayscale.png,0,cross_image,23
images/corgi.jpg,images_variants/threecolorcorgi/covered.png,0,cross_image,23
images/corgi.jpg,images_variants/threecolorcorgi/dropout.png,0,cross_image,25
images/corgi.jpg,images_variants/threecolorcorgi/blurred.png,0,cross_image,23
images/corgi.jpg,images_variants/threecolorcorgi/brightened.png,0,cross_image,21
images/corgi.jpg,images_variants/threecolorcorgi/darkened.png,0,cross_image,23
images/corgi.jpg,images_variants/threecolorcorgi/resized.png,0,cross_image,23
images/corgi.jpg,images_variants/threecolorcorgi/resized_up.png,0,cross_image,23
images/corgi.jpg,images_variants/threecolorcorgi/contrasted.png,0,cross_image,25
images/corgi.jpg,images_variants/threecolorcorgi/filtered.png,0,cross_image,24
images/corgi.jpg,images_variants/threecolorcorgi/channel_shifted.png,0,cross_image,23
images/corgi.jpg,images_variants/threecolorcorgi/cropped10.png,0,cross_image,20
images/corgi.jpg,images_variants/threecolorcorgi/cropped20.png,0,cross_image,27
images/corgi.jpg,images_variants/threecolorcorgi/cropped30.png,0,cross_image,37
images/corgi.jpg,images_variants/threecolorcorgi/quality_adjusted_20.jpg,0,cross_image,24
images/corgi.jpg,images_variants/threecolorcorgi/quality_adjusted_50.jpg,0,cross_image,23
images/corgi.jpg,images_variants/threecolorcorgi/quality_adjusted_80.jpg,0,cross_image,23
images/threecolorcorgi.jpg,images_variants/corgi/altered.png,0,cross_image,26
images/threecolorcorgi.jpg,images_variants/corgi/grayscale.png,0,cross_image,23
images/threecolorcorgi.jpg,images_variants/corgi/covered.png,0,cross_image,31
images/threecolorcorgi.jpg,images_variants/corgi/dropout.png,0,cross_image,26
images/threecolorcorgi.jpg,images_variants/corgi/blurred.png,0,cross_image,23
images/threecolorcorgi.jpg,images_variants/corgi/brightened.png,0,cross_image,28
images/threecolorcorgi.jpg,images_variants/corgi/darkened.png,0,cross_image,25
images/threecolorcorgi.jpg,images_variants/corgi/resized.png,0,cross_image,24
images/threecolorcorgi.jpg,images_variants/corgi/resized_up.png,0,cross_image,23
images/threecolorcorgi.jpg,images_variants/corgi/contrasted.png,0,cross_image,26
images/threecolorcorgi.jpg,images_variants/corgi/filtered.png,0,cross_image,23
images/threecolorcorgi.jpg,images_variants/corgi/channel_shifted.png,0,cross_image,28
images/threecolorcorgi.jpg,images_variants/corgi/cropped10.png,0,cross_image,27
images/threecolorcorgi.jpg,images_variants/corgi/cropped20.png,0,cross_image,29
images/threecolorcorgi.jpg,images_variants/corgi/cropped30.png,0,cross_image,24
images/threecolorcorgi.jpg,images_variants/corgi/quality_adjusted_20.jpg,0,cross_image,23
images/threecolorcorgi.jpg,images_variants/corgi/quality_adjusted_50.jpg,0,cross_image,23
images/threecolorcorgi.jpg,images_variants/corgi/quality_adjusted_80.jpg,0,cross_image,23
images/db10fa12e5d8164680ffd17b1b64fc1f.jpg,images/dragon-bridge.png,0,cross_image,31
images/db10fa12e5d8164680ffd17b1b64fc1f.jpg,images_variants/dragon-bridge/altered.png,0,cross_image,28
images/db10fa12e5d8164680ffd17b1b64fc1f.jpg,images_variants/dragon-bridge/grayscale.png,0,cross_image,31
images/db10fa12e5d8164680ffd17b1b64fc1f.jpg,images_variants/dragon-bridge/covered.png,0,cross_image,36
images/db10fa12e5d8164680ffd17b1b64fc1f.jpg,images_variants/dragon-bridge/dropout.png,0,cross_image,32
images/db10fa12e5d8164680ffd17b1b64fc1f.jpg,images_variants/dragon-bridge/blurred.png,0,cross_image,31
images/db10fa12e5d8164680ffd17b1b64fc1f.jpg,images_variants/dragon-bridge/brightened.png,0,cross_image,28
images/db10fa12e5d8164680ffd17b1b64fc1f.jpg,images_variants/dragon-bridge/darkened.png,0,cross_image,31
images/db10fa12e5d8164680ffd17b1b64fc1f.jpg,images_variants/dragon-bridge/resized.png,0,cross_image,31
images/db10fa12e5d8164680ffd17b1b64fc1f.jpg,images_variants/dragon-bridge/resized_up.png,0,cross_image,31
images/db10fa12e5d8164680ffd17b1b64fc1f.jpg,images_variants/dragon-bridge/contrasted.png,0,cross_image,28
images/db10fa12e5d8164680ffd17b1b64fc1f.jpg,images_variants/dragon-bridge/filtered.png,0,cross_image,29
images/db10fa12e5d8164680ffd17b1b64fc1f.jpg,images_variants/dragon-bridge/channel_shifted.png,0,cross_image,29
images/db10fa12e5d8164680ffd17b1b64fc1f.jpg,images_variants/dragon-bridge/cropped10.png,0,cross_image,31
images/db10fa12e5d8164680ffd17b1b64fc1f.jpg,images_variants/dragon-bridge/cropped20.png,0,cross_image,35
images/db10fa12e5d8164680ffd17b1b64fc1f.jpg,images_variants/dragon-bridge/cropped30.png,0,cross_image,29
images/db10fa12e5d8164680ffd17b1b64fc1f.jpg,images_variants/dragon-bridge/quality_adjusted_20.jpg,0,cross_image,31
images/db10fa12e5d8164680ffd17b1b64fc1f.jpg,images_variants/dragon-bridge/quality_adjusted_50.jpg,0,cross_image,31
images/db10fa12e5d8164680ffd17b1b64fc1f.jpg,images_variants/dragon-bridge/quality_adjusted_80.jpg,0,cross_image,31
images/dragon-bridge.png,images_variants/db10fa12e5d8164680ffd17b1b64fc1f/altered.png,0,cross_image,31
images/dragon-bridge.png,images_variants/db10fa12e5d8164680ffd17b1b64fc1f/grayscale.png,0,cross_image,31
images/dragon-bridge.png,images_variants/db10fa12e5d8164680ffd17b1b64fc1f/covered.png,0,cross_image,35
images/dragon-bridge.png,images_variants/db10fa12e5d8164680ffd17b1b64fc1f/dropout.png,0,cross_image,33
images/dragon-bridge.png,images_variants/db10fa12e5d8164680ffd17b1b64fc1f/blurred.png,0,cross_image,32
images/dragon-bridge.png,images_variants/db10fa12e5d8164680ffd17b1b64fc1f/brightened.png,0,cross_image,32
images/dragon-bridge.png,images_variants/db10fa12e5d8164680ffd17b1b64fc1f/darkened.png,0,cross_image,32
images/dragon-bridge.png,images_variants/db10fa12e5d8164680ffd17b1b64fc1f/resized.png,0,cross_image,31
images/dragon-bridge.png,images_variants/db10fa12e5d8164680ffd17b1b64fc1f/resized_up.png,0,cross_image,31
images/dragon-bridge.png,images_variants/db10fa12e5d8164680ffd17b1b64fc1f/contrasted.png,0,cross_image,31
images/dragon-bridge.png,images_variants/db10fa12e5d8164680ffd17b1b64fc1f/filtered.png,0,cross_image,31
images/dragon-bridge.png,images_variants/db10fa12e5d8164680ffd17b1b64fc1f/channel_shifted.png,0,cross_image,32
images/dragon-bridge.png,images_variants/db10fa12e5d8164680ffd17b1b64fc1f/cropped10.png,0,cross_image,31
images/dragon-bridge.png,images_variants/db10fa12e5d8164680ffd17b1b64fc1f/cropped20.png,0,cross_image,37
images/dragon-bridge.png,images_variants/db10fa12e5d8164680ffd17b1b64fc1f/cropped30.png,0,cross_image,37
images/dragon-bridge.png,images_variants/db10fa12e5d8164680ffd17b1b64fc1f/quality_adjusted_20.jpg,0,cross_image,30
images/dragon-bridge.png,images_variants/db10fa12e5d8164680ffd17b1b64fc1f/quality_adjusted_50.jpg,0,cross_image,31
images/dragon-bridge.png,images_variants/db10fa12e5d8164680ffd17b1b64fc1f/quality_adjusted_80.jpg,0,cross_image,31
images/db10fa12e5d8164680ffd17b1b64fc1f.jpg,images/golden_bridge.webp,0,cross_image,44
images/db10fa12e5d8164680ffd17b1b64fc1f.jpg,images_variants/golden_bridge/altered.png,0,cross_image,44
images/db10fa12e5d8164680ffd17b1b64fc1f.jpg,images_variants/golden_bridge/grayscale.png,0,cross_image,44
images/db10fa12e5d8164680ffd17b1b64fc1f.jpg,images_variants/golden_bridge/covered.png,0,cross_image,44
images/db10fa12e5d8164680ffd17b1b64fc1f.jpg,images_variants/golden_bridge/dropout.png,0,cross_image,45
images/db10fa12e5d8164680ffd17b1b64fc1f.jpg,images_variants/golden_bridge/blurred.png,0,cross_image,44
images/db10fa12e5d8164680ffd17b1b64fc1f.jpg,images_variants/golden_bridge/brightened.png,0,cross_image,45
images/db10fa12e5d8164680ffd17b1b64fc1f.jpg,images_variants/golden_bridge/darkened.png,0,cross_image,44
images/db10fa12e5d8164680ffd17b1b64fc1f.jpg,images_variants/golden_bridge/resized.png,0,cross_image,44
images/db10fa12e5d8164680ffd17b1b64fc1f.jpg,images_variants/golden_bridge/resized_up.png,0,cross_image,44
images/db10fa12e5d8164680ffd17b1b64fc1f.jpg,images_variants/golden_bridge/contrasted.png,0,cross_image,44
images/db10fa12e5d8164680ffd17b1b64fc1f.jpg,images_variants/golden_bridge/filtered.png,0,cross_image,44
images/db10fa12e5d8164680ffd17b1b64fc1f.jpg,images_variants/golden_bridge/channel_shifted.png,0,cross_image,43
images/db10fa12e5d8164680ffd17b1b64fc1f.jpg,images_variants/golden_bridge/cropped10.png,0,cross_image,42
images/db10fa12e5d8164680ffd17b1b64fc1f.jpg,images_variants/golden_bridge/cropped20.png,0,cross_image,41
images/db10fa12e5d8164680ffd17b1b64fc1f.jpg,images_variants/golden_bridge/cropped30.png,0,cross_image,34
images/db10fa12e5d8164680ffd17b1b64fc1f.jpg,images_variants/golden_bridge/quality_adjusted_20.jpg,0,cross_image,44
images/db10fa12e5d8164680ffd17b1b64fc1f.jpg,images_variants/golden_bridge/quality_adjusted_50.jpg,0,cross_image,44
images/db10fa12e5d8164680ffd17b1b64fc1f.jpg,images_variants/golden_bridge/quality_adjusted_80.jpg,0,cross_image,44
images/golden_bridge.webp,images_variants/db10fa12e5d8164680ffd17b1b64fc1f/altered.png,0,cross_image,44
images/golden_bridge.webp,images_variants/db10fa12e5d8164680ffd17b1b64fc1f/grayscale.png,0,cross_image,44
images/golden_bridge.webp,images_variants/db10fa12e5d8164680ffd17b1b64fc1f/covered.png,0,cross_image,42
images/golden_bridge.webp,images_variants/db10fa12e5d8164680ffd17b1b64fc1f/dropout.png,0,cross_image,36
images/golden_bridge.webp,images_variants/db10fa12e5d8164680ffd17b1b64fc1f/blurred.png,0,cross_image,43
images/golden_bridge.webp,images_variants/db10fa12e5d8164680ffd17b1b64fc1f/brightened.png,0,cross_image,43
images/golden_bridge.webp,images_variants/db10fa12e5d8164680ffd17b1b64fc1f/darkened.png,0,cross_image,41
images/golden_bridge.webp,images_variants/db10fa12e5d8164680ffd17b1b64fc1f/resized.png,0,cross_image,44
images/golden_bridge.webp,images_variants/db10fa12e5d8164680ffd17b1b64fc1f/resized_up.png,0,cross_image,44
images/golden_bridge.webp,images_variants/db10fa12e5d8164680ffd17b1b64fc1f/contrasted.png,0,cross_image,42
images/golden_bridge.webp,images_variants/db10fa12e5d8164680ffd17b1b64fc1f/filtered.png,0,cross_image,42
images/golden_bridge.webp,images_variants/db10fa12e5d8164680ffd17b1b64fc1f/channel_shifted.png,0,cross_image,41
images/golden_bridge.webp,images_variants/db10fa12e5d8164680ffd17b1b64fc1f/cropped10.png,0,cross_image,40
images/golden_bridge.webp,images_variants/db10fa12e5d8164680ffd17b1b64fc1f/cropped20.png,0,cross_image,38
images/golden_bridge.webp,images_variants/db10fa12e5d8164680ffd17b1b64fc1f/cropped30.png,0,cross_image,36
images/golden_bridge.webp,images_variants/db10fa12e5d8164680ffd17b1b64fc1f/quality_adjusted_20.jpg,0,cross_image,43
images/golden_bridge.webp,images_variants/db10fa12e5d8164680ffd17b1b64fc1f/quality_adjusted_50.jpg,0,cross_image,44
images/golden_bridge.webp,images_variants/db10fa12e5d8164680ffd17b1b64fc1f/quality_adjusted_80.jpg,0,cross_image,44
images/db10fa12e5d8164680ffd17b1b64fc1f.jpg,images/images.jpg,0,cross_image,31
images/db10fa12e5d8164680ffd17b1b64fc1f.jpg,images_variants/images/altered.png,0,cross_image,30
images/db10fa12e5d8164680ffd17b1b64fc1f.jpg,images_variants/images/grayscale.png,0,cross_image,31
images/db10fa12e5d8164680ffd17b1b64fc1f.jpg,images_variants/images/covered.png,0,cross_image,34
images/db10fa12e5d8164680ffd17b1b64fc1f.jpg,images_variants/images/dropout.png,0,cross_image,29
images/db10fa12e5d8164680ffd17b1b64fc1f.jpg,images_variants/images/blurred.png,0,cross_image,31
images/db10fa12e5d8164680ffd17b1b64fc1f.jpg,images_variants/images/brightened.png,0,cross_image,29
images/db10fa12e5d8164680ffd17b1b64fc1f.jpg,images_variants/images/darkened.png,0,cross_image,30
images/db10fa12e5d8164680ffd17b1b64fc1f.jpg,images_variants/images/resized.png,0,cross_image,31
images/db10fa12e5d8164680ffd17b1b64fc1f.jpg,images_variants/images/resized_up.png,0,cross_image,31
images/db10fa12e5d8164680ffd17b1b64fc1f.jpg,images_variants/images/contrasted.png,0,cross_image,30
images/db10fa12e5d8164680ffd17b1b64fc1f.jpg,images_variants/images/filtered.png,0,cross_image,31
images/db10fa12e5d8164680ffd17b1b64fc1f.jpg,images_variants/images/channel_shifted.png,0,cross_image,32
images/db10fa12e5d8164680ffd17b1b64fc1f.jpg,images_variants/images/cropped10.png,0,cross_image,30
images/db10fa12e5d8164680ffd17b1b64fc1f.jpg,images_variants/images/cropped20.png,0,cross_image,32
images/db10fa12e5d8164680ffd17b1b64fc1f.jpg,images_variants/images/cropped30.png,0,cross_image,33
images/db10fa12e5d8164680ffd17b1b64fc1f.jpg,images_variants/images/quality_adjusted_20.jpg,0,cross_image,31
images/db10fa12e5d8164680ffd17b1b64fc1f.jpg,images_variants/images/quality_adjusted_50.jpg,0,cross_image,31
images/db10fa12e5d8164680ffd17b1b64fc1f.jpg,images_variants/images/quality_adjusted_80.jpg,0,cross_image,31
images/images.jpg,images_variants/db10fa12e5d8164680ffd17b1b64fc1f/altered.png,0,cross_image,31
images/images.jpg,images_variants/db10fa12e5d8164680ffd17b1b64fc1f/grayscale.png,0,cross_image,31
images/images.jpg,images_variants/db10fa12e5d8164680ffd17b1b64fc1f/covered.png,0,cross_image,31
images/images.jpg,images_variants/db10fa12e5d8164680ffd17b1b64fc1f/dropout.png,0,cross_image,33
images/images.jpg,images_variants/db10fa12e5d8164680ffd17b1b64fc1f/blurred.png,0,cross_image,30
images/images.jpg,images_variants/db10fa12e5d8164680ffd17b1b64fc1f/brightened.png,0,cross_image,30
images/images.jpg,images_variants/db10fa12e5d8164680ffd17b1b64fc1f/darkened.png,0,cross_image,30
images/images.jpg,images_variants/db10fa12e5d8164680ffd17b1b64fc1f/resized.png,0,cross_image,31
images/images.jpg,images_variants/db10fa12e5d8164680ffd17b1b64fc1f/resized_up.png,0,cross_image,31
images/images.jpg,images_variants/db10fa12e5d8164680ffd17b1b64fc1f/contrasted.png,0,cross_image,31
images/images.jpg,images_variants/db10fa12e5d8164680ffd17b1b64fc1f/filtered.png,0,cross_image,31
images/images.jpg,images_variants/db10fa12e5d8164680ffd17b1b64fc1f/channel_shifted.png,0,cross_image,30
images/images.jpg,images_variants/db10fa12e5d8164680ffd17b1b64fc1f/cropped10.png,0,cross_image,31
images/images.jpg,images_variants/db10fa12e5d8164680ffd17b1b64fc1f/cropped20.png,0,cross_image,31
images/images.jpg,images_variants/db10fa12e5d8164680ffd17b1b64fc1f/cropped30.png,0,cross_image,35
images/images.jpg,images_variants/db10fa12e5d8164680ffd17b1b64fc1f/quality_adjusted_20.jpg,0,cross_image,32
images/images.jpg,images_variants/db10fa12e5d8164680ffd17b1b64fc1f/quality_adjusted_50.jpg,0,cross_image,31
images/images.jpg,images_variants/db10fa12e5d8164680ffd17b1b64fc1f/quality_adjusted_80.jpg,0,cross_image,31
images/db10fa12e5d8164680ffd17b1b64fc1f.jpg,images/IMG_5480-1-960x600.jpeg,0,cross_image,39
images/db10fa12e5d8164680ffd17b1b64fc1f.jpg,images_variants/IMG_5480-1-960x600/altered.png,0,cross_image,39
images/db10fa12e5d8164680ffd17b1b64fc1f.jpg,images_variants/IMG_5480-1-960x600/grayscale.png,0,cross_image,39
images/db10fa12e5d8164680ffd17b1b64fc1f.jpg,images_variants/IMG_5480-1-960x600/covered.png,0,cross_image,31
images/db10fa12e5d8164680ffd17b1b64fc1f.jpg,images_variants/IMG_5480-1-960x600/dropout.png,0,cross_image,38
images/db10fa12e5d8164680ffd17b1b64fc1f.jpg,images_variants/IMG_5480-1-960x600/blurred.png,0,cross_image,39
images/db10fa12e5d8164680ffd17b1b64fc1f.jpg,images_variants/IMG_5480-1-960x600/brightened.png,0,cross_image,36
images/db10fa12e5d8164680ffd17b1b64fc1f.jpg,images_variants/IMG_5480-1-960x600/darkened.png,0,cross_image,39
images/db10fa12e5d8164680ffd17b1b64fc1f.jpg,images_variants/IMG_5480-1-960x600/resized.png,0,cross_image,39
images/db10fa12e5d8164680ffd17b1b64fc1f.jpg,images_variants/IMG_5480-1-960x600/resized_up.png,0,cross_image,39
images/db10fa12e5d8164680ffd17b1b64fc1f.jpg,images_variants/IMG_5480-1-960x600/contrasted.png,0,cross_image,39
images/db10fa12e5d8164680ffd17b1b64fc1f.jpg,images_variants/IMG_5480-1-960x600/filtered.png,0,cross_image,39
images/db10fa12e5d8164680ffd17b1b64fc1f.jpg,images_variants/IMG_5480-1-960x600/channel_shifted.png,0,cross_image,38
images/db10fa12e5d8164680ffd17b1b64fc1f.jpg,images_variants/IMG_5480-1-960x600/cropped10.png,0,cross_image,38
images/db10fa12e5d8164680ffd17b1b64fc1f.jpg,images_variants/IMG_5480-1-960x600/cropped20.png,0,cross_image,34
images/db10fa12e5d8164680ffd17b1b64fc1f.jpg,images_variants/IMG_5480-1-960x600/cropped30.png,0,cross_image,29
images/db10fa12e5d8164680ffd17b1b64fc1f.jpg,images_variants/IMG_5480-1-960x600/quality_adjusted_20.jpg,0,cross_image,39
images/db10fa12e5d8164680ffd17b1b64fc1f.jpg,images_variants/IMG_5480-1-960x600/quality_adjusted_50.jpg,0,cross_image,39
images/db10fa12e5d8164680ffd17b1b64fc1f.jpg,images_variants/IMG_5480-1-960x600/quality_adjusted_80.jpg,0,cross_image,39
images/IMG_5480-1-960x600.jpeg,images_variants/db10fa12e5d8164680ffd17b1b64fc1f/altered.png,0,cross_image,39
images/IMG_5480-1-960x600.jpeg,images_variants/db10fa12e5d8164680ffd17b1b64fc1f/grayscale.png,0,cross_image,39
images/IMG_5480-1-960x600.jpeg,images_variants/db10fa12e5d8164680ffd17b1b64fc1f/covered.png,0,cross_image,43
images/IMG_5480-1-960x600.jpeg,images_variants/db10fa12e5d8164680ffd17b1b64fc1f/dropout.png,0,cross_image,41
images/IMG_5480-1-960x600.jpeg,images_variants/db10fa12e5d8164680ffd17b1b64fc1f/blurred.png,0,cross_image,40
images/IMG_5480-1-960x600.jpeg,images_variants/db10fa12e5d8164680ffd17b1b64fc1f/brightened.png,0,cross_image,40
images/IMG_5480-1-960x600.jpeg,images_variants/db10fa12e5d8164680ffd17b1b64fc1f/darkened.png,0,cross_image,40
images/IMG_5480-1-960x600.jpeg,images_variants/db10fa12e5d8164680ffd17b1b64fc1f/resized.png,0,cross_image,39
images/IMG_5480-1-960x600.jpeg,images_variants/db10fa12e5d8164680ffd17b1b64fc1f/resized_up.png,0,cross_image,39
images/IMG_5480-1-960x600.jpeg,images_variants/db10fa12e5d8164680ffd17b1b64fc1f/contrasted.png,0,cross_image,39
images/IMG_5480-1-960x600.jpeg,images_variants/db10fa12e5d8164680ffd17b1b64fc1f/filtered.png,0,cross_image,39
images/IMG_5480-1-960x600.jpeg,images_variants/db10fa12e5d8164680ffd17b1b64fc1f/channel_shifted.png,0,cross_image,40
images/IMG_5480-1-960x600.jpeg,images_variants/db10fa12e5d8164680ffd17b1b64fc1f/cropped10.png,0,cross_image,43
images/IMG_5480-1-960x600.jpeg,images_variants/db10fa12e5d8164680ffd17b1b64fc1f/cropped20.png,0,cross_image,47
images/IMG_5480-1-960x600.jpeg,images_variants/db10fa12e5d8164680ffd17b1b64fc1f/cropped30.png,0,cross_image,45
images/IMG_5480-1-960x600.jpeg,images_variants/db10fa12e5d8164680ffd17b1b64fc1f/quality_adjusted_20.jpg,0,cross_image,38
images/IMG_5480-1-960x600.jpeg,images_variants/db10fa12e5d8164680ffd17b1b64fc1f/quality_adjusted_50.jpg,0,cross_image,39
images/IMG_5480-1-960x600.jpeg,images_variants/db10fa12e5d8164680ffd17b1b64fc1f/quality_adjusted_80.jpg,0,cross_image,39
images/db10fa12e5d8164680ffd17b1b64fc1f.jpg,images/shiba-da-nang.png,0,cross_image,31
images/db10fa12e5d8164680ffd17b1b64fc1f.jpg,images_variants/shiba-da-nang/altered.png,0,cross_image,31
images/db10fa12e5d8164680ffd17b1b64fc1f.jpg,images_variants/shiba-da-nang/grayscale.png,0,cross_image,31
images/db10fa12e5d8164680ffd17b1b64fc1f.jpg,images_variants/shiba-da-nang/covered.png,0,cross_image,30
images/db10fa12e5d8164680ffd17b1b64fc1f.jpg,images_variants/shiba-da-nang/dropout.png,0,cross_image,37
images/db10fa12e5d8164680ffd17b1b64fc1f.jpg,images_variants/shiba-da-nang/blurred.png,0,cross_image,31
images/db10fa12e5d8164680ffd17b1b64fc1f.jpg,images_variants/shiba-da-nang/brightened.png,0,cross_image,30
images/db10fa12e5d8164680ffd17b1b64fc1f.jpg,images_variants/shiba-da-nang/darkened.png,0,cross_image,31
images/db10fa12e5d8164680ffd17b1b64fc1f.jpg,images_variants/shiba-da-nang/resized.png,0,cross_image,31
images/db10fa12e5d8164680ffd17b1b64fc1f.jpg,images_variants/shiba-da-nang/resized_up.png,0,cross_image,31
images/db10fa12e5d8164680ffd17b1b64fc1f.jpg,images_variants/shiba-da-nang/contrasted.png,0,cross_image,31
images/db10fa12e5d8164680ffd17b1b64fc1f.jpg,images_variants/shiba-da-nang/filtered.png,0,cross_image,31
images/db10fa12e5d8164680ffd17b1b64fc1f.jpg,images_variants/shiba-da-nang/channel_shifted.png,0,cross_image,28
images/db10fa12e5d8164680ffd17b1b64fc1f.jpg,images_variants/shiba-da-nang/cropped10.png,0,cross_image,36
images/db10fa12e5d8164680ffd17b1b64fc1f.jpg,images_variants/shiba-da-nang/cropped20.png,0,cross_image,38
images/db10fa12e5d8164680ffd17b1b64fc1f.jpg,images_variants/shiba-da-nang/cropped30.png,0,cross_image,29
images/db10fa12e5d8164680ffd17b1b64fc1f.jpg,images_variants/shiba-da-nang/quality_adjusted_20.jpg,0,cross_image,31
images/db10fa12e5d8164680ffd17b1b64fc1f.jpg,images_variants/shiba-da-nang/quality_adjusted_50.jpg,0,cross_image,31
images/db10fa12e5d8164680ffd17b1b64fc1f.jpg,images_variants/shiba-da-nang/quality_adjusted_80.jpg,0,cross_image,31
images/shiba-da-nang.png,images_variants/db10fa12e5d8164680ffd17b1b64fc1f/altered.png,0,cross_image,31
images/shiba-da-nang.png,images_variants/db10fa12e5d8164680ffd17b1b64fc1f/grayscale.png,0,cross_image,31
images/shiba-da-nang.png,images_variants/db10fa12e5d8164680ffd17b1b64fc1f/covered.png,0,cross_image,27
images/shiba-da-nang.png,images_variants/db10fa12e5d8164680ffd17b1b64fc1f/dropout.png,0,cross_image,35
images/shiba-da-nang.png,images_variants/db10fa12e5d8164680ffd17b1b64fc1f/blurred.png,0,cross_image,30
images/shiba-da-nang.png,images_variants/db10fa12e5d8164680ffd17b1b64fc1f/brightened.png,0,cross_image,28
images/shiba-da-nang.png,images_variants/db10fa12e5d8164680ffd17b1b64fc1f/darkened.png,0,cross_image,28
images/shiba-da-nang.png,images_variants/db10fa12e5d8164680ffd17b1b64fc1f/resized.png,0,cross_image,31
images/shiba-da-nang.png,images_variants/db10fa12e5d8164680ffd17b1b64fc1f/resized_up.png,0,cross_image,31
images/shiba-da-nang.png,images_variants/db10fa12e5d8164680ffd17b1b64fc1f/contrasted.png,0,cross_image,29
images/shiba-da-nang.png,images_variants/db10fa12e5d8164680ffd17b1b64fc1f/filtered.png,0,cross_image,29
images/shiba-da-nang.png,images_variants/db10fa12e5d8164680ffd17b1b64fc1f/channel_shifted.png,0,cross_image,28
images/shiba-da-nang.png,images_variants/db10fa12e5d8164680ffd17b1b64fc1f/cropped10.png,0,cross_image,25
images/shiba-da-nang.png,images_variants/db10fa12e5d8164680ffd17b1b64fc1f/cropped20.png,0,cross_image,29
images/shiba-da-nang.png,images_variants/db10fa12e5d8164680ffd17b1b64fc1f/cropped30.png,0,cross_image,27
images/shiba-da-nang.png,images_variants/db10fa12e5d8164680ffd17b1b64fc1f/quality_adjusted_20.jpg,0,cross_image,30
images/shiba-da-nang.png,images_variants/db10fa12e5d8164680ffd17b1b64fc1f/quality_adjusted_50.jpg,0,cross_image,31
images/shiba-da-nang.png,images_variants/db10fa12e5d8164680ffd17b1b64fc1f/quality_adjusted_80.jpg,0,cross_image,31
images/db10fa12e5d8164680ffd17b1b64fc1f.jpg,images/Shiba.jpg,0,cross_image,26
images/db10fa12e5d8164680ffd17b1b64fc1f.jpg,images_variants/Shiba/altered.png,0,cross_image,26
images/db10fa12e5d8164680ffd17b1b64fc1f.jpg,images_variants/Shiba/grayscale.png,0,cross_image,26
images/db10fa12e5d8164680ffd17b1b64fc1f.jpg,images_variants/Shiba/covered.png,0,cross_image,28
images/db10fa12e5d8164680ffd17b1b64fc1f.jpg,images_variants/Shiba/dropout.png,0,cross_image,33
images/db10fa12e5d8164680ffd17b1b64fc1f.jpg,images_variants/Shiba/blurred.png,0,cross_image,26
images/db10fa12e5d8164680ffd17b1b64fc1f.jpg,images_variants/Shiba/brightened.png,0,cross_image,27
images/db10fa12e5d8164680ffd17b1b64fc1f.jpg,images_variants/Shiba/darkened.png,0,cross_image,26
images/db10fa12e5d8164680ffd17b1b64fc1f.jpg,images_variants/Shiba/resized.png,0,cross_image,26
images/db10fa12e5d8164680ffd17b1b64fc1f.jpg,images_variants/Shiba/resized_up.png,0,cross_image,26
images/db10fa12e5d8164680ffd17b1b64fc1f.jpg,images_variants/Shiba/contrasted.png,0,cross_image,26
images/db10fa12e5d8164680ffd17b1b64fc1f.jpg,images_variants/Shiba/filtered.png,0,cross_image,26
images/db10fa12e5d8164680ffd17b1b64fc1f.jpg,images_variants/Shiba/channel_shifted.png,0,cross_image,26
images/db10fa12e5d8164680ffd17b1b64fc1f.jpg,images_variants/Shiba/cropped10.png,0,cross_image,28
images/db10fa12e5d8164680ffd17b1b64fc1f.jpg,images_variants/Shiba/cropped20.png,0,cross_image,23
images/db10fa12e5d8164680ffd17b1b64fc1f.jpg,images_variants/Shiba/cropped30.png,0,cross_image,20
images/db10fa12e5d8164680ffd17b1b64fc1f.jpg,images_variants/Shiba/quality_adjusted_20.jpg,0,cross_image,26
images/db10fa12e5d8164680ffd17b1b64fc1f.jpg,images_variants/Shiba/quality_adjusted_50.jpg,0,cross_image,26
images/db10fa12e5d8164680ffd17b1b64fc1f.jpg,images_variants/Shiba/quality_adjusted_80.jpg,0,cross_image,26
images/Shiba.jpg,images_variants/db10fa12e5d8164680ffd17b1b64fc1f/altered.png,0,cross_image,26
images/Shiba.jpg,images_variants/db10fa12e5d8164680ffd17b1b64fc1f/grayscale.png,0,cross_image,26
images/Shiba.jpg,images_variants/db10fa12e5d8164680ffd17b1b64fc1f/covered.png,0,cross_image,28
images/Shiba.jpg,images_variants/db10fa12e5d8164680ffd17b1b64fc1f/dropout.png,0,cross_image,28
images/Shiba.jpg,images_variants/db10fa12e5d8164680ffd17b1b64fc1f/blurred.png,0,cross_image,27
images/Shiba.jpg,images_variants/db10fa12e5d8164680ffd17b1b64fc1f/brightened.png,0,cross_image,29
images/Shiba.jpg,images_variants/db10fa12e5d8164680ffd17b1b64fc1f/darkened.png,0,cross_image,29
images/Shiba.jpg,images_variants/db10fa12e5d8164680ffd17b1b64fc1f/resized.png,0,cross_image,26
images/Shiba.jpg,images_variants/db10fa12e5d8164680ffd17b1b64fc1f/resized_up.png,0,cross_image,26
images/Shiba.jpg,images_variants/db10fa12e5d8164680ffd17b1b64fc1f/contrasted.png,0,cross_image,28
images/Shiba.jpg,images_variants/db10fa12e5d8164680ffd17b1b64fc1f/filtered.png,0,cross_image,28
images/Shiba.jpg,images_variants/db10fa12e5d8164680ffd17b1b64fc1f/channel_shifted.png,0,cross_image,29
images/Shiba.jpg,images_variants/db10fa12e5d8164680ffd17b1b64fc1f/cropped10.png,0,cross_image,28
images/Shiba.jpg,images_variants/db10fa12e5d8164680ffd17b1b64fc1f/cropped20.png,0,cross_image,28
images/Shiba.jpg,images_variants/db10fa12e5d8164680ffd17b1b64fc1f/cropped30.png,0,cross_image,36
images/Shiba.jpg,images_variants/db10fa12e5d8164680ffd17b1b64fc1f/quality_adjusted_20.jpg,0,cross_image,27
images/Shiba.jpg,images_variants/db10fa12e5d8164680ffd17b1b64fc1f/quality_adjusted_50.jpg,0,cross_image,26
images/Shiba.jpg,images_variants/db10fa12e5d8164680ffd17b1b64fc1f/quality_adjusted_80.jpg,0,cross_image,26
images/db10fa12e5d8164680ffd17b1b64fc1f.jpg,images/threecolorcorgi.jpg,0,cross_image,35
images/db10fa12e5d8164680ffd17b1b64fc1f.jpg,images_variants/threecolorcorgi/altered.png,0,cross_image,36
images/db10fa12e5d8164680ffd17b1b64fc1f.jpg,images_variants/threecolorcorgi/grayscale.png,0,cross_image,35
images/db10fa12e5d8164680ffd17b1b64fc1f.jpg,images_variants/threecolorcorgi/covered.png,0,cross_image,37
images/db10fa12e5d8164680ffd17b1b64fc1f.jpg,images_variants/threecolorcorgi/dropout.png,0,cross_image,33
images/db10fa12e5d8164680ffd17b1b64fc1f.jpg,images_variants/threecolorcorgi/blurred.png,0,cross_image,35
images/db10fa12e5d8164680ffd17b1b64fc1f.jpg,images_variants/threecolorcorgi/brightened.png,0,cross_image,39
images/db10fa12e5d8164680ffd17b1b64fc1f.jpg,images_variants/threecolorcorgi/darkened.png,0,cross_image,35
images/db10fa12e5d8164680ffd17b1b64fc1f.jpg,images_variants/threecolorcorgi/resized.png,0,cross_image,35
images/db10fa12e5d8164680ffd17b1b64fc1f.jpg,images_variants/threecolorcorgi/resized_up.png,0,cross_image,35
images/db10fa12e5d8164680ffd17b1b64fc1f.jpg,images_variants/threecolorcorgi/contrasted.png,0,cross_image,35
images/db10fa12e5d8164680ffd17b1b64fc1f.jpg,images_variants/threecolorcorgi/filtered.png,0,cross_image,36
images/db10fa12e5d8164680ffd17b1b64fc1f.jpg,images_variants/threecolorcorgi/channel_shifted.png,0,cross_image,37
images/db10fa12e5d8164680ffd17b1b64fc1f.jpg,images_variants/threecolorcorgi/cropped10.png,0,cross_image,40
images/db10fa12e5d8164680ffd17b1b64fc1f.jpg,images_variants/threecolorcorgi/cropped20.png,0,cross_image,37
images/db10fa12e5d8164680ffd17b1b64fc1f.jpg,images_variants/threecolorcorgi/cropped30.png,0,cross_image,31
images/db10fa12e5d8164680ffd17b1b64fc1f.jpg,images_variants/threecolorcorgi/quality_adjusted_20.jpg,0,cross_image,36
images/db10fa12e5d8164680ffd17b1b64fc1f.jpg,images_variants/threecolorcorgi/quality_adjusted_50.jpg,0,cross_image,35
images/db10fa12e5d8164680ffd17b1b64fc1f.jpg,images_variants/threecolorcorgi/quality_adjusted_80.jpg,0,cross_image,35
images/threecolorcorgi.jpg,images_variants/db10fa12e5d8164680ffd17b1b64fc1f/altered.png,0,cross_image,35
images/threecolorcorgi.jpg,images_variants/db10fa12e5d8164680ffd17b1b64fc1f/grayscale.png,0,cross_image,35
images/threecolorcorgi.jpg,images_variants/db10fa12e5d8164680ffd17b1b64fc1f/covered.png,0,cross_image,33
images/threecolorcorgi.jpg,images_variants/db10fa12e5d8164680ffd17b1b64fc1f/dropout.png,0,cross_image,33
images/threecolorcorgi.jpg,images_variants/db10fa12e5d8164680ffd17b1b64fc1f/blurred.png,0,cross_image,36
images/threecolorcorgi.jpg,images_variants/db10fa12e5d8164680ffd17b1b64fc1f/brightened.png,0,cross_image,34
images/threecolorcorgi.jpg,images_variants/db10fa12e5d8164680ffd17b1b64fc1f/darkened.png,0,cross_image,36
images/threecolorcorgi.jpg,images_variants/db10fa12e5d8164680ffd17b1b64fc1f/resized.png,0,cross_image,35
images/threecolorcorgi.jpg,images_variants/db10fa12e5d8164680ffd17b1b64fc1f/resized_up.png,0,cross_image,35
images/threecolorcorgi.jpg,images_variants/db10fa12e5d8164680ffd17b1b64fc1f/contrasted.png,0,cross_image,35
images/threecolorcorgi.jpg,images_variants/db10fa12e5d8164680ffd17b1b64fc1f/filtered.png,0,cross_image,37
images/threecolorcorgi.jpg,images_variants/db10fa12e5d8164680ffd17b1b64fc1f/channel_shifted.png,0,cross_image,36
images/threecolorcorgi.jpg,images_variants/db10fa12e5d8164680ffd17b1b64fc1f/cropped10.png,0,cross_image,33
images/threecolorcorgi.jpg,images_variants/db10fa12e5d8164680ffd17b1b64fc1f/cropped20.png,0,cross_image,29
images/threecolorcorgi.jpg,images_variants/db10fa12e5d8164680ffd17b1b64fc1f/cropped30.png,0,cross_image,25
images/threecolorcorgi.jpg,images_variants/db10fa12e5d8164680ffd17b1b64fc1f/quality_adjusted_20.jpg,0,cross_image,36
images/threecolorcorgi.jpg,images_variants/db10fa12e5d8164680ffd17b1b64fc1f/quality_adjusted_50.jpg,0,cross_image,35
images/threecolorcorgi.jpg,images_variants/db10fa12e5d8164680ffd17b1b64fc1f/quality_adjusted_80.jpg,0,cross_image,35
images/dragon-bridge.png,images/golden_bridge.webp,0,cross_image,29
images/dragon-bridge.png,images_variants/golden_bridge/altered.png,0,cross_image,29
images/dragon-bridge.png,images_variants/golden_bridge/grayscale.png,0,cross_image,29
images/dragon-bridge.png,images_variants/golden_bridge/covered.png,0,cross_image,31
images/dragon-bridge.png,images_variants/golden_bridge/dropout.png,0,cross_image,32
images/dragon-bridge.png,images_variants/golden_bridge/blurred.png,0,cross_image,29
images/dragon-bridge.png,images_variants/golden_bridge/brightened.png,0,cross_image,30
images/dragon-bridge.png,images_variants/golden_bridge/darkened.png,0,cross_image,29
images/dragon-bridge.png,images_variants/golden_bridge/resized.png,0,cross_image,29
images/dragon-bridge.png,images_variants/golden_bridge/resized_up.png,0,cross_image,29
images/dragon-bridge.png,images_variants/golden_bridge/contrasted.png,0,cross_image,29
images/dragon-bridge.png,images_variants/golden_bridge/filtered.png,0,cross_image,29
images/dragon-bridge.png,images_variants/golden_bridge/channel_shifted.png,0,cross_image,28
images/dragon-bridge.png,images_variants/golden_bridge/cropped10.png,0,cross_image,33
images/dragon-bridge.png,images_variants/golden_bridge/cropped20.png,0,cross_image,34
images/dragon-bridge.png,images_variants/golden_bridge/cropped30.png,0,cross_image,33
images/dragon-bridge.png,images_variants/golden_bridge/quality_adjusted_20.jpg,0,cross_image,29
images/dragon-bridge.png,images_variants/golden_bridge/quality_adjusted_50.jpg,0,cross_image,29
images/dragon-bridge.png,images_variants/golden_bridge/quality_adjusted_80.jpg,0,cross_image,29
images/golden_bridge.webp,images_variants/dragon-bridge/altered.png,0,cross_image,28
images/golden_bridge.webp,images_variants/dragon-bridge/grayscale.png,0,cross_image,29
images/golden_bridge.webp,images_variants/dragon-bridge/covered.png,0,cross_image,26
images/golden_bridge.webp,images_variants/dragon-bridge/dropout.png,0,cross_image,26
images/golden_bridge.webp,images_variants/dragon-bridge/blurred.png,0,cross_image,29
images/golden_bridge.webp,images_variants/dragon-bridge/brightened.png,0,cross_image,28
images/golden_bridge.webp,images_variants/dragon-bridge/darkened.png,0,cross_image,29
images/golden_bridge.webp,images_variants/dragon-bridge/resized.png,0,cross_image,29
images/golden_bridge.webp,images_variants/dragon-bridge/resized_up.png,0,cross_image,29
images/golden_bridge.webp,images_variants/dragon-bridge/contrasted.png,0,cross_image,28
images/golden_bridge.webp,images_variants/dragon-bridge/filtered.png,0,cross_image,29
images/golden_bridge.webp,images_variants/dragon-bridge/channel_shifted.png,0,cross_image,29
images/golden_bridge.webp,images_variants/dragon-bridge/cropped10.png,0,cross_image,31
images/golden_bridge.webp,images_variants/dragon-bridge/cropped20.png,0,cross_image,37
images/golden_bridge.webp,images_variants/dragon-bridge/cropped30.png,0,cross_image,41
images/golden_bridge.webp,images_variants/dragon-bridge/quality_adjusted_20.jpg,0,cross_image,29
images/golden_bridge.webp,images_variants/dragon-bridge/quality_adjusted_50.jpg,0,cross_image,29
images/golden_bridge.webp,images_variants/dragon-bridge/quality_adjusted_80.jpg,0,cross_image,29
images/dragon-bridge.png,images/images.jpg,0,cross_image,26
images/dragon-bridge.png,images_variants/images/altered.png,0,cross_image,27
images/dragon-bridge.png,images_variants/images/grayscale.png,0,cross_image,26
images/dragon-bridge.png,images_variants/images/covered.png,0,cross_image,27
images/dragon-bridge.png,images_variants/images/dropout.png,0,cross_image,28
images/dragon-bridge.png,images_variants/images/blurred.png,0,cross_image,26
images/dragon-bridge.png,images_variants/images/brightened.png,0,cross_image,30
images/dragon-bridge.png,images_variants/images/darkened.png,0,cross_image,27
images/dragon-bridge.png,images_variants/images/resized.png,0,cross_image,26
images/dragon-bridge.png,images_variants/images/resized_up.png,0,cross_image,26
images/dragon-bridge.png,images_variants/images/contrasted.png,0,cross_image,27
images/dragon-bridge.png,images_variants/images/filtered.png,0,cross_image,26
images/dragon-bridge.png,images_variants/images/channel_shifted.png,0,cross_image,29
images/dragon-bridge.png,images_variants/images/cropped10.png,0,cross_image,31
images/dragon-bridge.png,images_variants/images/cropped20.png,0,cross_image,33
images/dragon-bridge.png,images_variants/images/cropped30.png,0,cross_image,42
images/dragon-bridge.png,images_variants/images/quality_adjusted_20.jpg,0,cross_image,26
images/dragon-bridge.png,images_variants/images/quality_adjusted_50.jpg,0,cross_image,26
images/dragon-bridge.png,images_variants/images/quality_adjusted_80.jpg,0,cross_image,26
images/images.jpg,images_variants/dragon-bridge/altered.png,0,cross_image,25
images/images.jpg,images_variants/dragon-bridge/grayscale.png,0,cross_image,26
images/images.jpg,images_variants/dragon-bridge/covered.png,0,cross_image,25
images/images.jpg,images_variants/dragon-bridge/dropout.png,0,cross_image,25
images/images.jpg,images_variants/dragon-bridge/blurred.png,0,cross_image,26
images/images.jpg,images_variants/dragon-bridge/brightened.png,0,cross_image,25
images/images.jpg,images_variants/dragon-bridge/darkened.png,0,cross_image,26
images/images.jpg,images_variants/dragon-bridge/resized.png,0,cross_image,26
images/images.jpg,images_variants/dragon-bridge/resized_up.png,0,cross_image,26
images/images.jpg,images_variants/dragon-bridge/contrasted.png,0,cross_image,25
images/images.jpg,images_variants/dragon-bridge/filtered.png,0,cross_image,24
images/images.jpg,images_variants/dragon-bridge/channel_shifted.png,0,cross_image,26
images/images.jpg,images_variants/dragon-bridge/cropped10.png,0,cross_image,24
images/images.jpg,images_variants/dragon-bridge/cropped20.png,0,cross_image,32
images/images.jpg,images_variants/dragon-bridge/cropped30.png,0,cross_image,32
images/images.jpg,images_variants/dragon-bridge/quality_adjusted_20.jpg,0,cross_image,26
images/images.jpg,images_variants/dragon-bridge/quality_adjusted_50.jpg,0,cross_image,26
images/images.jpg,images_variants/dragon-bridge/quality_adjusted_80.jpg,0,cross_image,26
images/dragon-bridge.png,images/IMG_5480-1-960x600.jpeg,0,cross_image,28
images/dragon-bridge.png,images_variants/IMG_5480-1-960x600/altered.png,0,cross_image,28
images/dragon-bridge.png,images_variants/IMG_5480-1-960x600/grayscale.png,0,cross_image,28
images/dragon-bridge.png,images_variants/IMG_5480-1-960x600/covered.png,0,cross_image,30
images/dragon-bridge.png,images_variants/IMG_5480-1-960x600/dropout.png,0,cross_image,29
images/dragon-bridge.png,images_variants/IMG_5480-1-960x600/blurred.png,0,cross_image,28
images/dragon-bridge.png,images_variants/IMG_5480-1-960x600/brightened.png,0,cross_image,27
images/dragon-bridge.png,images_variants/IMG_5480-1-960x600/darkened.png,0,cross_image,28
images/dragon-bridge.png,images_variants/IMG_5480-1-960x600/resized.png,0,cross_image,28
images/dragon-bridge.png,images_variants/IMG_5480-1-960x600/resized_up.png,0,cross_image,28
images/dragon-bridge.png,images_variants/IMG_5480-1-960x600/contrasted.png,0,cross_image,28
images/dragon-bridge.png,images_variants/IMG_5480-1-960x600/filtered.png,0,cross_image,28
images/dragon-bridge.png,images_variants/IMG_5480-1-960x600/channel_shifted.png,0,cross_image,27
images/dragon-bridge.png,images_variants/IMG_5480-1-960x600/cropped10.png,0,cross_image,27
images/dragon-bridge.png,images_variants/IMG_5480-1-960x600/cropped20.png,0,cross_image,25
images/dragon-bridge.png,images_variants/IMG_5480-1-960x600/cropped30.png,0,cross_image,28
images/dragon-bridge.png,images_variants/IMG_5480-1-960x600/quality_adjusted_20.jpg,0,cross_image,28
images/dragon-bridge.png,images_variants/IMG_5480-1-960x600/quality_adjusted_50.jpg,0,cross_image,28
images/dragon-bridge.png,images_variants/IMG_5480-1-960x600/quality_adjusted_80.jpg,0,cross_image,28
images/IMG_5480-1-960x600.jpeg,images_variants/dragon-bridge/altered.png,0,cross_image,27
images/IMG_5480-1-960x600.jpeg,images_variants/dragon-bridge/grayscale.png,0,cross_image,28
images/IMG_5480-1-960x600.jpeg,images_variants/dragon-bridge/covered.png,0,cross_image,29
images/IMG_5480-1-960x600.jpeg,images_variants/dragon-bridge/dropout.png,0,cross_image,27
images/IMG_5480-1-960x600.jpeg,images_variants/dragon-bridge/blurred.png,0,cross_image,28
images/IMG_5480-1-960x600.jpeg,images_variants/dragon-bridge/brightened.png,0,cross_image,29
images/IMG_5480-1-960x600.jpeg,images_variants/dragon-bridge/darkened.png,0,cross_image,28
images/IMG_5480-1-960x600.jpeg,images_variants/dragon-bridge/resized.png,0,cross_image,28
images/IMG_5480-1-960x600.jpeg,images_variants/dragon-bridge/resized_up.png,0,cross_image,28
images/IMG_5480-1-960x600.jpeg,images_variants/dragon-bridge/contrasted.png,0,cross_image,27
images/IMG_5480-1-960x600.jpeg,images_variants/dragon-bridge/filtered.png,0,cross_image,28
images/IMG_5480-1-960x600.jpeg,images_variants/dragon-bridge/channel_shifted.png,0,cross_image,28
images/IMG_5480-1-960x600.jpeg,images_variants/dragon-bridge/cropped10.png,0,cross_image,24
images/IMG_5480-1-960x600.jpeg,images_variants/dragon-bridge/cropped20.png,0,cross_image,24
images/IMG_5480-1-960x600.jpeg,images_variants/dragon-bridge/cropped30.png,0,cross_image,26
images/IMG_5480-1-960x600.jpeg,images_variants/dragon-bridge/quality_adjusted_20.jpg,0,cross_image,28
images/IMG_5480-1-960x600.jpeg,images_variants/dragon-bridge/quality_adjusted_50.jpg,0,cross_image,28
images/IMG_5480-1-960x600.jpeg,images_variants/dragon-bridge/quality_adjusted_80.jpg,0,cross_image,28
images/dragon-bridge.png,images/shiba-da-nang.png,0,cross_image,26
images/dragon-bridge.png,images_variants/shiba-da-nang/altered.png,0,cross_image,26
images/dragon-bridge.png,images_variants/shiba-da-nang/grayscale.png,0,cross_image,26
images/dragon-bridge.png,images_variants/shiba-da-nang/covered.png,0,cross_image,33
images/dragon-bridge.png,images_variants/shiba-da-nang/dropout.png,0,cross_image,30
images/dragon-bridge.png,images_variants/shiba-da-nang/blurred.png,0,cross_image,26
images/dragon-bridge.png,images_variants/shiba-da-nang/brightened.png,0,cross_image,27
images/dragon-bridge.png,images_variants/shiba-da-nang/darkened.png,0,cross_image,26
images/dragon-bridge.png,images_variants/shiba-da-nang/resized.png,0,cross_image,26
images/dragon-bridge.png,images_variants/shiba-da-nang/resized_up.png,0,cross_image,26
images/dragon-bridge.png,images_variants/shiba-da-nang/contrasted.png,0,cross_image,26
images/dragon-bridge.png,images_variants/shiba-da-nang/filtered.png,0,cross_image,26
images/dragon-bridge.png,images_variants/shiba-da-nang/channel_shifted.png,0,cross_image,23
images/dragon-bridge.png,images_variants/shiba-da-nang/cropped10.png,0,cross_image,27
images/dragon-bridge.png,images_variants/shiba-da-nang/cropped20.png,0,cross_image,35
images/dragon-bridge.png,images_variants/shiba-da-nang/cropped30.png,0,cross_image,42
images/dragon-bridge.png,images_variants/shiba-da-nang/quality_adjusted_20.jpg,0,cross_image,26
images/dragon-bridge.png,images_variants/shiba-da-nang/quality_adjusted_50.jpg,0,cross_image,26
images/dragon-bridge.png,images_variants/shiba-da-nang/quality_adjusted_80.jpg,0,cross_image,26
images/shiba-da-nang.png,images_variants/dragon-bridge/altered.png,0,cross_image,23
images/shiba-da-nang.png,images_variants/dragon-bridge/grayscale.png,0,cross_image,26
images/shiba-da-nang.png,images_variants/dragon-bridge/covered.png,0,cross_image,21
images/shiba-da-nang.png,images_variants/dragon-bridge/dropout.png,0,cross_image,25
images/shiba-da-nang.png,images_variants/dragon-bridge/blurred.png,0,cross_image,26
images/shiba-da-nang.png,images_variants/dragon-bridge/brightened.png,0,cross_image,23
images/shiba-da-nang.png,images_variants/dragon-bridge/darkened.png,0,cross_image,26
images/shiba-da-nang.png,images_variants/dragon-bridge/resized.png,0,cross_image,26
images/shiba-da-nang.png,images_variants/dragon-bridge/resized_up.png,0,cross_image,26
images/shiba-da-nang.png,images_variants/dragon-bridge/contrasted.png,0,cross_image,23
images/shiba-da-nang.png,images_variants/dragon-bridge/filtered.png,0,cross_image,24
images/shiba-da-nang.png,images_variants/dragon-bridge/channel_shifted.png,0,cross_image,24
images/shiba-da-nang.png,images_variants/dragon-bridge/cropped10.png,0,cross_image,22
images/shiba-da-nang.png,images_variants/dragon-bridge/cropped20.png,0,cross_image,30
images/shiba-da-nang.png,images_variants/dragon-bridge/cropped30.png,0,cross_image,34
images/shiba-da-nang.png,images_variants/dragon-bridge/quality_adjusted_20.jpg,0,cross_image,26
images/shiba-da-nang.png,images_variants/dragon-bridge/quality_adjusted_50.jpg,0,cross_image,26
images/shiba-da-nang.png,images_variants/dragon-bridge/quality_adjusted_80.jpg,0,cross_image,26
images/dragon-bridge.png,images/Shiba.jpg,0,cross_image,37
images/dragon-bridge.png,images_variants/Shiba/altered.png,0,cross_image,37
images/dragon-bridge.png,images_variants/Shiba/grayscale.png,0,cross_image,37
images/dragon-bridge.png,images_variants/Shiba/covered.png,0,cross_image,41
images/dragon-bridge.png,images_variants/Shiba/dropout.png,0,cross_image,32
images/dragon-bridge.png,images_variants/Shiba/blurred.png,0,cross_image,37
images/dragon-bridge.png,images_variants/Shiba/brightened.png,0,cross_image,38
images/dragon-bridge.png,images_variants/Shiba/darkened.png,0,cross_image,37
images/dragon-bridge.png,images_variants/Shiba/resized.png,0,cross_image,37
images/dragon-bridge.png,images_variants/Shiba/resized_up.png,0,cross_image,37
images/dragon-bridge.png,images_variants/Shiba/contrasted.png,0,cross_image,37
images/dragon-bridge.png,images_variants/Shiba/filtered.png,0,cross_image,37
images/dragon-bridge.png,images_variants/Shiba/channel_shifted.png,0,cross_image,37
images/dragon-bridge.png,images_variants/Shiba/cropped10.png,0,cross_image,39
images/dragon-bridge.png,images_variants/Shiba/cropped20.png,0,cross_image,38
images/dragon-bridge.png,images_variants/Shiba/cropped30.png,0,cross_image,37
images/dragon-bridge.png,images_variants/Shiba/quality_adjusted_20.jpg,0,cross_image,37
images/dragon-bridge.png,images_variants/Shiba/quality_adjusted_50.jpg,0,cross_image,37
images/dragon-bridge.png,images_variants/Shiba/quality_adjusted_80.jpg,0,cross_image,37
images/Shiba.jpg,images_variants/dragon-bridge/altered.png,0,cross_image,36
images/Shiba.jpg,images_variants/dragon-bridge/grayscale.png,0,cross_image,37
images/Shiba.jpg,images_variants/dragon-bridge/covered.png,0,cross_image,40
images/Shiba.jpg,images_variants/dragon-bridge/dropout.png,0,cross_image,38
images/Shiba.jpg,images_variants/dragon-bridge/blurred.png,0,cross_image,37
images/Shiba.jpg,images_variants/dragon-bridge/brightened.png,0,cross_image,36
images/Shiba.jpg,images_variants/dragon-bridge/darkened.png,0,cross_image,37
images/Shiba.jpg,images_variants/dragon-bridge/resized.png,0,cross_image,37
images/Shiba.jpg,images_variants/dragon-bridge/resized_up.png,0,cross_image,37
images/Shiba.jpg,images_variants/dragon-bridge/contrasted.png,0,cross_image,36
images/Shiba.jpg,images_variants/dragon-bridge/filtered.png,0,cross_image,35
images/Shiba.jpg,images_variants/dragon-bridge/channel_shifted.png,0,cross_image,37
images/Shiba.jpg,images_variants/dragon-bridge/cropped10.png,0,cross_image,33
images/Shiba.jpg,images_variants/dragon-bridge/cropped20.png,0,cross_image,23
images/Shiba.jpg,images_variants/dragon-bridge/cropped30.png,0,cross_image,25
images/Shiba.jpg,images_variants/dragon-bridge/quality_adjusted_20.jpg,0,cross_image,37
images/Shiba.jpg,images_variants/dragon-bridge/quality_adjusted_50.jpg,0,cross_image,37
images/Shiba.jpg,images_variants/dragon-bridge/quality_adjusted_80.jpg,0,cross_image,37
images/dragon-bridge.png,images/threecolorcorgi.jpg,0,cross_image,28
images/dragon-bridge.png,images_variants/threecolorcorgi/altered.png,0,cross_image,29
images/dragon-bridge.png,images_variants/threecolorcorgi/grayscale.png,0,cross_image,28
images/dragon-bridge.png,images_variants/threecolorcorgi/covered.png,0,cross_image,28
images/dragon-bridge.png,images_variants/threecolorcorgi/dropout.png,0,cross_image,26
images/dragon-bridge.png,images_variants/threecolorcorgi/blurred.png,0,cross_image,28
images/dragon-bridge.png,images_variants/threecolorcorgi/brightened.png,0,cross_image,28
images/dragon-bridge.png,images_variants/threecolorcorgi/darkened.png,0,cross_image,28
images/dragon-bridge.png,images_variants/threecolorcorgi/resized.png,0,cross_image,28
images/dragon-bridge.png,images_variants/threecolorcorgi/resized_up.png,0,cross_image,28
images/dragon-bridge.png,images_variants/threecolorcorgi/contrasted.png,0,cross_image,28
images/dragon-bridge.png,images_variants/threecolorcorgi/filtered.png,0,cross_image,27
images/dragon-bridge.png,images_variants/threecolorcorgi/channel_shifted.png,0,cross_image,30
images/dragon-bridge.png,images_variants/threecolorcorgi/cropped10.png,0,cross_image,37
images/dragon-bridge.png,images_variants/threecolorcorgi/cropped20.png,0,cross_image,36
images/dragon-bridge.png,images_variants/threecolorcorgi/cropped30.png,0,cross_image,30
images/dragon-bridge.png,images_variants/threecolorcorgi/quality_adjusted_20.jpg,0,cross_image,29
images/dragon-bridge.png,images_variants/threecolorcorgi/quality_adjusted_50.jpg,0,cross_image,28
images/dragon-bridge.png,images_variants/threecolorcorgi/quality_adjusted_80.jpg,0,cross_image,28
images/threecolorcorgi.jpg,images_variants/dragon-bridge/altered.png,0,cross_image,29
images/threecolorcorgi.jpg,images_variants/dragon-bridge/grayscale.png,0,cross_image,28
images/threecolorcorgi.jpg,images_variants/dragon-bridge/covered.png,0,cross_image,31
images/threecolorcorgi.jpg,images_variants/dragon-bridge/dropout.png,0,cross_image,29
images/threecolorcorgi.jpg,images_variants/dragon-bridge/blurred.png,0,cross_image,28
images/threecolorcorgi.jpg,images_variants/dragon-bridge/brightened.png,0,cross_image,27
images/threecolorcorgi.jpg,images_variants/dragon-bridge/darkened.png,0,cross_image,28
images/threecolorcorgi.jpg,images_variants/dragon-bridge/resized.png,0,cross_image,28
images/threecolorcorgi.jpg,images_variants/dragon-bridge/resized_up.png,0,cross_image,28
images/threecolorcorgi.jpg,images_variants/dragon-bridge/contrasted.png,0,cross_image,29
images/threecolorcorgi.jpg,images_variants/dragon-bridge/filtered.png,0,cross_image,30
images/threecolorcorgi.jpg,images_variants/dragon-bridge/channel_shifted.png,0,cross_image,26
images/threecolorcorgi.jpg,images_variants/dragon-bridge/cropped10.png,0,cross_image,28
images/threecolorcorgi.jpg,images_variants/dragon-bridge/cropped20.png,0,cross_image,32
images/threecolorcorgi.jpg,images_variants/dragon-bridge/cropped30.png,0,cross_image,36
images/threecolorcorgi.jpg,images_variants/dragon-bridge/quality_adjusted_20.jpg,0,cross_image,28
images/threecolorcorgi.jpg,images_variants/dragon-bridge/quality_adjusted_50.jpg,0,cross_image,28
images/threecolorcorgi.jpg,images_variants/dragon-bridge/quality_adjusted_80.jpg,0,cross_image,28
images/golden_bridge.webp,images/images.jpg,0,cross_image,35
images/golden_bridge.webp,images_variants/images/altered.png,0,cross_image,34
images/golden_bridge.webp,images_variants/images/grayscale.png,0,cross_image,35
images/golden_bridge.webp,images_variants/images/covered.png,0,cross_image,34
images/golden_bridge.webp,images_variants/images/dropout.png,0,cross_image,39
images/golden_bridge.webp,images_variants/images/blurred.png,0,cross_image,35
images/golden_bridge.webp,images_variants/images/brightened.png,0,cross_image,39
images/golden_bridge.webp,images_variants/images/darkened.png,0,cross_image,34
images/golden_bridge.webp,images_variants/images/resized.png,0,cross_image,35
images/golden_bridge.webp,images_variants/images/resized_up.png,0,cross_image,35
images/golden_bridge.webp,images_variants/images/contrasted.png,0,cross_image,36
images/golden_bridge.webp,images_variants/images/filtered.png,0,cross_image,35
images/golden_bridge.webp,images_variants/images/channel_shifted.png,0,cross_image,32
images/golden_bridge.webp,images_variants/images/cropped10.png,0,cross_image,32
images/golden_bridge.webp,images_variants/images/cropped20.png,0,cross_image,26
images/golden_bridge.webp,images_variants/images/cropped30.png,0,cross_image,27
images/golden_bridge.webp,images_variants/images/quality_adjusted_20.jpg,0,cross_image,35
images/golden_bridge.webp,images_variants/images/quality_adjusted_50.jpg,0,cross_image,35
images/golden_bridge.webp,images_variants/images/quality_adjusted_80.jpg,0,cross_image,35
images/images.jpg,images_variants/golden_bridge/altered.png,0,cross_image,35
images/images.jpg,images_variants/golden_bridge/grayscale.png,0,cross_image,35
images/images.jpg,images_variants/golden_bridge/covered.png,0,cross_image,33
images/images.jpg,images_variants/golden_bridge/dropout.png,0,cross_image,34
images/images.jpg,images_variants/golden_bridge/blurred.png,0,cross_image,35
images/images.jpg,images_variants/golden_bridge/brightened.png,0,cross_image,32
images/images.jpg,images_variants/golden_bridge/darkened.png,0,cross_image,35
images/images.jpg,images_variants/golden_bridge/resized.png,0,cross_image,35
images/images.jpg,images_variants/golden_bridge/resized_up.png,0,cross_image,35
images/images.jpg,images_variants/golden_bridge/contrasted.png,0,cross_image,35
images/images.jpg,images_variants/golden_bridge/filtered.png,0,cross_image,35
images/images.jpg,images_variants/golden_bridge/channel_shifted.png,0,cross_image,34
images/images.jpg,images_variants/golden_bridge/cropped10.png,0,cross_image,37
images/images.jpg,images_variants/golden_bridge/cropped20.png,0,cross_image,36
images/images.jpg,images_variants/golden_bridge/cropped30.png,0,cross_image,37
images/images.jpg,images_variants/golden_bridge/quality_adjusted_20.jpg,0,cross_image,35
images/images.jpg,images_variants/golden_bridge/quality_adjusted_50.jpg,0,cross_image,35
images/images.jpg,images_variants/golden_bridge/quality_adjusted_80.jpg,0,cross_image,35
images/golden_bridge.webp,images/IMG_5480-1-960x600.jpeg,0,cross_image,31
images/golden_bridge.webp,images_variants/IMG_5480-1-960x600/altered.png,0,cross_image,31
images/golden_bridge.webp,images_variants/IMG_5480-1-960x600/grayscale.png,0,cross_image,31
images/golden_bridge.webp,images_variants/IMG_5480-1-960x600/covered.png,0,cross_image,31
images/golden_bridge.webp,images_variants/IMG_5480-1-960x600/dropout.png,0,cross_image,32
images/golden_bridge.webp,images_variants/IMG_5480-1-960x600/blurred.png,0,cross_image,31
images/golden_bridge.webp,images_variants/IMG_5480-1-960x600/brightened.png,0,cross_image,34
images/golden_bridge.webp,images_variants/IMG_5480-1-960x600/darkened.png,0,cross_image,31
images/golden_bridge.webp,images_variants/IMG_5480-1-960x600/resized.png,0,cross_image,31
images/golden_bridge.webp,images_variants/IMG_5480-1-960x600/resized_up.png,0,cross_image,31
images/golden_bridge.webp,images_variants/IMG_5480-1-960x600/contrasted.png,0,cross_image,31
images/golden_bridge.webp,images_variants/IMG_5480-1-960x600/filtered.png,0,cross_image,31
images/golden_bridge.webp,images_variants/IMG_5480-1-960x600/channel_shifted.png,0,cross_image,32
images/golden_bridge.webp,images_variants/IMG_5480-1-960x600/cropped10.png,0,cross_image,34
images/golden_bridge.webp,images_variants/IMG_5480-1-960x600/cropped20.png,0,cross_image,36
images/golden_bridge.webp,images_variants/IMG_5480-1-960x600/cropped30.png,0,cross_image,39
images/golden_bridge.webp,images_variants/IMG_5480-1-960x600/quality_adjusted_20.jpg,0,cross_image,31
images/golden_bridge.webp,images_variants/IMG_5480-1-960x600/quality_adjusted_50.jpg,0,cross_image,31
images/golden_bridge.webp,images_variants/IMG_5480-1-960x600/quality_adjusted_80.jpg,0,cross_image,31
images/IMG_5480-1-960x600.jpeg,images_variants/golden_bridge/altered.png,0,cross_image,31
images/IMG_5480-1-960x600.jpeg,images_variants/golden_bridge/grayscale.png,0,cross_image,31
images/IMG_5480-1-960x600.jpeg,images_variants/golden_bridge/covered.png,0,cross_image,33
images/IMG_5480-1-960x600.jpeg,images_variants/golden_bridge/dropout.png,0,cross_image,32
images/IMG_5480-1-960x600.jpeg,images_variants/golden_bridge/blurred.png,0,cross_image,31
images/IMG_5480-1-960x600.jpeg,images_variants/golden_bridge/brightened.png,0,cross_image,32
images/IMG_5480-1-960x600.jpeg,images_variants/golden_bridge/darkened.png,0,cross_image,31
images/IMG_5480-1-960x600.jpeg,images_variants/golden_bridge/resized.png,0,cross_image,31
images/IMG_5480-1-960x600.jpeg,images_variants/golden_bridge/resized_up.png,0,cross_image,31
images/IMG_5480-1-960x600.jpeg,images_variants/golden_bridge/contrasted.png,0,cross_image,31
images/IMG_5480-1-960x600.jpeg,images_variants/golden_bridge/filtered.png,0,cross_image,31
images/IMG_5480-1-960x600.jpeg,images_variants/golden_bridge/channel_shifted.png,0,cross_image,32
images/IMG_5480-1-960x600.jpeg,images_variants/golden_bridge/cropped10.png,0,cross_image,33
images/IMG_5480-1-960x600.jpeg,images_variants/golden_bridge/cropped20.png,0,cross_image,36
images/IMG_5480-1-960x600.jpeg,images_variants/golden_bridge/cropped30.png,0,cross_image,37
images/IMG_5480-1-960x600.jpeg,images_variants/golden_bridge/quality_adjusted_20.jpg,0,cross_image,31
images/IMG_5480-1-960x600.jpeg,images_variants/golden_bridge/quality_adjusted_50.jpg,0,cross_image,31
images/IMG_5480-1-960x600.jpeg,images_variants/golden_bridge/quality_adjusted_80.jpg,0,cross_image,31
images/golden_bridge.webp,images/shiba-da-nang.png,0,cross_image,31
images/golden_bridge.webp,images_variants/shiba-da-nang/altered.png,0,cross_image,31
images/golden_bridge.webp,images_variants/shiba-da-nang/grayscale.png,0,cross_image,31
images/golden_bridge.webp,images_variants/shiba-da-nang/covered.png,0,cross_image,26
images/golden_bridge.webp,images_variants/shiba-da-nang/dropout.png,0,cross_image,27
images/golden_bridge.webp,images_variants/shiba-da-nang/blurred.png,0,cross_image,31
images/golden_bridge.webp,images_variants/shiba-da-nang/brightened.png,0,cross_image,34
images/golden_bridge.webp,images_variants/shiba-da-nang/darkened.png,0,cross_image,31
images/golden_bridge.webp,images_variants/shiba-da-nang/resized.png,0,cross_image,31
images/golden_bridge.webp,images_variants/shiba-da-nang/resized_up.png,0,cross_image,31
images/golden_bridge.webp,images_variants/shiba-da-nang/contrasted.png,0,cross_image,31
images/golden_bridge.webp,images_variants/shiba-da-nang/filtered.png,0,cross_image,31
images/golden_bridge.webp,images_variants/shiba-da-nang/channel_shifted.png,0,cross_image,34
images/golden_bridge.webp,images_variants/shiba-da-nang/cropped10.png,0,cross_image,32
images/golden_bridge.webp,images_variants/shiba-da-nang/cropped20.png,0,cross_image,30
images/golden_bridge.webp,images_variants/shiba-da-nang/cropped30.png,0,cross_image,33
images/golden_bridge.webp,images_variants/shiba-da-nang/quality_adjusted_20.jpg,0,cross_image,31
images/golden_bridge.webp,images_variants/shiba-da-nang/quality_adjusted_50.jpg,0,cross_image,31
images/golden_bridge.webp,images_variants/shiba-da-nang/quality_adjusted_80.jpg,0,cross_image,31
images/shiba-da-nang.png,images_variants/golden_bridge/altered.png,0,cross_image,31
images/shiba-da-nang.png,images_variants/golden_bridge/grayscale.png,0,cross_image,31
images/shiba-da-nang.png,images_variants/golden_bridge/covered.png,0,cross_image,27
images/shiba-da-nang.png,images_variants/golden_bridge/dropout.png,0,cross_image,28
images/shiba-da-nang.png,images_variants/golden_bridge/blurred.png,0,cross_image,31
images/shiba-da-nang.png,images_variants/golden_bridge/brightened.png,0,cross_image,28
images/shiba-da-nang.png,images_variants/golden_bridge/darkened.png,0,cross_image,31
images/shiba-da-nang.png,images_variants/golden_bridge/resized.png,0,cross_image,31
images/shiba-da-nang.png,images_variants/golden_bridge/resized_up.png,0,cross_image,31
images/shiba-da-nang.png,images_variants/golden_bridge/contrasted.png,0,cross_image,31
images/shiba-da-nang.png,images_variants/golden_bridge/filtered.png,0,cross_image,31
images/shiba-da-nang.png,images_variants/golden_bridge/channel_shifted.png,0,cross_image,30
images/shiba-da-nang.png,images_variants/golden_bridge/cropped10.png,0,cross_image,29
images/shiba-da-nang.png,images_variants/golden_bridge/cropped20.png,0,cross_image,30
images/shiba-da-nang.png,images_variants/golden_bridge/cropped30.png,0,cross_image,29
images/shiba-da-nang.png,images_variants/golden_bridge/quality_adjusted_20.jpg,0,cross_image,31
images/shiba-da-nang.png,images_variants/golden_bridge/quality_adjusted_50.jpg,0,cross_image,31
images/shiba-da-nang.png,images_variants/golden_bridge/quality_adjusted_80.jpg,0,cross_image,31
images/golden_bridge.webp,images/Shiba.jpg,0,cross_image,38
images/golden_bridge.webp,images_variants/Shiba/altered.png,0,cross_image,38
images/golden_bridge.webp,images_variants/Shiba/grayscale.png,0,cross_image,38
images/golden_bridge.webp,images_variants/Shiba/covered.png,0,cross_image,36
images/golden_bridge.webp,images_variants/Shiba/dropout.png,0,cross_image,37
images/golden_bridge.webp,images_variants/Shiba/blurred.png,0,cross_image,38
images/golden_bridge.webp,images_variants/Shiba/brightened.png,0,cross_image,39
images/golden_bridge.webp,images_variants/Shiba/darkened.png,0,cross_image,38
images/golden_bridge.webp,images_variants/Shiba/resized.png,0,cross_image,38
images/golden_bridge.webp,images_variants/Shiba/resized_up.png,0,cross_image,38
images/golden_bridge.webp,images_variants/Shiba/contrasted.png,0,cross_image,38
images/golden_bridge.webp,images_variants/Shiba/filtered.png,0,cross_image,38
images/golden_bridge.webp,images_variants/Shiba/channel_shifted.png,0,cross_image,38
images/golden_bridge.webp,images_variants/Shiba/cropped10.png,0,cross_image,44
images/golden_bridge.webp,images_variants/Shiba/cropped20.png,0,cross_image,45
images/golden_bridge.webp,images_variants/Shiba/cropped30.png,0,cross_image,46
images/golden_bridge.webp,images_variants/Shiba/quality_adjusted_20.jpg,0,cross_image,38
images/golden_bridge.webp,images_variants/Shiba/quality_adjusted_50.jpg,0,cross_image,38
images/golden_bridge.webp,images_variants/Shiba/quality_adjusted_80.jpg,0,cross_image,38
images/Shiba.jpg,images_variants/golden_bridge/altered.png,0,cross_image,38
images/Shiba.jpg,images_variants/golden_bridge/grayscale.png,0,cross_image,38
images/Shiba.jpg,images_variants/golden_bridge/covered.png,0,cross_image,40
images/Shiba.jpg,images_variants/golden_bridge/dropout.png,0,cross_image,41
images/Shiba.jpg,images_variants/golden_bridge/blurred.png,0,cross_image,38
images/Shiba.jpg,images_variants/golden_bridge/brightened.png,0,cross_image,39
images/Shiba.jpg,images_variants/golden_bridge/darkened.png,0,cross_image,38
images/Shiba.jpg,images_variants/golden_bridge/resized.png,0,cross_image,38
images/Shiba.jpg,images_variants/golden_bridge/resized_up.png,0,cross_image,38
images/Shiba.jpg,images_variants/golden_bridge/contrasted.png,0,cross_image,38
images/Shiba.jpg,images_variants/golden_bridge/filtered.png,0,cross_image,38
images/Shiba.jpg,images_variants/golden_bridge/channel_shifted.png,0,cross_image,39
images/Shiba.jpg,images_variants/golden_bridge/cropped10.png,0,cross_image,40
images/Shiba.jpg,images_variants/golden_bridge/cropped20.png,0,cross_image,39
images/Shiba.jpg,images_variants/golden_bridge/cropped30.png,0,cross_image,32
images/Shiba.jpg,images_variants/golden_bridge/quality_adjusted_20.jpg,0,cross_image,38
images/Shiba.jpg,images_variants/golden_bridge/quality_adjusted_50.jpg,0,cross_image,38
images/Shiba.jpg,images_variants/golden_bridge/quality_adjusted_80.jpg,0,cross_image,38
images/golden_bridge.webp,images/threecolorcorgi.jpg,0,cross_image,37
images/golden_bridge.webp,images_variants/threecolorcorgi/altered.png,0,cross_image,38
images/golden_bridge.webp,images_variants/threecolorcorgi/grayscale.png,0,cross_image,37
images/golden_bridge.webp,images_variants/threecolorcorgi/covered.png,0,cross_image,35
images/golden_bridge.webp,images_variants/threecolorcorgi/dropout.png,0,cross_image,33
images/golden_bridge.webp,images_variants/threecolorcorgi/blurred.png,0,cross_image,37
images/golden_bridge.webp,images_variants/threecolorcorgi/brightened.png,0,cross_image,35
images/golden_bridge.webp,images_variants/threecolorcorgi/darkened.png,0,cross_image,37
images/golden_bridge.webp,images_variants/threecolorcorgi/resized.png,0,cross_image,37
images/golden_bridge.webp,images_variants/threecolorcorgi/resized_up.png,0,cross_image,37
images/golden_bridge.webp,images_variants/threecolorcorgi/contrasted.png,0,cross_image,39
images/golden_bridge.webp,images_variants/threecolorcorgi/filtered.png,0,cross_image,38
images/golden_bridge.webp,images_variants/threecolorcorgi/channel_shifted.png,0,cross_image,37
images/golden_bridge.webp,images_variants/threecolorcorgi/cropped10.png,0,cross_image,34
images/golden_bridge.webp,images_variants/threecolorcorgi/cropped20.png,0,cross_image,35
images/golden_bridge.webp,images_variants/threecolorcorgi/cropped30.png,0,cross_image,39
images/golden_bridge.webp,images_variants/threecolorcorgi/quality_adjusted_20.jpg,0,cross_image,38
images/golden_bridge.webp,images_variants/threecolorcorgi/quality_adjusted_50.jpg,0,cross_image,37
images/golden_bridge.webp,images_variants/threecolorcorgi/quality_adjusted_80.jpg,0,cross_image,37
images/threecolorcorgi.jpg,images_variants/golden_bridge/altered.png,0,cross_image,37
images/threecolorcorgi.jpg,images_variants/golden_bridge/grayscale.png,0,cross_image,37
images/threecolorcorgi.jpg,images_variants/golden_bridge/covered.png,0,cross_image,39
images/threecolorcorgi.jpg,images_variants/golden_bridge/dropout.png,0,cross_image,34
images/threecolorcorgi.jpg,images_variants/golden_bridge/blurred.png,0,cross_image,37
images/threecolorcorgi.jpg,images_variants/golden_bridge/brightened.png,0,cross_image,38
images/threecolorcorgi.jpg,images_variants/golden_bridge/darkened.png,0,cross_image,37
images/threecolorcorgi.jpg,images_variants/golden_bridge/resized.png,0,cross_image,37
images/threecolorcorgi.jpg,images_variants/golden_bridge/resized_up.png,0,cross_image,37
images/threecolorcorgi.jpg,images_variants/golden_bridge/contrasted.png,0,cross_image,37
images/threecolorcorgi.jpg,images_variants/golden_bridge/filtered.png,0,cross_image,37
images/threecolorcorgi.jpg,images_variants/golden_bridge/channel_shifted.png,0,cross_image,38
images/threecolorcorgi.jpg,images_variants/golden_bridge/cropped10.png,0,cross_image,37
images/threecolorcorgi.jpg,images_variants/golden_bridge/cropped20.png,0,cross_image,38
images/threecolorcorgi.jpg,images_variants/golden_bridge/cropped30.png,0,cross_image,33
images/threecolorcorgi.jpg,images_variants/golden_bridge/quality_adjusted_20.jpg,0,cross_image,37
images/threecolorcorgi.jpg,images_variants/golden_bridge/quality_adjusted_50.jpg,0,cross_image,37
images/threecolorcorgi.jpg,images_variants/golden_bridge/quality_adjusted_80.jpg,0,cross_image,37
images/images.jpg,images/IMG_5480-1-960x600.jpeg,0,cross_image,32
images/images.jpg,images_variants/IMG_5480-1-960x600/altered.png,0,cross_image,32
images/images.jpg,images_variants/IMG_5480-1-960x600/grayscale.png,0,cross_image,32
images/images.jpg,images_variants/IMG_5480-1-960x600/covered.png,0,cross_image,30
images/images.jpg,images_variants/IMG_5480-1-960x600/dropout.png,0,cross_image,33
images/images.jpg,images_variants/IMG_5480-1-960x600/blurred.png,0,cross_image,32
images/images.jpg,images_variants/IMG_5480-1-960x600/brightened.png,0,cross_image,29
images/images.jpg,images_variants/IMG_5480-1-960x600/darkened.png,0,cross_image,32
images/images.jpg,images_variants/IMG_5480-1-960x600/resized.png,0,cross_image,32
images/images.jpg,images_variants/IMG_5480-1-960x600/resized_up.png,0,cross_image,32
images/images.jpg,images_variants/IMG_5480-1-960x600/contrasted.png,0,cross_image,32
images/images.jpg,images_variants/IMG_5480-1-960x600/filtered.png,0,cross_image,32
images/images.jpg,images_variants/IMG_5480-1-960x600/channel_shifted.png,0,cross_image,31
images/images.jpg,images_variants/IMG_5480-1-960x600/cropped10.png,0,cross_image,31
images/images.jpg,images_variants/IMG_5480-1-960x600/cropped20.png,0,cross_image,31
images/images.jpg,images_variants/IMG_5480-1-960x600/cropped30.png,0,cross_image,30
images/images.jpg,images_variants/IMG_5480-1-960x600/quality_adjusted_20.jpg,0,cross_image,32
images/images.jpg,images_variants/IMG_5480-1-960x600/quality_adjusted_50.jpg,0,cross_image,32
images/images.jpg,images_variants/IMG_5480-1-960x600/quality_adjusted_80.jpg,0,cross_image,32
images/IMG_5480-1-960x600.jpeg,images_variants/images/altered.png,0,cross_image,31
images/IMG_5480-1-960x600.jpeg,images_variants/images/grayscale.png,0,cross_image,32
images/IMG_5480-1-960x600.jpeg,images_variants/images/covered.png,0,cross_image,25
images/IMG_5480-1-960x600.jpeg,images_variants/images/dropout.png,0,cross_image,30
images/IMG_5480-1-960x600.jpeg,images_variants/images/blurred.png,0,cross_image,32
images/IMG_5480-1-960x600.jpeg,images_variants/images/brightened.png,0,cross_image,34
images/IMG_5480-1-960x600.jpeg,images_variants/images/darkened.png,0,cross_image,31
images/IMG_5480-1-960x600.jpeg,images_variants/images/resized.png,0,cross_image,32
images/IMG_5480-1-960x600.jpeg,images_variants/images/resized_up.png,0,cross_image,32
images/IMG_5480-1-960x600.jpeg,images_variants/images/contrasted.png,0,cross_image,33
images/IMG_5480-1-960x600.jpeg,images_variants/images/filtered.png,0,cross_image,32
images/IMG_5480-1-960x600.jpeg,images_variants/images/channel_shifted.png,0,cross_image,33
images/IMG_5480-1-960x600.jpeg,images_variants/images/cropped10.png,0,cross_image,39
images/IMG_5480-1-960x600.jpeg,images_variants/images/cropped20.png,0,cross_image,47
images/IMG_5480-1-960x600.jpeg,images_variants/images/cropped30.png,0,cross_image,50
images/IMG_5480-1-960x600.jpeg,images_variants/images/quality_adjusted_20.jpg,0,cross_image,32
images/IMG_5480-1-960x600.jpeg,images_variants/images/quality_adjusted_50.jpg,0,cross_image,32
images/IMG_5480-1-960x600.jpeg,images_variants/images/quality_adjusted_80.jpg,0,cross_image,32
images/images.jpg,images/shiba-da-nang.png,0,cross_image,24
images/images.jpg,images_variants/shiba-da-nang/altered.png,0,cross_image,24
images/images.jpg,images_variants/shiba-da-nang/grayscale.png,0,cross_image,24
images/images.jpg,images_variants/shiba-da-nang/covered.png,0,cross_image,31
images/images.jpg,images_variants/shiba-da-nang/dropout.png,0,cross_image,30
images/images.jpg,images_variants/shiba-da-nang/blurred.png,0,cross_image,24
images/images.jpg,images_variants/shiba-da-nang/brightened.png,0,cross_image,29
images/images.jpg,images_variants/shiba-da-nang/darkened.png,0,cross_image,24
images/images.jpg,images_variants/shiba-da-nang/resized.png,0,cross_image,24
images/images.jpg,images_variants/shiba-da-nang/resized_up.png,0,cross_image,24
images/images.jpg,images_variants/shiba-da-nang/contrasted.png,0,cross_image,24
images/images.jpg,images_variants/shiba-da-nang/filtered.png,0,cross_image,24
images/images.jpg,images_variants/shiba-da-nang/channel_shifted.png,0,cross_image,23
images/images.jpg,images_variants/shiba-da-nang/cropped10.png,0,cross_image,25
images/images.jpg,images_variants/shiba-da-nang/cropped20.png,0,cross_image,29
images/images.jpg,images_variants/shiba-da-nang/cropped30.png,0,cross_image,36
images/images.jpg,images_variants/shiba-da-nang/quality_adjusted_20.jpg,0,cross_image,24
images/images.jpg,images_variants/shiba-da-nang/quality_adjusted_50.jpg,0,cross_image,24
images/images.jpg,images_variants/shiba-da-nang/quality_adjusted_80.jpg,0,cross_image,24
images/shiba-da-nang.png,images_variants/images/altered.png,0,cross_image,23
images/shiba-da-nang.png,images_variants/images/grayscale.png,0,cross_image,24
images/shiba-da-nang.png,images_variants/images/covered.png,0,cross_image,29
images/shiba-da-nang.png,images_variants/images/dropout.png,0,cross_image,24
images/shiba-da-nang.png,images_variants/images/blurred.png,0,cross_image,24
images/shiba-da-nang.png,images_variants/images/brightened.png,0,cross_image,26
images/shiba-da-nang.png,images_variants/images/darkened.png,0,cross_image,23
images/shiba-da-nang.png,images_variants/images/resized.png,0,cross_image,24
images/shiba-da-nang.png,images_variants/images/resized_up.png,0,cross_image,24
images/shiba-da-nang.png,images_variants/images/contrasted.png,0,cross_image,23
images/shiba-da-nang.png,images_variants/images/filtered.png,0,cross_image,24
images/shiba-da-nang.png,images_variants/images/channel_shifted.png,0,cross_image,23
images/shiba-da-nang.png,images_variants/images/cropped10.png,0,cross_image,23
images/shiba-da-nang.png,images_variants/images/cropped20.png,0,cross_image,23
images/shiba-da-nang.png,images_variants/images/cropped30.png,0,cross_image,22
images/shiba-da-nang.png,images_variants/images/quality_adjusted_20.jpg,0,cross_image,24
images/shiba-da-nang.png,images_variants/images/quality_adjusted_50.jpg,0,cross_image,24
images/shiba-da-nang.png,images_variants/images/quality_adjusted_80.jpg,0,cross_image,24
images/images.jpg,images/Shiba.jpg,0,cross_image,37
images/images.jpg,images_variants/Shiba/altered.png,0,cross_image,37
images/images.jpg,images_variants/Shiba/grayscale.png,0,cross_image,37
images/images.jpg,images_variants/Shiba/covered.png,0,cross_image,37
images/images.jpg,images_variants/Shiba/dropout.png,0,cross_image,32
images/images.jpg,images_variants/Shiba/blurred.png,0,cross_image,37
images/images.jpg,images_variants/Shiba/brightened.png,0,cross_image,38
images/images.jpg,images_variants/Shiba/darkened.png,0,cross_image,37
images/images.jpg,images_variants/Shiba/resized.png,0,cross_image,37
images/images.jpg,images_variants/Shiba/resized_up.png,0,cross_image,37
images/images.jpg,images_variants/Shiba/contrasted.png,0,cross_image,37
images/images.jpg,images_variants/Shiba/filtered.png,0,cross_image,37
images/images.jpg,images_variants/Shiba/channel_shifted.png,0,cross_image,37
images/images.jpg,images_variants/Shiba/cropped10.png,0,cross_image,37
images/images.jpg,images_variants/Shiba/cropped20.png,0,cross_image,36
images/images.jpg,images_variants/Shiba/cropped30.png,0,cross_image,35
images/images.jpg,images_variants/Shiba/quality_adjusted_20.jpg,0,cross_image,37
images/images.jpg,images_variants/Shiba/quality_adjusted_50.jpg,0,cross_image,37
images/images.jpg,images_variants/Shiba/quality_adjusted_80.jpg,0,cross_image,37
images/Shiba.jpg,images_variants/images/altered.png,0,cross_image,38
images/Shiba.jpg,images_variants/images/grayscale.png,0,cross_image,37
images/Shiba.jpg,images_variants/images/covered.png,0,cross_image,38
images/Shiba.jpg,images_variants/images/dropout.png,0,cross_image,39
images/Shiba.jpg,images_variants/images/blurred.png,0,cross_image,37
images/Shiba.jpg,images_variants/images/brightened.png,0,cross_image,35
images/Shiba.jpg,images_variants/images/darkened.png,0,cross_image,38
images/Shiba.jpg,images_variants/images/resized.png,0,cross_image,37
images/Shiba.jpg,images_variants/images/resized_up.png,0,cross_image,37
images/Shiba.jpg,images_variants/images/contrasted.png,0,cross_image,36
images/Shiba.jpg,images_variants/images/filtered.png,0,cross_image,37
images/Shiba.jpg,images_variants/images/channel_shifted.png,0,cross_image,38
images/Shiba.jpg,images_variants/images/cropped10.png,0,cross_image,34
images/Shiba.jpg,images_variants/images/cropped20.png,0,cross_image,34
images/Shiba.jpg,images_variants/images/cropped30.png,0,cross_image,35
images/Shiba.jpg,images_variants/images/quality_adjusted_20.jpg,0,cross_image,37
images/Shiba.jpg,images_variants/images/quality_adjusted_50.jpg,0,cross_image,37
images/Shiba.jpg,images_variants/images/quality_adjusted_80.jpg,0,cross_image,37
images/images.jpg,images/threecolorcorgi.jpg,0,cross_image,30
images/images.jpg,images_variants/threecolorcorgi/altered.png,0,cross_image,31
images/images.jpg,images_variants/threecolorcorgi/grayscale.png,0,cross_image,30
images/images.jpg,images_variants/threecolorcorgi/covered.png,0,cross_image,32
images/images.jpg,images_variants/threecolorcorgi/dropout.png,0,cross_image,28
images/images.jpg,images_variants/threecolorcorgi/blurred.png,0,cross_image,30
images/images.jpg,images_variants/threecolorcorgi/brightened.png,0,cross_image,32
images/images.jpg,images_variants/threecolorcorgi/darkened.png,0,cross_image,30
images/images.jpg,images_variants/threecolorcorgi/resized.png,0,cross_image,30
images/images.jpg,images_variants/threecolorcorgi/resized_up.png,0,cross_image,30
images/images.jpg,images_variants/threecolorcorgi/contrasted.png,0,cross_image,28
images/images.jpg,images_variants/threecolorcorgi/filtered.png,0,cross_image,29
images/images.jpg,images_variants/threecolorcorgi/channel_shifted.png,0,cross_image,32
images/images.jpg,images_variants/threecolorcorgi/cropped10.png,0,cross_image,35
images/images.jpg,images_variants/threecolorcorgi/cropped20.png,0,cross_image,36
images/images.jpg,images_variants/threecolorcorgi/cropped30.png,0,cross_image,30
images/images.jpg,images_variants/threecolorcorgi/quality_adjusted_20.jpg,0,cross_image,31
images/images.jpg,images_variants/threecolorcorgi/quality_adjusted_50.jpg,0,cross_image,30
images/images.jpg,images_variants/threecolorcorgi/quality_adjusted_80.jpg,0,cross_image,30
images/threecolorcorgi.jpg,images_variants/images/altered.png,0,cross_image,29
images/threecolorcorgi.jpg,images_variants/images/grayscale.png,0,cross_image,30
images/threecolorcorgi.jpg,images_variants/images/covered.png,0,cross_image,37
images/threecolorcorgi.jpg,images_variants/images/dropout.png,0,cross_image,38
images/threecolorcorgi.jpg,images_variants/images/blurred.png,0,cross_image,30
images/threecolorcorgi.jpg,images_variants/images/brightened.png,0,cross_image,32
images/threecolorcorgi.jpg,images_variants/images/darkened.png,0,cross_image,29
images/threecolorcorgi.jpg,images_variants/images/resized.png,0,cross_image,30
images/threecolorcorgi.jpg,images_variants/images/resized_up.png,0,cross_image,30
images/threecolorcorgi.jpg,images_variants/images/contrasted.png,0,cross_image,29
images/threecolorcorgi.jpg,images_variants/images/filtered.png,0,cross_image,30
images/threecolorcorgi.jpg,images_variants/images/channel_shifted.png,0,cross_image,31
images/threecolorcorgi.jpg,images_variants/images/cropped10.png,0,cross_image,37
images/threecolorcorgi.jpg,images_variants/images/cropped20.png,0,cross_image,41
images/threecolorcorgi.jpg,images_variants/images/cropped30.png,0,cross_image,42
images/threecolorcorgi.jpg,images_variants/images/quality_adjusted_20.jpg,0,cross_image,30
images/threecolorcorgi.jpg,images_variants/images/quality_adjusted_50.jpg,0,cross_image,30
images/threecolorcorgi.jpg,images_variants/images/quality_adjusted_80.jpg,0,cross_image,30
images/IMG_5480-1-960x600.jpeg,images/shiba-da-nang.png,0,cross_image,38
images/IMG_5480-1-960x600.jpeg,images_variants/shiba-da-nang/altered.png,0,cross_image,38
images/IMG_5480-1-960x600.jpeg,images_variants/shiba-da-nang/grayscale.png,0,cross_image,38
images/IMG_5480-1-960x600.jpeg,images_variants/shiba-da-nang/covered.png,0,cross_image,41
images/IMG_5480-1-960x600.jpeg,images_variants/shiba-da-nang/dropout.png,0,cross_image,34
images/IMG_5480-1-960x600.jpeg,images_variants/shiba-da-nang/blurred.png,0,cross_image,38
images/IMG_5480-1-960x600.jpeg,images_variants/shiba-da-nang/brightened.png,0,cross_image,39
images/IMG_5480-1-960x600.jpeg,images_variants/shiba-da-nang/darkened.png,0,cross_image,38
images/IMG_5480-1-960x600.jpeg,images_variants/shiba-da-nang/resized.png,0,cross_image,38
images/IMG_5480-1-960x600.jpeg,images_variants/shiba-da-nang/resized_up.png,0,cross_image,38
images/IMG_5480-1-960x600.jpeg,images_variants/shiba-da-nang/contrasted.png,0,cross_image,38
images/IMG_5480-1-960x600.jpeg,images_variants/shiba-da-nang/filtered.png,0,cross_image,38
images/IMG_5480-1-960x600.jpeg,images_variants/shiba-da-nang/channel_shifted.png,0,cross_image,37
images/IMG_5480-1-960x600.jpeg,images_variants/shiba-da-nang/cropped10.png,0,cross_image,37
images/IMG_5480-1-960x600.jpeg,images_variants/shiba-da-nang/cropped20.png,0,cross_image,35
images/IMG_5480-1-960x600.jpeg,images_variants/shiba-da-nang/cropped30.png,0,cross_image,36
images/IMG_5480-1-960x600.jpeg,images_variants/shiba-da-nang/quality_adjusted_20.jpg,0,cross_image,38
images/IMG_5480-1-960x600.jpeg,images_variants/shiba-da-nang/quality_adjusted_50.jpg,0,cross_image,38
images/IMG_5480-1-960x600.jpeg,images_variants/shiba-da-nang/quality_adjusted_80.jpg,0,cross_image,38
images/shiba-da-nang.png,images_variants/IMG_5480-1-960x600/altered.png,0,cross_image,38
images/shiba-da-nang.png,images_variants/IMG_5480-1-960x600/grayscale.png,0,cross_image,38
images/shiba-da-nang.png,images_variants/IMG_5480-1-960x600/covered.png,0,cross_image,36
images/shiba-da-nang.png,images_variants/IMG_5480-1-960x600/dropout.png,0,cross_image,37
images/shiba-da-nang.png,images_variants/IMG_5480-1-960x600/blurred.png,0,cross_image,38
images/shiba-da-nang.png,images_variants/IMG_5480-1-960x600/brightened.png,0,cross_image,35
images/shiba-da-nang.png,images_variants/IMG_5480-1-960x600/darkened.png,0,cross_image,38
images/shiba-da-nang.png,images_variants/IMG_5480-1-960x600/resized.png,0,cross_image,38
images/shiba-da-nang.png,images_variants/IMG_5480-1-960x600/resized_up.png,0,cross_image,38
images/shiba-da-nang.png,images_variants/IMG_5480-1-960x600/contrasted.png,0,cross_image,38
images/shiba-da-nang.png,images_variants/IMG_5480-1-960x600/filtered.png,0,cross_image,38
images/shiba-da-nang.png,images_variants/IMG_5480-1-960x600/channel_shifted.png,0,cross_image,37
images/shiba-da-nang.png,images_variants/IMG_5480-1-960x600/cropped10.png,0,cross_image,37
images/shiba-da-nang.png,images_variants/IMG_5480-1-960x600/cropped20.png,0,cross_image,39
images/shiba-da-nang.png,images_variants/IMG_5480-1-960x600/cropped30.png,0,cross_image,40
images/shiba-da-nang.png,images_variants/IMG_5480-1-960x600/quality_adjusted_20.jpg,0,cross_image,38
images/shiba-da-nang.png,images_variants/IMG_5480-1-960x600/quality_adjusted_50.jpg,0,cross_image,38
images/shiba-da-nang.png,images_variants/IMG_5480-1-960x600/quality_adjusted_80.jpg,0,cross_image,38
images/IMG_5480-1-960x600.jpeg,images/Shiba.jpg,0,cross_image,31
images/IMG_5480-1-960x600.jpeg,images_variants/Shiba/altered.png,0,cross_image,31
images/IMG_5480-1-960x600.jpeg,images_variants/Shiba/grayscale.png,0,cross_image,31
images/IMG_5480-1-960x600.jpeg,images_variants/Shiba/covered.png,0,cross_image,33
images/IMG_5480-1-960x600.jpeg,images_variants/Shiba/dropout.png,0,cross_image,30
images/IMG_5480-1-960x600.jpeg,images_variants/Shiba/blurred.png,0,cross_image,31
images/IMG_5480-1-960x600.jpeg,images_variants/Shiba/brightened.png,0,cross_image,32
images/IMG_5480-1-960x600.jpeg,images_variants/Shiba/darkened.png,0,cross_image,31
images/IMG_5480-1-960x600.jpeg,images_variants/Shiba/resized.png,0,cross_image,31
images/IMG_5480-1-960x600.jpeg,images_variants/Shiba/resized_up.png,0,cross_image,31
images/IMG_5480-1-960x600.jpeg,images_variants/Shiba/contrasted.png,0,cross_image,31
images/IMG_5480-1-960x600.jpeg,images_variants/Shiba/filtered.png,0,cross_image,31
images/IMG_5480-1-960x600.jpeg,images_variants/Shiba/channel_shifted.png,0,cross_image,31
images/IMG_5480-1-960x600.jpeg,images_variants/Shiba/cropped10.png,0,cross_image,33
images/IMG_5480-1-960x600.jpeg,images_variants/Shiba/cropped20.png,0,cross_image,30
images/IMG_5480-1-960x600.jpeg,images_variants/Shiba/cropped30.png,0,cross_image,27
images/IMG_5480-1-960x600.jpeg,images_variants/Shiba/quality_adjusted_20.jpg,0,cross_image,31
images/IMG_5480-1-960x600.jpeg,images_variants/Shiba/quality_adjusted_50.jpg,0,cross_image,31
images/IMG_5480-1-960x600.jpeg,images_variants/Shiba/quality_adjusted_80.jpg,0,cross_image,31
images/Shiba.jpg,images_variants/IMG_5480-1-960x600/altered.png,0,cross_image,31
images/Shiba.jpg,images_variants/IMG_5480-1-960x600/grayscale.png,0,cross_image,31
images/Shiba.jpg,images_variants/IMG_5480-1-960x600/covered.png,0,cross_image,33
images/Shiba.jpg,images_variants/IMG_5480-1-960x600/dropout.png,0,cross_image,32
images/Shiba.jpg,images_variants/IMG_5480-1-960x600/blurred.png,0,cross_image,31
images/Shiba.jpg,images_variants/IMG_5480-1-960x600/brightened.png,0,cross_image,30
images/Shiba.jpg,images_variants/IMG_5480-1-960x600/darkened.png,0,cross_image,31
images/Shiba.jpg,images_variants/IMG_5480-1-960x600/resized.png,0,cross_image,31
images/Shiba.jpg,images_variants/IMG_5480-1-960x600/resized_up.png,0,cross_image,31
images/Shiba.jpg,images_variants/IMG_5480-1-960x600/contrasted.png,0,cross_image,31
images/Shiba.jpg,images_variants/IMG_5480-1-960x600/filtered.png,0,cross_image,31
images/Shiba.jpg,images_variants/IMG_5480-1-960x600/channel_shifted.png,0,cross_image,30
images/Shiba.jpg,images_variants/IMG_5480-1-960x600/cropped10.png,0,cross_image,30
images/Shiba.jpg,images_variants/IMG_5480-1-960x600/cropped20.png,0,cross_image,30
images/Shiba.jpg,images_variants/IMG_5480-1-960x600/cropped30.png,0,cross_image,31
images/Shiba.jpg,images_variants/IMG_5480-1-960x600/quality_adjusted_20.jpg,0,cross_image,31
images/Shiba.jpg,images_variants/IMG_5480-1-960x600/quality_adjusted_50.jpg,0,cross_image,31
images/Shiba.jpg,images_variants/IMG_5480-1-960x600/quality_adjusted_80.jpg,0,cross_image,31
images/IMG_5480-1-960x600.jpeg,images/threecolorcorgi.jpg,0,cross_image,30
images/IMG_5480-1-960x600.jpeg,images_variants/threecolorcorgi/altered.png,0,cross_image,31
images/IMG_5480-1-960x600.jpeg,images_variants/threecolorcorgi/grayscale.png,0,cross_image,30
images/IMG_5480-1-960x600.jpeg,images_variants/threecolorcorgi/covered.png,0,cross_image,24
images/IMG_5480-1-960x600.jpeg,images_variants/threecolorcorgi/dropout.png,0,cross_image,22
images/IMG_5480-1-960x600.jpeg,images_variants/threecolorcorgi/blurred.png,0,cross_image,30
images/IMG_5480-1-960x600.jpeg,images_variants/threecolorcorgi/brightened.png,0,cross_image,28
images/IMG_5480-1-960x600.jpeg,images_variants/threecolorcorgi/darkened.png,0,cross_image,30
images/IMG_5480-1-960x600.jpeg,images_variants/threecolorcorgi/resized.png,0,cross_image,30
images/IMG_5480-1-960x600.jpeg,images_variants/threecolorcorgi/resized_up.png,0,cross_image,30
images/IMG_5480-1-960x600.jpeg,images_variants/threecolorcorgi/contrasted.png,0,cross_image,28
images/IMG_5480-1-960x600.jpeg,images_variants/threecolorcorgi/filtered.png,0,cross_image,29
images/IMG_5480-1-960x600.jpeg,images_variants/threecolorcorgi/channel_shifted.png,0,cross_image,30
images/IMG_5480-1-960x600.jpeg,images_variants/threecolorcorgi/cropped10.png,0,cross_image,17
images/IMG_5480-1-960x600.jpeg,images_variants/threecolorcorgi/cropped20.png,0,cross_image,18
images/IMG_5480-1-960x600.jpeg,images_variants/threecolorcorgi/cropped30.png,0,cross_image,14
images/IMG_5480-1-960x600.jpeg,images_variants/threecolorcorgi/quality_adjusted_20.jpg,0,cross_image,31
images/IMG_5480-1-960x600.jpeg,images_variants/threecolorcorgi/quality_adjusted_50.jpg,0,cross_image,30
images/IMG_5480-1-960x600.jpeg,images_variants/threecolorcorgi/quality_adjusted_80.jpg,0,cross_image,30
images/threecolorcorgi.jpg,images_variants/IMG_5480-1-960x600/altered.png,0,cross_image,30
images/threecolorcorgi.jpg,images_variants/IMG_5480-1-960x600/grayscale.png,0,cross_image,30
images/threecolorcorgi.jpg,images_variants/IMG_5480-1-960x600/covered.png,0,cross_image,36
images/threecolorcorgi.jpg,images_variants/IMG_5480-1-960x600/dropout.png,0,cross_image,31
images/threecolorcorgi.jpg,images_variants/IMG_5480-1-960x600/blurred.png,0,cross_image,30
images/threecolorcorgi.jpg,images_variants/IMG_5480-1-960x600/brightened.png,0,cross_image,31
images/threecolorcorgi.jpg,images_variants/IMG_5480-1-960x600/darkened.png,0,cross_image,30
images/threecolorcorgi.jpg,images_variants/IMG_5480-1-960x600/resized.png,0,cross_image,30
images/threecolorcorgi.jpg,images_variants/IMG_5480-1-960x600/resized_up.png,0,cross_image,30
images/threecolorcorgi.jpg,images_variants/IMG_5480-1-960x600/contrasted.png,0,cross_image,30
images/threecolorcorgi.jpg,images_variants/IMG_5480-1-960x600/filtered.png,0,cross_image,30
images/threecolorcorgi.jpg,images_variants/IMG_5480-1-960x600/channel_shifted.png,0,cross_image,31
images/threecolorcorgi.jpg,images_variants/IMG_5480-1-960x600/cropped10.png,0,cross_image,31
images/threecolorcorgi.jpg,images_variants/IMG_5480-1-960x600/cropped20.png,0,cross_image,29
images/threecolorcorgi.jpg,images_variants/IMG_5480-1-960x600/cropped30.png,0,cross_image,22
images/threecolorcorgi.jpg,images_variants/IMG_5480-1-960x600/quality_adjusted_20.jpg,0,cross_image,30
images/threecolorcorgi.jpg,images_variants/IMG_5480-1-960x600/quality_adjusted_50.jpg,0,cross_image,30
images/threecolorcorgi.jpg,images_variants/IMG_5480-1-960x600/quality_adjusted_80.jpg,0,cross_image,30
images/shiba-da-nang.png,images/Shiba.jpg,0,cross_image,41
images/shiba-da-nang.png,images_variants/Shiba/altered.png,0,cross_image,41
images/shiba-da-nang.png,images_variants/Shiba/grayscale.png,0,cross_image,41
images/shiba-da-nang.png,images_variants/Shiba/covered.png,0,cross_image,43
images/shiba-da-nang.png,images_variants/Shiba/dropout.png,0,cross_image,34
images/shiba-da-nang.png,images_variants/Shiba/blurred.png,0,cross_image,41
images/shiba-da-nang.png,images_variants/Shiba/brightened.png,0,cross_image,40
images/shiba-da-nang.png,images_variants/Shiba/darkened.png,0,cross_image,41
images/shiba-da-nang.png,images_variants/Shiba/resized.png,0,cross_image,41
images/shiba-da-nang.png,images_variants/Shiba/resized_up.png,0,cross_image,41
images/shiba-da-nang.png,images_variants/Shiba/contrasted.png,0,cross_image,41
images/shiba-da-nang.png,images_variants/Shiba/filtered.png,0,cross_image,41
images/shiba-da-nang.png,images_variants/Shiba/channel_shifted.png,0,cross_image,41
images/shiba-da-nang.png,images_variants/Shiba/cropped10.png,0,cross_image,41
images/shiba-da-nang.png,images_variants/Shiba/cropped20.png,0,cross_image,46
images/shiba-da-nang.png,images_variants/Shiba/cropped30.png,0,cross_image,41
images/shiba-da-nang.png,images_variants/Shiba/quality_adjusted_20.jpg,0,cross_image,41
images/shiba-da-nang.png,images_variants/Shiba/quality_adjusted_50.jpg,0,cross_image,41
images/shiba-da-nang.png,images_variants/Shiba/quality_adjusted_80.jpg,0,cross_image,41
images/Shiba.jpg,images_variants/shiba-da-nang/altered.png,0,cross_image,41
images/Shiba.jpg,images_variants/shiba-da-nang/grayscale.png,0,cross_image,41
images/Shiba.jpg,images_variants/shiba-da-nang/covered.png,0,cross_image,36
images/Shiba.jpg,images_variants/shiba-da-nang/dropout.png,0,cross_image,39
images/Shiba.jpg,images_variants/shiba-da-nang/blurred.png,0,cross_image,41
images/Shiba.jpg,images_variants/shiba-da-nang/brightened.png,0,cross_image,42
images/Shiba.jpg,images_variants/shiba-da-nang/darkened.png,0,cross_image,41
images/Shiba.jpg,images_variants/shiba-da-nang/resized.png,0,cross_image,41
images/Shiba.jpg,images_variants/shiba-da-nang/resized_up.png,0,cross_image,41
images/Shiba.jpg,images_variants/shiba-da-nang/contrasted.png,0,cross_image,41
images/Shiba.jpg,images_variants/shiba-da-nang/filtered.png,0,cross_image,41
images/Shiba.jpg,images_variants/shiba-da-nang/channel_shifted.png,0,cross_image,42
images/Shiba.jpg,images_variants/shiba-da-nang/cropped10.png,0,cross_image,38
images/Shiba.jpg,images_variants/shiba-da-nang/cropped20.png,0,cross_image,26
images/Shiba.jpg,images_variants/shiba-da-nang/cropped30.png,0,cross_image,19
images/Shiba.jpg,images_variants/shiba-da-nang/quality_adjusted_20.jpg,0,cross_image,41
images/Shiba.jpg,images_variants/shiba-da-nang/quality_adjusted_50.jpg,0,cross_image,41
images/Shiba.jpg,images_variants/shiba-da-nang/quality_adjusted_80.jpg,0,cross_image,41
images/shiba-da-nang.png,images/threecolorcorgi.jpg,0,cross_image,28
images/shiba-da-nang.png,images_variants/threecolorcorgi/altered.png,0,cross_image,29
images/shiba-da-nang.png,images_variants/threecolorcorgi/grayscale.png,0,cross_image,28
images/shiba-da-nang.png,images_variants/threecolorcorgi/covered.png,0,cross_image,32
images/shiba-da-nang.png,images_variants/threecolorcorgi/dropout.png,0,cross_image,34
images/shiba-da-nang.png,images_variants/threecolorcorgi/blurred.png,0,cross_image,28
images/shiba-da-nang.png,images_variants/threecolorcorgi/brightened.png,0,cross_image,30
images/shiba-da-nang.png,images_variants/threecolorcorgi/darkened.png,0,cross_image,28
images/shiba-da-nang.png,images_variants/threecolorcorgi/resized.png,0,cross_image,28
images/shiba-da-nang.png,images_variants/threecolorcorgi/resized_up.png,0,cross_image,28
images/shiba-da-nang.png,images_variants/threecolorcorgi/contrasted.png,0,cross_image,28
images/shiba-da-nang.png,images_variants/threecolorcorgi/filtered.png,0,cross_image,29
images/shiba-da-nang.png,images_variants/threecolorcorgi/channel_shifted.png,0,cross_image,30
images/shiba-da-nang.png,images_variants/threecolorcorgi/cropped10.png,0,cross_image,37
images/shiba-da-nang.png,images_variants/threecolorcorgi/cropped20.png,0,cross_image,40
images/shiba-da-nang.png,images_variants/threecolorcorgi/cropped30.png,0,cross_image,42
images/shiba-da-nang.png,images_variants/threecolorcorgi/quality_adjusted_20.jpg,0,cross_image,29
images/shiba-da-nang.png,images_variants/threecolorcorgi/quality_adjusted_50.jpg,0,cross_image,28
images/shiba-da-nang.png,images_variants/threecolorcorgi/quality_adjusted_80.jpg,0,cross_image,28
images/threecolorcorgi.jpg,images_variants/shiba-da-nang/altered.png,0,cross_image,28
images/threecolorcorgi.jpg,images_variants/shiba-da-nang/grayscale.png,0,cross_image,28
images/threecolorcorgi.jpg,images_variants/shiba-da-nang/covered.png,0,cross_image,31
images/threecolorcorgi.jpg,images_variants/shiba-da-nang/dropout.png,0,cross_image,32
images/threecolorcorgi.jpg,images_variants/shiba-da-nang/blurred.png,0,cross_image,28
images/threecolorcorgi.jpg,images_variants/shiba-da-nang/brightened.png,0,cross_image,29
images/threecolorcorgi.jpg,images_variants/shiba-da-nang/darkened.png,0,cross_image,28
images/threecolorcorgi.jpg,images_variants/shiba-da-nang/resized.png,0,cross_image,28
images/threecolorcorgi.jpg,images_variants/shiba-da-nang/resized_up.png,0,cross_image,28
images/threecolorcorgi.jpg,images_variants/shiba-da-nang/contrasted.png,0,cross_image,28
images/threecolorcorgi.jpg,images_variants/shiba-da-nang/filtered.png,0,cross_image,28
images/threecolorcorgi.jpg,images_variants/shiba-da-nang/channel_shifted.png,0,cross_image,29
images/threecolorcorgi.jpg,images_variants/shiba-da-nang/cropped10.png,0,cross_image,31
images/threecolorcorgi.jpg,images_variants/shiba-da-nang/cropped20.png,0,cross_image,35
images/threecolorcorgi.jpg,images_variants/shiba-da-nang/cropped30.png,0,cross_image,34
images/threecolorcorgi.jpg,images_variants/shiba-da-nang/quality_adjusted_20.jpg,0,cross_image,28
images/threecolorcorgi.jpg,images_variants/shiba-da-nang/quality_adjusted_50.jpg,0,cross_image,28
images/threecolorcorgi.jpg,images_variants/shiba-da-nang/quality_adjusted_80.jpg,0,cross_image,28
images/Shiba.jpg,images/threecolorcorgi.jpg,0,cross_image,29
images/Shiba.jpg,images_variants/threecolorcorgi/altered.png,0,cross_image,28
images/Shiba.jpg,images_variants/threecolorcorgi/grayscale.png,0,cross_image,29
images/Shiba.jpg,images_variants/threecolorcorgi/covered.png,0,cross_image,25
images/Shiba.jpg,images_variants/threecolorcorgi/dropout.png,0,cross_image,31
images/Shiba.jpg,images_variants/threecolorcorgi/blurred.png,0,cross_image,29
images/Shiba.jpg,images_variants/threecolorcorgi/brightened.png,0,cross_image,29
images/Shiba.jpg,images_variants/threecolorcorgi/darkened.png,0,cross_image,29
images/Shiba.jpg,images_variants/threecolorcorgi/resized.png,0,cross_image,29
images/Shiba.jpg,images_variants/threecolorcorgi/resized_up.png,0,cross_image,29
images/Shiba.jpg,images_variants/threecolorcorgi/contrasted.png,0,cross_image,27
images/Shiba.jpg,images_variants/threecolorcorgi/filtered.png,0,cross_image,30
images/Shiba.jpg,images_variants/threecolorcorgi/channel_shifted.png,0,cross_image,27
images/Shiba.jpg,images_variants/threecolorcorgi/cropped10.png,0,cross_image,26
images/Shiba.jpg,images_variants/threecolorcorgi/cropped20.png,0,cross_image,29
images/Shiba.jpg,images_variants/threecolorcorgi/cropped30.png,0,cross_image,31
images/Shiba.jpg,images_variants/threecolorcorgi/quality_adjusted_20.jpg,0,cross_image,28
images/Shiba.jpg,images_variants/threecolorcorgi/quality_adjusted_50.jpg,0,cross_image,29
images/Shiba.jpg,images_variants/threecolorcorgi/quality_adjusted_80.jpg,0,cross_image,29
images/threecolorcorgi.jpg,images_variants/Shiba/altered.png,0,cross_image,29
images/threecolorcorgi.jpg,images_variants/Shiba/grayscale.png,0,cross_image,29
images/threecolorcorgi.jpg,images_variants/Shiba/covered.png,0,cross_image,33
images/threecolorcorgi.jpg,images_variants/Shiba/dropout.png,0,cross_image,26
images/threecolorcorgi.jpg,images_variants/Shiba/blurred.png,0,cross_image,29
images/threecolorcorgi.jpg,images_variants/Shiba/brightened.png,0,cross_image,32
images/threecolorcorgi.jpg,images_variants/Shiba/darkened.png,0,cross_image,29
images/threecolorcorgi.jpg,images_variants/Shiba/resized.png,0,cross_image,29
images/threecolorcorgi.jpg,images_variants/Shiba/resized_up.png,0,cross_image,29
images/threecolorcorgi.jpg,images_variants/Shiba/contrasted.png,0,cross_image,29
images/threecolorcorgi.jpg,images_variants/Shiba/filtered.png,0,cross_image,29
images/threecolorcorgi.jpg,images_variants/Shiba/channel_shifted.png,0,cross_image,29
images/threecolorcorgi.jpg,images_variants/Shiba/cropped10.png,0,cross_image,25
images/threecolorcorgi.jpg,images_variants/Shiba/cropped20.png,0,cross_image,30
images/threecolorcorgi.jpg,images_variants/Shiba/cropped30.png,0,cross_image,27
images/threecolorcorgi.jpg,images_variants/Shiba/quality_adjusted_20.jpg,0,cross_image,29
images/threecolorcorgi.jpg,images_variants/Shiba/quality_adjusted_50.jpg,0,cross_image,29
images/threecolorcorgi.jpg,images_variants/Shiba/quality_adjusted_80.jpg,0,cross_image,29
