image_a,image_b,transformation,label,ahash_dist,phash_dist,dhash_dist,hsvhash_dist,rhash_dist,chash_dist
images/dragon-bridge.png,images_variants/dragon-bridge/altered.png,altered_20%,1,0.03125,0.015873015873015872,0.027777777777777776,0.047619047619047616,0.03125,0.0625
images/dragon-bridge.png,images_variants/dragon-bridge/grayscale.png,grayscale,1,0.0,0.0,0.0,0.11904761904761904,0.0,1.0
images/dragon-bridge.png,images_variants/dragon-bridge/covered.png,covered_30%,1,0.25,0.2698412698412698,0.041666666666666664,0.023809523809523808,0.234375,0.03125
images/dragon-bridge.png,images_variants/dragon-bridge/dropout.png,grid_dropout_20%,1,0.125,0.25396825396825395,0.2638888888888889,0.07142857142857142,0.21875,0.03125
images/dragon-bridge.png,images_variants/dragon-bridge/blurred.png,blur_radius_2,1,0.0,0.0,0.0,0.047619047619047616,0.0,0.015625
images/dragon-bridge.png,images_variants/dragon-bridge/brightened.png,brightened_1.5x,1,0.046875,0.031746031746031744,0.041666666666666664,0.023809523809523808,0.046875,0.0
images/dragon-bridge.png,images_variants/dragon-bridge/darkened.png,darkened_0.5x,1,0.0,0.0,0.041666666666666664,0.09523809523809523,0.0,0.0
images/dragon-bridge.png,images_variants/dragon-bridge/resized.png,resized_50%,1,0.0,0.0,0.013888888888888888,0.047619047619047616,0.0,0.0
images/dragon-bridge.png,images_variants/dragon-bridge/resized_up.png,resized_up_200%,1,0.0,0.0,0.013888888888888888,0.0,0.0,0.0
images/dragon-bridge.png,images_variants/dragon-bridge/contrasted.png,contrast_1.5x,1,0.046875,0.015873015873015872,0.05555555555555555,0.19047619047619047,0.109375,0.0
images/dragon-bridge.png,images_variants/dragon-bridge/filtered.png,edge_filter,1,0.03125,0.047619047619047616,0.027777777777777776,0.023809523809523808,0.09375,0.015625
images/dragon-bridge.png,images_variants/dragon-bridge/channel_shifted.png,channel_shift_1,1,0.03125,0.047619047619047616,0.08333333333333333,0.14285714285714285,0.203125,0.15625
images/dragon-bridge.png,images_variants/dragon-bridge/cropped10.png,cropped_10%,1,0.25,0.4603174603174603,0.4166666666666667,0.0,0.203125,0.21875
images/dragon-bridge.png,images_variants/dragon-bridge/cropped20.png,cropped_20%,1,0.4375,0.3492063492063492,0.4305555555555556,0.023809523809523808,0.3125,0.3125
images/dragon-bridge.png,images_variants/dragon-bridge/cropped30.png,cropped_30%,1,0.46875,0.4603174603174603,0.4166666666666667,0.023809523809523808,0.34375,0.21875
images/dragon-bridge.png,images_variants/dragon-bridge/quality_adjusted_20.jpg,quality_20%,1,0.0,0.0,0.0,0.0,0.0,0.03125
images/dragon-bridge.png,images_variants/dragon-bridge/quality_adjusted_50.jpg,quality_50%,1,0.0,0.0,0.013888888888888888,0.0,0.0,0.015625
images/dragon-bridge.png,images_variants/dragon-bridge/quality_adjusted_80.jpg,quality_80%,1,0.0,0.0,0.027777777777777776,0.0,0.0,0.015625
images/golden_bridge.webp,images_variants/golden_bridge/altered.png,altered_20%,1,0.0,0.0,0.0,0.023809523809523808,0.03125,0.046875
images/golden_bridge.webp,images_variants/golden_bridge/grayscale.png,grayscale,1,0.0,0.0,0.0,0.11904761904761904,0.0,1.0
images/golden_bridge.webp,images_variants/golden_bridge/covered.png,covered_30%,1,0.0625,0.14285714285714285,0.1388888888888889,0.0,0.078125,0.0
images/golden_bridge.webp,images_variants/golden_bridge/dropout.png,grid_dropout_20%,1,0.078125,0.14285714285714285,0.20833333333333334,0.023809523809523808,0.109375,0.015625
images/golden_bridge.webp,images_variants/golden_bridge/blurred.png,blur_radius_2,1,0.0,0.0,0.0,0.023809523809523808,0.0,0.0
images/golden_bridge.webp,images_variants/golden_bridge/brightened.png,brightened_1.5x,1,0.046875,0.047619047619047616,0.05555555555555555,0.07142857142857142,0.046875,0.296875
images/golden_bridge.webp,images_variants/golden_bridge/darkened.png,darkened_0.5x,1,0.0,0.0,0.0,0.047619047619047616,0.0,0.0
images/golden_bridge.webp,images_variants/golden_bridge/resized.png,resized_50%,1,0.0,0.0,0.0,0.0,0.0,0.0
images/golden_bridge.webp,images_variants/golden_bridge/resized_up.png,resized_up_200%,1,0.0,0.0,0.0,0.0,0.0,0.0
images/golden_bridge.webp,images_variants/golden_bridge/contrasted.png,contrast_1.5x,1,0.0,0.015873015873015872,0.013888888888888888,0.11904761904761904,0.09375,0.046875
images/golden_bridge.webp,images_variants/golden_bridge/filtered.png,edge_filter,1,0.0,0.031746031746031744,0.0,0.047619047619047616,0.015625,0.03125
images/golden_bridge.webp,images_variants/golden_bridge/channel_shifted.png,channel_shift_1,1,0.015625,0.015873015873015872,0.0,0.14285714285714285,0.046875,0.078125
images/golden_bridge.webp,images_variants/golden_bridge/cropped10.png,cropped_10%,1,0.0625,0.25396825396825395,0.3333333333333333,0.0,0.125,0.078125
images/golden_bridge.webp,images_variants/golden_bridge/cropped20.png,cropped_20%,1,0.140625,0.4444444444444444,0.4027777777777778,0.0,0.28125,0.140625
images/golden_bridge.webp,images_variants/golden_bridge/cropped30.png,cropped_30%,1,0.40625,0.4126984126984127,0.4305555555555556,0.023809523809523808,0.484375,0.15625
images/golden_bridge.webp,images_variants/golden_bridge/quality_adjusted_20.jpg,quality_20%,1,0.0,0.0,0.0,0.047619047619047616,0.0,0.0
images/golden_bridge.webp,images_variants/golden_bridge/quality_adjusted_50.jpg,quality_50%,1,0.0,0.0,0.0,0.047619047619047616,0.0,0.0
images/golden_bridge.webp,images_variants/golden_bridge/quality_adjusted_80.jpg,quality_80%,1,0.0,0.0,0.0,0.0,0.0,0.0
images/beach.jpg,images_variants/beach/altered.png,altered_20%,1,0.0,0.015873015873015872,0.027777777777777776,0.047619047619047616,0.09375,0.03125
images/beach.jpg,images_variants/beach/grayscale.png,grayscale,1,0.0,0.0,0.0,0.09523809523809523,0.0,1.0
images/beach.jpg,images_variants/beach/covered.png,covered_30%,1,0.09375,0.15873015873015872,0.027777777777777776,0.0,0.234375,0.015625
images/beach.jpg,images_variants/beach/dropout.png,grid_dropout_20%,1,0.078125,0.2698412698412698,0.2916666666666667,0.047619047619047616,0.25,0.0
images/beach.jpg,images_variants/beach/blurred.png,blur_radius_2,1,0.0,0.0,0.013888888888888888,0.0,0.0,0.0
images/beach.jpg,images_variants/beach/brightened.png,brightened_1.5x,1,0.03125,0.047619047619047616,0.027777777777777776,0.07142857142857142,0.0625,0.015625
images/beach.jpg,images_variants/beach/darkened.png,darkened_0.5x,1,0.0,0.0,0.013888888888888888,0.023809523809523808,0.0,0.0
images/beach.jpg,images_variants/beach/resized.png,resized_50%,1,0.0,0.0,0.0,0.0,0.0,0.0
images/beach.jpg,images_variants/beach/resized_up.png,resized_up_200%,1,0.0,0.0,0.0,0.0,0.0,0.0
images/beach.jpg,images_variants/beach/contrasted.png,contrast_1.5x,1,0.015625,0.047619047619047616,0.05555555555555555,0.09523809523809523,0.078125,0.015625
images/beach.jpg,images_variants/beach/filtered.png,edge_filter,1,0.0,0.031746031746031744,0.013888888888888888,0.0,0.0625,0.0
images/beach.jpg,images_variants/beach/channel_shifted.png,channel_shift_1,1,0.046875,0.047619047619047616,0.041666666666666664,0.14285714285714285,0.046875,0.171875
images/beach.jpg,images_variants/beach/cropped10.png,cropped_10%,1,0.125,0.23809523809523808,0.09722222222222222,0.0,0.109375,0.015625
images/beach.jpg,images_variants/beach/cropped20.png,cropped_20%,1,0.21875,0.6031746031746031,0.2916666666666667,0.07142857142857142,0.234375,0.078125
images/beach.jpg,images_variants/beach/cropped30.png,cropped_30%,1,0.25,0.47619047619047616,0.375,0.14285714285714285,0.3125,0.125
images/beach.jpg,images_variants/beach/quality_adjusted_20.jpg,quality_20%,1,0.0,0.0,0.0,0.0,0.015625,0.0
images/beach.jpg,images_variants/beach/quality_adjusted_50.jpg,quality_50%,1,0.0,0.0,0.0,0.0,0.0,0.0
images/beach.jpg,images_variants/beach/quality_adjusted_80.jpg,quality_80%,1,0.0,0.0,0.0,0.0,0.0,0.0
images/dragon-bridge.png,images/golden_bridge.webp,cross_image,0,0.453125,0.6190476190476191,0.4722222222222222,0.19047619047619047,0.578125,0.3125
images/dragon-bridge.png,images_variants/golden_bridge/altered.png,cross_image,0,0.453125,0.6190476190476191,0.4722222222222222,0.16666666666666666,0.546875,0.265625
images/dragon-bridge.png,images_variants/golden_bridge/grayscale.png,cross_image,0,0.453125,0.6190476190476191,0.4722222222222222,0.16666666666666666,0.578125,1.0
images/dragon-bridge.png,images_variants/golden_bridge/covered.png,cross_image,0,0.453125,0.5714285714285714,0.4722222222222222,0.19047619047619047,0.59375,0.3125
images/dragon-bridge.png,images_variants/golden_bridge/dropout.png,cross_image,0,0.5,0.5714285714285714,0.5138888888888888,0.16666666666666666,0.53125,0.328125
images/dragon-bridge.png,images_variants/golden_bridge/blurred.png,cross_image,0,0.453125,0.6190476190476191,0.4722222222222222,0.16666666666666666,0.578125,0.3125
images/dragon-bridge.png,images_variants/golden_bridge/brightened.png,cross_image,0,0.46875,0.6031746031746031,0.4722222222222222,0.21428571428571427,0.5625,0.453125
images/dragon-bridge.png,images_variants/golden_bridge/darkened.png,cross_image,0,0.453125,0.6190476190476191,0.4722222222222222,0.14285714285714285,0.578125,0.3125
images/dragon-bridge.png,images_variants/golden_bridge/resized.png,cross_image,0,0.453125,0.6190476190476191,0.4722222222222222,0.19047619047619047,0.578125,0.3125
images/dragon-bridge.png,images_variants/golden_bridge/resized_up.png,cross_image,0,0.453125,0.6190476190476191,0.4722222222222222,0.19047619047619047,0.578125,0.3125
images/dragon-bridge.png,images_variants/golden_bridge/contrasted.png,cross_image,0,0.453125,0.6031746031746031,0.4861111111111111,0.16666666666666666,0.609375,0.359375
images/dragon-bridge.png,images_variants/golden_bridge/filtered.png,cross_image,0,0.453125,0.5873015873015873,0.4722222222222222,0.19047619047619047,0.59375,0.28125
images/dragon-bridge.png,images_variants/golden_bridge/channel_shifted.png,cross_image,0,0.4375,0.6031746031746031,0.4722222222222222,0.19047619047619047,0.625,0.359375
images/dragon-bridge.png,images_variants/golden_bridge/cropped10.png,cross_image,0,0.515625,0.6190476190476191,0.5,0.19047619047619047,0.515625,0.265625
images/dragon-bridge.png,images_variants/golden_bridge/cropped20.png,cross_image,0,0.53125,0.49206349206349204,0.5138888888888888,0.19047619047619047,0.453125,0.296875
images/dragon-bridge.png,images_variants/golden_bridge/cropped30.png,cross_image,0,0.515625,0.49206349206349204,0.4583333333333333,0.21428571428571427,0.46875,0.34375
images/dragon-bridge.png,images_variants/golden_bridge/quality_adjusted_20.jpg,cross_image,0,0.453125,0.6190476190476191,0.4722222222222222,0.19047619047619047,0.578125,0.3125
images/dragon-bridge.png,images_variants/golden_bridge/quality_adjusted_50.jpg,cross_image,0,0.453125,0.6190476190476191,0.4722222222222222,0.19047619047619047,0.578125,0.3125
images/dragon-bridge.png,images_variants/golden_bridge/quality_adjusted_80.jpg,cross_image,0,0.453125,0.6190476190476191,0.4722222222222222,0.19047619047619047,0.578125,0.3125
images/golden_bridge.webp,images_variants/dragon-bridge/altered.png,cross_image,0,0.453125,0.6031746031746031,0.4722222222222222,0.14285714285714285,0.578125,0.34375
images/golden_bridge.webp,images_variants/dragon-bridge/grayscale.png,cross_image,0,0.453125,0.6190476190476191,0.4722222222222222,0.11904761904761904,0.578125,1.0
images/golden_bridge.webp,images_variants/dragon-bridge/covered.png,cross_image,0,0.484375,0.4444444444444444,0.4583333333333333,0.21428571428571427,0.625,0.3125
images/golden_bridge.webp,images_variants/dragon-bridge/dropout.png,cross_image,0,0.390625,0.49206349206349204,0.4861111111111111,0.21428571428571427,0.578125,0.3125
images/golden_bridge.webp,images_variants/dragon-bridge/blurred.png,cross_image,0,0.453125,0.6190476190476191,0.4722222222222222,0.14285714285714285,0.578125,0.296875
images/golden_bridge.webp,images_variants/dragon-bridge/brightened.png,cross_image,0,0.4375,0.5873015873015873,0.4861111111111111,0.16666666666666666,0.59375,0.3125
images/golden_bridge.webp,images_variants/dragon-bridge/darkened.png,cross_image,0,0.453125,0.6190476190476191,0.4305555555555556,0.14285714285714285,0.578125,0.3125
images/golden_bridge.webp,images_variants/dragon-bridge/resized.png,cross_image,0,0.453125,0.6190476190476191,0.4583333333333333,0.14285714285714285,0.578125,0.3125
images/golden_bridge.webp,images_variants/dragon-bridge/resized_up.png,cross_image,0,0.453125,0.6190476190476191,0.4583333333333333,0.19047619047619047,0.578125,0.3125
images/golden_bridge.webp,images_variants/dragon-bridge/contrasted.png,cross_image,0,0.4375,0.6031746031746031,0.4722222222222222,0.14285714285714285,0.625,0.3125
images/golden_bridge.webp,images_variants/dragon-bridge/filtered.png,cross_image,0,0.453125,0.5714285714285714,0.4444444444444444,0.21428571428571427,0.640625,0.328125
images/golden_bridge.webp,images_variants/dragon-bridge/channel_shifted.png,cross_image,0,0.453125,0.6031746031746031,0.4166666666666667,0.09523809523809523,0.46875,0.40625
images/golden_bridge.webp,images_variants/dragon-bridge/cropped10.png,cross_image,0,0.484375,0.38095238095238093,0.4444444444444444,0.19047619047619047,0.65625,0.3125
images/golden_bridge.webp,images_variants/dragon-bridge/cropped20.png,cross_image,0,0.578125,0.5555555555555556,0.4861111111111111,0.16666666666666666,0.640625,0.25
images/golden_bridge.webp,images_variants/dragon-bridge/cropped30.png,cross_image,0,0.640625,0.5396825396825397,0.4166666666666667,0.16666666666666666,0.765625,0.3125
images/golden_bridge.webp,images_variants/dragon-bridge/quality_adjusted_20.jpg,cross_image,0,0.453125,0.6190476190476191,0.4722222222222222,0.19047619047619047,0.578125,0.3125
images/golden_bridge.webp,images_variants/dragon-bridge/quality_adjusted_50.jpg,cross_image,0,0.453125,0.6190476190476191,0.4583333333333333,0.19047619047619047,0.578125,0.328125
images/golden_bridge.webp,images_variants/dragon-bridge/quality_adjusted_80.jpg,cross_image,0,0.453125,0.6190476190476191,0.4444444444444444,0.19047619047619047,0.578125,0.328125
images/dragon-bridge.png,images/beach.jpg,cross_image,0,0.484375,0.5396825396825397,0.5138888888888888,0.21428571428571427,0.53125,0.4375
images/dragon-bridge.png,images_variants/beach/altered.png,cross_image,0,0.484375,0.5555555555555556,0.5138888888888888,0.21428571428571427,0.5625,0.4375
images/dragon-bridge.png,images_variants/beach/grayscale.png,cross_image,0,0.484375,0.5396825396825397,0.5138888888888888,0.16666666666666666,0.53125,1.0
images/dragon-bridge.png,images_variants/beach/covered.png,cross_image,0,0.453125,0.5714285714285714,0.5138888888888888,0.21428571428571427,0.578125,0.453125
images/dragon-bridge.png,images_variants/beach/dropout.png,cross_image,0,0.46875,0.5238095238095238,0.5,0.16666666666666666,0.4375,0.4375
images/dragon-bridge.png,images_variants/beach/blurred.png,cross_image,0,0.484375,0.5396825396825397,0.5,0.21428571428571427,0.53125,0.4375
images/dragon-bridge.png,images_variants/beach/brightened.png,cross_image,0,0.453125,0.5555555555555556,0.5138888888888888,0.19047619047619047,0.5,0.421875
images/dragon-bridge.png,images_variants/beach/darkened.png,cross_image,0,0.484375,0.5396825396825397,0.5,0.23809523809523808,0.53125,0.4375
images/dragon-bridge.png,images_variants/beach/resized.png,cross_image,0,0.484375,0.5396825396825397,0.5138888888888888,0.21428571428571427,0.53125,0.4375
images/dragon-bridge.png,images_variants/beach/resized_up.png,cross_image,0,0.484375,0.5396825396825397,0.5138888888888888,0.21428571428571427,0.53125,0.4375
images/dragon-bridge.png,images_variants/beach/contrasted.png,cross_image,0,0.46875,0.5555555555555556,0.5416666666666666,0.21428571428571427,0.515625,0.453125
images/dragon-bridge.png,images_variants/beach/filtered.png,cross_image,0,0.484375,0.5714285714285714,0.5,0.21428571428571427,0.53125,0.4375
images/dragon-bridge.png,images_variants/beach/channel_shifted.png,cross_image,0,0.5,0.5238095238095238,0.5277777777777778,0.21428571428571427,0.515625,0.546875
images/dragon-bridge.png,images_variants/beach/cropped10.png,cross_image,0,0.515625,0.6507936507936508,0.4722222222222222,0.21428571428571427,0.515625,0.453125
images/dragon-bridge.png,images_variants/beach/cropped20.png,cross_image,0,0.453125,0.5714285714285714,0.5277777777777778,0.23809523809523808,0.578125,0.453125
images/dragon-bridge.png,images_variants/beach/cropped30.png,cross_image,0,0.453125,0.5396825396825397,0.5277777777777778,0.21428571428571427,0.59375,0.4375
images/dragon-bridge.png,images_variants/beach/quality_adjusted_20.jpg,cross_image,0,0.484375,0.5396825396825397,0.5138888888888888,0.21428571428571427,0.515625,0.4375
images/dragon-bridge.png,images_variants/beach/quality_adjusted_50.jpg,cross_image,0,0.484375,0.5396825396825397,0.5138888888888888,0.21428571428571427,0.53125,0.4375
images/dragon-bridge.png,images_variants/beach/quality_adjusted_80.jpg,cross_image,0,0.484375,0.5396825396825397,0.5138888888888888,0.21428571428571427,0.53125,0.4375
images/beach.jpg,images_variants/dragon-bridge/altered.png,cross_image,0,0.515625,0.5238095238095238,0.4861111111111111,0.16666666666666666,0.5,0.4375
images/beach.jpg,images_variants/dragon-bridge/grayscale.png,cross_image,0,0.484375,0.5396825396825397,0.5138888888888888,0.14285714285714285,0.53125,1.0
images/beach.jpg,images_variants/dragon-bridge/covered.png,cross_image,0,0.484375,0.49206349206349204,0.5555555555555556,0.23809523809523808,0.546875,0.4375
images/beach.jpg,images_variants/dragon-bridge/dropout.png,cross_image,0,0.453125,0.47619047619047616,0.4722222222222222,0.23809523809523808,0.5,0.4375
images/beach.jpg,images_variants/dragon-bridge/blurred.png,cross_image,0,0.484375,0.5396825396825397,0.5138888888888888,0.16666666666666666,0.53125,0.453125
images/beach.jpg,images_variants/dragon-bridge/brightened.png,cross_image,0,0.5,0.5396825396825397,0.5,0.19047619047619047,0.546875,0.4375
images/beach.jpg,images_variants/dragon-bridge/darkened.png,cross_image,0,0.484375,0.5396825396825397,0.5,0.21428571428571427,0.53125,0.4375
images/beach.jpg,images_variants/dragon-bridge/resized.png,cross_image,0,0.484375,0.5396825396825397,0.5,0.21428571428571427,0.53125,0.4375
images/beach.jpg,images_variants/dragon-bridge/resized_up.png,cross_image,0,0.484375,0.5396825396825397,0.5,0.21428571428571427,0.53125,0.4375
images/beach.jpg,images_variants/dragon-bridge/contrasted.png,cross_image,0,0.53125,0.5238095238095238,0.5416666666666666,0.21428571428571427,0.546875,0.4375
images/beach.jpg,images_variants/dragon-bridge/filtered.png,cross_image,0,0.515625,0.5238095238095238,0.5416666666666666,0.23809523809523808,0.5,0.453125
images/beach.jpg,images_variants/dragon-bridge/channel_shifted.png,cross_image,0,0.484375,0.5555555555555556,0.4861111111111111,0.16666666666666666,0.484375,0.46875
images/beach.jpg,images_variants/dragon-bridge/cropped10.png,cross_image,0,0.578125,0.5238095238095238,0.4861111111111111,0.21428571428571427,0.546875,0.375
images/beach.jpg,images_variants/dragon-bridge/cropped20.png,cross_image,0,0.578125,0.5396825396825397,0.4444444444444444,0.19047619047619047,0.53125,0.34375
images/beach.jpg,images_variants/dragon-bridge/cropped30.png,cross_image,0,0.609375,0.5555555555555556,0.4583333333333333,0.19047619047619047,0.5625,0.40625
images/beach.jpg,images_variants/dragon-bridge/quality_adjusted_20.jpg,cross_image,0,0.484375,0.5396825396825397,0.5138888888888888,0.21428571428571427,0.53125,0.4375
images/beach.jpg,images_variants/dragon-bridge/quality_adjusted_50.jpg,cross_image,0,0.484375,0.5396825396825397,0.5,0.21428571428571427,0.53125,0.453125
images/beach.jpg,images_variants/dragon-bridge/quality_adjusted_80.jpg,cross_image,0,0.484375,0.5396825396825397,0.5138888888888888,0.21428571428571427,0.53125,0.453125
images/golden_bridge.webp,images/beach.jpg,cross_image,0,0.21875,0.42857142857142855,0.5138888888888888,0.16666666666666666,0.328125,0.21875
images/golden_bridge.webp,images_variants/beach/altered.png,cross_image,0,0.21875,0.4126984126984127,0.5138888888888888,0.16666666666666666,0.328125,0.25
images/golden_bridge.webp,images_variants/beach/grayscale.png,cross_image,0,0.21875,0.42857142857142855,0.5138888888888888,0.11904761904761904,0.328125,1.0
images/golden_bridge.webp,images_variants/beach/covered.png,cross_image,0,0.15625,0.42857142857142855,0.5138888888888888,0.16666666666666666,0.375,0.234375
images/golden_bridge.webp,images_variants/beach/dropout.png,cross_image,0,0.234375,0.4126984126984127,0.4166666666666667,0.16666666666666666,0.359375,0.21875
images/golden_bridge.webp,images_variants/beach/blurred.png,cross_image,0,0.21875,0.42857142857142855,0.5,0.16666666666666666,0.328125,0.21875
images/golden_bridge.webp,images_variants/beach/brightened.png,cross_image,0,0.1875,0.4444444444444444,0.4861111111111111,0.19047619047619047,0.359375,0.203125
images/golden_bridge.webp,images_variants/beach/darkened.png,cross_image,0,0.21875,0.42857142857142855,0.5,0.19047619047619047,0.328125,0.21875
images/golden_bridge.webp,images_variants/beach/resized.png,cross_image,0,0.21875,0.42857142857142855,0.5138888888888888,0.16666666666666666,0.328125,0.21875
images/golden_bridge.webp,images_variants/beach/resized_up.png,cross_image,0,0.21875,0.42857142857142855,0.5138888888888888,0.16666666666666666,0.328125,0.21875
images/golden_bridge.webp,images_variants/beach/contrasted.png,cross_image,0,0.234375,0.4444444444444444,0.5138888888888888,0.16666666666666666,0.375,0.234375
images/golden_bridge.webp,images_variants/beach/filtered.png,cross_image,0,0.21875,0.42857142857142855,0.5,0.16666666666666666,0.328125,0.21875
images/golden_bridge.webp,images_variants/beach/channel_shifted.png,cross_image,0,0.203125,0.4444444444444444,0.4722222222222222,0.16666666666666666,0.34375,0.265625
images/golden_bridge.webp,images_variants/beach/cropped10.png,cross_image,0,0.25,0.38095238095238093,0.4722222222222222,0.16666666666666666,0.34375,0.234375
images/golden_bridge.webp,images_variants/beach/cropped20.png,cross_image,0,0.25,0.4603174603174603,0.4444444444444444,0.14285714285714285,0.28125,0.203125
images/golden_bridge.webp,images_variants/beach/cropped30.png,cross_image,0,0.28125,0.5238095238095238,0.5277777777777778,0.11904761904761904,0.140625,0.1875
images/golden_bridge.webp,images_variants/beach/quality_adjusted_20.jpg,cross_image,0,0.21875,0.42857142857142855,0.5138888888888888,0.16666666666666666,0.34375,0.21875
images/golden_bridge.webp,images_variants/beach/quality_adjusted_50.jpg,cross_image,0,0.21875,0.42857142857142855,0.5138888888888888,0.16666666666666666,0.328125,0.21875
images/golden_bridge.webp,images_variants/beach/quality_adjusted_80.jpg,cross_image,0,0.21875,0.42857142857142855,0.5138888888888888,0.16666666666666666,0.328125,0.21875
images/beach.jpg,images_variants/golden_bridge/altered.png,cross_image,0,0.21875,0.42857142857142855,0.5138888888888888,0.14285714285714285,0.359375,0.265625
images/beach.jpg,images_variants/golden_bridge/grayscale.png,cross_image,0,0.21875,0.42857142857142855,0.5138888888888888,0.09523809523809523,0.328125,1.0
images/beach.jpg,images_variants/golden_bridge/covered.png,cross_image,0,0.21875,0.4444444444444444,0.4305555555555556,0.16666666666666666,0.28125,0.21875
images/beach.jpg,images_variants/golden_bridge/dropout.png,cross_image,0,0.234375,0.4126984126984127,0.4444444444444444,0.19047619047619047,0.34375,0.203125
images/beach.jpg,images_variants/golden_bridge/blurred.png,cross_image,0,0.21875,0.42857142857142855,0.5138888888888888,0.14285714285714285,0.328125,0.21875
images/beach.jpg,images_variants/golden_bridge/brightened.png,cross_image,0,0.203125,0.4444444444444444,0.4861111111111111,0.09523809523809523,0.375,0.296875
images/beach.jpg,images_variants/golden_bridge/darkened.png,cross_image,0,0.21875,0.42857142857142855,0.5138888888888888,0.16666666666666666,0.328125,0.21875
images/beach.jpg,images_variants/golden_bridge/resized.png,cross_image,0,0.21875,0.42857142857142855,0.5138888888888888,0.16666666666666666,0.328125,0.21875
images/beach.jpg,images_variants/golden_bridge/resized_up.png,cross_image,0,0.21875,0.42857142857142855,0.5138888888888888,0.16666666666666666,0.328125,0.21875
images/beach.jpg,images_variants/golden_bridge/contrasted.png,cross_image,0,0.21875,0.4444444444444444,0.5,0.19047619047619047,0.265625,0.203125
images/beach.jpg,images_variants/golden_bridge/filtered.png,cross_image,0,0.21875,0.4603174603174603,0.5138888888888888,0.11904761904761904,0.3125,0.25
images/beach.jpg,images_variants/golden_bridge/channel_shifted.png,cross_image,0,0.203125,0.4444444444444444,0.5138888888888888,0.16666666666666666,0.28125,0.171875
images/beach.jpg,images_variants/golden_bridge/cropped10.png,cross_image,0,0.25,0.42857142857142855,0.4583333333333333,0.16666666666666666,0.453125,0.265625
images/beach.jpg,images_variants/golden_bridge/cropped20.png,cross_image,0,0.265625,0.3968253968253968,0.3888888888888889,0.16666666666666666,0.515625,0.265625
images/beach.jpg,images_variants/golden_bridge/cropped30.png,cross_image,0,0.25,0.3968253968253968,0.4444444444444444,0.14285714285714285,0.40625,0.21875
images/beach.jpg,images_variants/golden_bridge/quality_adjusted_20.jpg,cross_image,0,0.21875,0.42857142857142855,0.5138888888888888,0.11904761904761904,0.328125,0.21875
images/beach.jpg,images_variants/golden_bridge/quality_adjusted_50.jpg,cross_image,0,0.21875,0.42857142857142855,0.5138888888888888,0.11904761904761904,0.328125,0.21875
images/beach.jpg,images_variants/golden_bridge/quality_adjusted_80.jpg,cross_image,0,0.21875,0.42857142857142855,0.5138888888888888,0.16666666666666666,0.328125,0.21875
references/R020965.jpg,queries/Q00061.jpg,disc21,1,0.453125,0.5079365079365079,0.3888888888888889,0.09523809523809523,0.25,1.0
references/R044970.jpg,queries/Q00324.jpg,disc21,1,0.34375,0.4444444444444444,0.5138888888888888,0.023809523809523808,0.40625,0.109375
references/R003142.jpg,queries/Q00338.jpg,disc21,1,0.203125,0.25396825396825395,0.1527777777777778,0.14285714285714285,0.125,0.21875
references/R007851.jpg,queries/Q00748.jpg,disc21,1,0.03125,0.38095238095238093,0.375,0.23809523809523808,0.078125,0.25
references/R032607.jpg,queries/Q00814.jpg,disc21,1,0.46875,0.4444444444444444,0.3333333333333333,0.07142857142857142,0.453125,0.125
references/R033260.jpg,queries/Q00846.jpg,disc21,1,0.546875,0.7142857142857143,0.4166666666666667,0.14285714285714285,0.703125,0.25
references/R014120.jpg,queries/Q00906.jpg,disc21,1,0.53125,0.6031746031746031,0.4583333333333333,0.14285714285714285,0.5,0.34375
references/R044290.jpg,queries/Q00911.jpg,disc21,1,0.09375,0.12698412698412698,0.08333333333333333,0.047619047619047616,0.171875,0.15625
references/R026396.jpg,queries/Q01094.jpg,disc21,1,0.296875,0.4603174603174603,0.4444444444444444,0.09523809523809523,0.328125,1.0
references/R021968.jpg,queries/Q01114.jpg,disc21,1,0.71875,0.5079365079365079,0.4027777777777778,0.23809523809523808,0.671875,0.5
references/R040062.jpg,queries/Q01139.jpg,disc21,1,0.578125,0.5555555555555556,0.4861111111111111,0.14285714285714285,0.484375,0.40625
references/R032013.jpg,queries/Q01144.jpg,disc21,1,0.1875,0.09523809523809523,0.1111111111111111,0.09523809523809523,0.171875,0.203125
references/R010286.jpg,queries/Q01150.jpg,disc21,1,0.046875,0.14285714285714285,0.06944444444444445,0.07142857142857142,0.078125,0.0625
references/R043984.jpg,queries/Q01200.jpg,disc21,1,0.953125,0.6825396825396826,0.6944444444444444,0.16666666666666666,0.578125,0.1875
references/R026440.jpg,queries/Q01204.jpg,disc21,1,0.28125,0.4444444444444444,0.4027777777777778,0.14285714285714285,0.234375,0.5
references/R047843.jpg,queries/Q01351.jpg,disc21,1,0.484375,0.5079365079365079,0.4305555555555556,0.21428571428571427,0.21875,0.34375
references/R036921.jpg,queries/Q01467.jpg,disc21,1,0.203125,0.2698412698412698,0.08333333333333333,0.14285714285714285,0.21875,1.0
references/R017215.jpg,queries/Q01549.jpg,disc21,1,0.09375,0.19047619047619047,0.09722222222222222,0.047619047619047616,0.203125,0.171875
references/R043507.jpg,queries/Q01663.jpg,disc21,1,0.40625,0.49206349206349204,0.4722222222222222,0.11904761904761904,0.421875,0.25
references/R016653.jpg,queries/Q01752.jpg,disc21,1,0.453125,0.5555555555555556,0.3888888888888889,0.21428571428571427,0.59375,0.296875
references/R002815.jpg,queries/Q01854.jpg,disc21,1,0.109375,0.25396825396825395,0.2638888888888889,0.16666666666666666,0.140625,0.203125
references/R017945.jpg,queries/Q01893.jpg,disc21,1,0.359375,0.49206349206349204,0.375,0.047619047619047616,0.484375,1.0
references/R009770.jpg,queries/Q02033.jpg,disc21,1,0.53125,0.4126984126984127,0.4722222222222222,0.11904761904761904,0.5,0.21875
references/R008373.jpg,queries/Q02051.jpg,disc21,1,0.578125,0.5238095238095238,0.4305555555555556,0.11904761904761904,0.53125,0.125
references/R028223.jpg,queries/Q02160.jpg,disc21,1,0.015625,0.06349206349206349,0.09722222222222222,0.09523809523809523,0.0625,0.4375
references/R030372.jpg,queries/Q02275.jpg,disc21,1,0.296875,0.5555555555555556,0.3888888888888889,0.19047619047619047,0.515625,0.328125
references/R029794.jpg,queries/Q02651.jpg,disc21,1,0.421875,0.5873015873015873,0.4305555555555556,0.30952380952380953,0.359375,0.46875
references/R040813.jpg,queries/Q02672.jpg,disc21,1,0.3125,0.49206349206349204,0.4861111111111111,0.14285714285714285,0.6875,0.234375
references/R015696.jpg,queries/Q02840.jpg,disc21,1,0.359375,0.5396825396825397,0.5138888888888888,0.14285714285714285,0.4375,0.09375
references/R005713.jpg,queries/Q02945.jpg,disc21,1,0.078125,0.3968253968253968,0.3611111111111111,0.11904761904761904,0.375,0.140625
references/R046712.jpg,queries/Q03053.jpg,disc21,1,0.65625,0.6507936507936508,0.3888888888888889,0.14285714285714285,0.6875,0.359375
references/R040535.jpg,queries/Q03158.jpg,disc21,1,0.78125,0.49206349206349204,0.4444444444444444,0.16666666666666666,0.5625,0.34375
references/R033871.jpg,queries/Q03218.jpg,disc21,1,0.546875,0.47619047619047616,0.4722222222222222,0.11904761904761904,0.265625,0.359375
references/R023861.jpg,queries/Q03233.jpg,disc21,1,0.046875,0.14285714285714285,0.16666666666666666,0.19047619047619047,0.109375,0.1875
references/R021774.jpg,queries/Q03273.jpg,disc21,1,0.640625,0.5396825396825397,0.4722222222222222,0.14285714285714285,0.578125,0.484375
references/R025235.jpg,queries/Q03285.jpg,disc21,1,0.0,0.12698412698412698,0.3055555555555556,0.09523809523809523,0.0,0.4375
references/R038109.jpg,queries/Q03364.jpg,disc21,1,0.609375,0.5238095238095238,0.3472222222222222,0.11904761904761904,0.515625,0.375
references/R019268.jpg,queries/Q03440.jpg,disc21,1,0.1875,0.38095238095238093,0.375,0.07142857142857142,0.21875,0.28125
references/R048860.jpg,queries/Q03572.jpg,disc21,1,0.171875,0.4126984126984127,0.3055555555555556,0.09523809523809523,0.125,0.265625
references/R048959.jpg,queries/Q03643.jpg,disc21,1,0.03125,0.1746031746031746,0.1111111111111111,0.09523809523809523,0.078125,0.203125
references/R005527.jpg,queries/Q03854.jpg,disc21,1,0.421875,0.4444444444444444,0.4166666666666667,0.11904761904761904,0.234375,0.34375
references/R036479.jpg,queries/Q03961.jpg,disc21,1,0.234375,0.3968253968253968,0.3055555555555556,0.19047619047619047,0.3125,0.28125
references/R038735.jpg,queries/Q04079.jpg,disc21,1,0.0,0.06349206349206349,0.0,0.023809523809523808,0.03125,0.109375
references/R022514.jpg,queries/Q04111.jpg,disc21,1,0.125,0.15873015873015872,0.1388888888888889,0.11904761904761904,0.15625,0.21875
references/R030138.jpg,queries/Q04113.jpg,disc21,1,0.015625,0.09523809523809523,0.0,0.047619047619047616,0.0625,0.09375
references/R032330.jpg,queries/Q04381.jpg,disc21,1,0.25,0.3968253968253968,0.3472222222222222,0.07142857142857142,0.296875,1.0
references/R013853.jpg,queries/Q04414.jpg,disc21,1,0.125,0.1111111111111111,0.06944444444444445,0.07142857142857142,0.0625,1.0
references/R020251.jpg,queries/Q04572.jpg,disc21,1,0.078125,0.15873015873015872,0.1527777777777778,0.11904761904761904,0.0,0.328125
references/R002943.jpg,queries/Q04580.jpg,disc21,1,0.703125,0.5238095238095238,0.375,0.0,0.59375,0.265625
references/R004613.jpg,queries/Q04602.jpg,disc21,1,0.0625,0.047619047619047616,0.027777777777777776,0.0,0.03125,0.0625
references/R016215.jpg,queries/Q04618.jpg,disc21,1,0.453125,0.6666666666666666,0.2361111111111111,0.14285714285714285,0.328125,0.140625
references/R033718.jpg,queries/Q04629.jpg,disc21,1,0.203125,0.1746031746031746,0.19444444444444445,0.14285714285714285,0.109375,0.15625
references/R015986.jpg,queries/Q04872.jpg,disc21,1,0.078125,0.14285714285714285,0.18055555555555555,0.11904761904761904,0.484375,0.390625
references/R042444.jpg,queries/Q04978.jpg,disc21,1,0.0,0.0,0.041666666666666664,0.16666666666666666,0.171875,0.03125
references/R010499.jpg,queries/Q05046.jpg,disc21,1,0.203125,0.12698412698412698,0.09722222222222222,0.023809523809523808,0.15625,0.03125
references/R013756.jpg,queries/Q05306.jpg,disc21,1,0.046875,0.1746031746031746,0.3472222222222222,0.0,0.09375,0.015625
references/R026258.jpg,queries/Q05308.jpg,disc21,1,0.3125,0.4126984126984127,0.3472222222222222,0.19047619047619047,0.40625,0.328125
references/R013394.jpg,queries/Q05388.jpg,disc21,1,0.0,0.0,0.041666666666666664,0.023809523809523808,0.046875,0.015625
references/R002092.jpg,queries/Q05562.jpg,disc21,1,0.046875,0.047619047619047616,0.041666666666666664,0.09523809523809523,0.03125,0.4375
references/R024358.jpg,queries/Q05634.jpg,disc21,1,0.21875,0.4126984126984127,0.3888888888888889,0.21428571428571427,0.4375,0.265625
references/R007283.jpg,queries/Q05881.jpg,disc21,1,0.171875,0.25396825396825395,0.3194444444444444,0.14285714285714285,0.578125,0.296875
references/R019908.jpg,queries/Q05925.jpg,disc21,1,0.234375,0.4444444444444444,0.2777777777777778,0.09523809523809523,0.265625,0.203125
references/R036637.jpg,queries/Q06021.jpg,disc21,1,0.0,0.015873015873015872,0.041666666666666664,0.023809523809523808,0.0,0.046875
references/R017928.jpg,queries/Q06147.jpg,disc21,1,0.3125,0.47619047619047616,0.4027777777777778,0.07142857142857142,0.609375,1.0
references/R032575.jpg,queries/Q06214.jpg,disc21,1,0.34375,0.47619047619047616,0.3888888888888889,0.23809523809523808,0.203125,0.40625
references/R040305.jpg,queries/Q06231.jpg,disc21,1,0.515625,0.6825396825396826,0.6111111111111112,0.21428571428571427,0.390625,0.125
references/R045080.jpg,queries/Q06240.jpg,disc21,1,0.40625,0.47619047619047616,0.4722222222222222,0.11904761904761904,0.609375,0.265625
references/R035974.jpg,queries/Q06246.jpg,disc21,1,0.0625,0.06349206349206349,0.09722222222222222,0.14285714285714285,0.234375,0.265625
references/R033241.jpg,queries/Q06253.jpg,disc21,1,0.578125,0.5238095238095238,0.4444444444444444,0.047619047619047616,0.640625,0.515625
references/R033376.jpg,queries/Q06257.jpg,disc21,1,0.0,0.031746031746031744,0.05555555555555555,0.07142857142857142,0.03125,0.015625
references/R042210.jpg,queries/Q06313.jpg,disc21,1,0.140625,0.15873015873015872,0.09722222222222222,0.047619047619047616,0.421875,0.40625
references/R038409.jpg,queries/Q06686.jpg,disc21,1,0.125,0.49206349206349204,0.3055555555555556,0.0,0.40625,0.3125
references/R006606.jpg,queries/Q06786.jpg,disc21,1,0.34375,0.49206349206349204,0.4305555555555556,0.07142857142857142,0.453125,0.078125
references/R003935.jpg,queries/Q06835.jpg,disc21,1,0.40625,0.5238095238095238,0.4027777777777778,0.19047619047619047,0.453125,0.265625
references/R025200.jpg,queries/Q06890.jpg,disc21,1,0.09375,0.14285714285714285,0.08333333333333333,0.07142857142857142,0.28125,0.203125
references/R030777.jpg,queries/Q06997.jpg,disc21,1,0.59375,0.5079365079365079,0.4166666666666667,0.0,0.640625,0.078125
references/R014159.jpg,queries/Q07059.jpg,disc21,1,0.4375,0.36507936507936506,0.18055555555555555,0.09523809523809523,0.5,0.140625
references/R047215.jpg,queries/Q07078.jpg,disc21,1,0.03125,0.06349206349206349,0.013888888888888888,0.14285714285714285,0.03125,0.359375
references/R048124.jpg,queries/Q07130.jpg,disc21,1,0.09375,0.2857142857142857,0.16666666666666666,0.16666666666666666,0.328125,0.109375
references/R021055.jpg,queries/Q07180.jpg,disc21,1,0.25,0.4603174603174603,0.375,0.11904761904761904,0.234375,0.1875
references/R034580.jpg,queries/Q07377.jpg,disc21,1,0.4375,0.1111111111111111,0.125,0.19047619047619047,0.5,0.265625
references/R028712.jpg,queries/Q07380.jpg,disc21,1,0.0,0.015873015873015872,0.0,0.07142857142857142,0.015625,1.0
references/R035985.jpg,queries/Q07423.jpg,disc21,1,0.421875,0.49206349206349204,0.4166666666666667,0.23809523809523808,0.59375,0.28125
references/R036215.jpg,queries/Q07437.jpg,disc21,1,0.421875,0.42857142857142855,0.3472222222222222,0.16666666666666666,0.375,0.15625
references/R002155.jpg,queries/Q07482.jpg,disc21,1,0.25,0.3492063492063492,0.2777777777777778,0.11904761904761904,0.40625,0.140625
references/R031316.jpg,queries/Q07791.jpg,disc21,1,0.4375,0.4126984126984127,0.2777777777777778,0.19047619047619047,0.328125,0.375
references/R008693.jpg,queries/Q07842.jpg,disc21,1,0.34375,0.4444444444444444,0.2777777777777778,0.09523809523809523,0.203125,0.5
references/R004332.jpg,queries/Q07946.jpg,disc21,1,0.1875,0.36507936507936506,0.4027777777777778,0.19047619047619047,0.1875,0.3125
references/R021605.jpg,queries/Q08111.jpg,disc21,1,0.421875,0.47619047619047616,0.4722222222222222,0.19047619047619047,0.4375,0.28125
references/R044326.jpg,queries/Q08196.jpg,disc21,1,0.34375,0.36507936507936506,0.375,0.11904761904761904,0.46875,0.109375
references/R040002.jpg,queries/Q08257.jpg,disc21,1,0.34375,0.47619047619047616,0.4444444444444444,0.07142857142857142,0.46875,0.234375
references/R028782.jpg,queries/Q08299.jpg,disc21,1,0.046875,0.047619047619047616,0.027777777777777776,0.16666666666666666,0.046875,0.265625
references/R045173.jpg,queries/Q08333.jpg,disc21,1,0.078125,0.25396825396825395,0.041666666666666664,0.047619047619047616,0.078125,0.03125
references/R003487.jpg,queries/Q08463.jpg,disc21,1,0.03125,0.047619047619047616,0.08333333333333333,0.14285714285714285,0.03125,0.1875
references/R030393.jpg,queries/Q08488.jpg,disc21,1,0.0,0.07936507936507936,0.041666666666666664,0.07142857142857142,0.015625,0.109375
references/R014788.jpg,queries/Q08496.jpg,disc21,1,0.3125,0.5238095238095238,0.375,0.19047619047619047,0.4375,0.296875
references/R020188.jpg,queries/Q08559.jpg,disc21,1,0.25,0.47619047619047616,0.5694444444444444,0.14285714285714285,0.265625,0.296875
references/R002133.jpg,queries/Q08571.jpg,disc21,1,0.484375,0.42857142857142855,0.4861111111111111,0.23809523809523808,0.640625,0.28125
references/R024779.jpg,queries/Q08650.jpg,disc21,1,0.078125,0.2698412698412698,0.20833333333333334,0.16666666666666666,0.53125,0.375
references/R042554.jpg,queries/Q08657.jpg,disc21,1,0.453125,0.4444444444444444,0.3611111111111111,0.21428571428571427,0.359375,0.203125
references/R038214.jpg,queries/Q08675.jpg,disc21,1,0.015625,0.14285714285714285,0.18055555555555555,0.19047619047619047,0.109375,0.109375
references/R010466.jpg,queries/Q08740.jpg,disc21,1,0.234375,0.09523809523809523,0.05555555555555555,0.16666666666666666,0.171875,0.515625
references/R020064.jpg,queries/Q08853.jpg,disc21,1,0.03125,0.1111111111111111,0.09722222222222222,0.07142857142857142,0.265625,0.375
references/R049233.jpg,queries/Q08950.jpg,disc21,1,0.640625,0.5238095238095238,0.4722222222222222,0.0,0.28125,0.09375
references/R019400.jpg,queries/Q08959.jpg,disc21,1,0.515625,0.49206349206349204,0.4444444444444444,0.21428571428571427,0.546875,0.15625
references/R004907.jpg,queries/Q09005.jpg,disc21,1,0.015625,0.14285714285714285,0.06944444444444445,0.047619047619047616,0.0625,0.015625
references/R002688.jpg,queries/Q09037.jpg,disc21,1,0.265625,0.47619047619047616,0.5,0.14285714285714285,0.34375,0.328125
references/R010534.jpg,queries/Q09136.jpg,disc21,1,0.390625,0.6031746031746031,0.4722222222222222,0.11904761904761904,0.3125,0.109375
references/R006387.jpg,queries/Q09536.jpg,disc21,1,0.453125,0.4126984126984127,0.4166666666666667,0.14285714285714285,0.421875,0.359375
references/R036558.jpg,queries/Q09663.jpg,disc21,1,0.078125,0.47619047619047616,0.4444444444444444,0.047619047619047616,0.0625,0.46875
references/R026619.jpg,queries/Q09665.jpg,disc21,1,0.421875,0.49206349206349204,0.4166666666666667,0.2619047619047619,0.53125,0.5
references/R045081.jpg,queries/Q09788.jpg,disc21,1,0.03125,0.07936507936507936,0.125,0.0,0.109375,0.09375
references/R013314.jpg,queries/Q09847.jpg,disc21,1,0.109375,0.09523809523809523,0.125,0.14285714285714285,0.109375,0.109375
references/R049403.jpg,queries/Q09985.jpg,disc21,1,0.078125,0.31746031746031744,0.2361111111111111,0.07142857142857142,0.125,0.078125
references/R049106.jpg,queries/Q10069.jpg,disc21,1,0.140625,0.49206349206349204,0.5138888888888888,0.14285714285714285,0.234375,0.234375
references/R043608.jpg,queries/Q10280.jpg,disc21,1,0.296875,0.38095238095238093,0.3055555555555556,0.09523809523809523,0.34375,0.359375
references/R008636.jpg,queries/Q10426.jpg,disc21,1,0.25,0.2698412698412698,0.25,0.09523809523809523,0.34375,0.328125
references/R000785.jpg,queries/Q10464.jpg,disc21,1,0.421875,0.31746031746031744,0.1388888888888889,0.11904761904761904,0.109375,1.0
references/R013069.jpg,queries/Q10610.jpg,disc21,1,0.296875,0.30158730158730157,0.4861111111111111,0.19047619047619047,0.34375,0.359375
references/R033210.jpg,queries/Q10788.jpg,disc21,1,0.65625,0.5714285714285714,0.4861111111111111,0.11904761904761904,0.59375,0.34375
references/R033754.jpg,queries/Q10790.jpg,disc21,1,0.46875,0.47619047619047616,0.5416666666666666,0.16666666666666666,0.59375,0.3125
references/R018750.jpg,queries/Q10858.jpg,disc21,1,0.421875,0.5238095238095238,0.5555555555555556,0.11904761904761904,0.546875,0.34375
references/R017072.jpg,queries/Q10911.jpg,disc21,1,0.671875,0.4444444444444444,0.5,0.14285714285714285,0.484375,0.5625
references/R034159.jpg,queries/Q10915.jpg,disc21,1,0.53125,0.6190476190476191,0.4861111111111111,0.19047619047619047,0.390625,0.140625
references/R006346.jpg,queries/Q10998.jpg,disc21,1,0.640625,0.6349206349206349,0.5694444444444444,0.21428571428571427,0.59375,0.40625
references/R042043.jpg,queries/Q11005.jpg,disc21,1,0.234375,0.23809523809523808,0.16666666666666666,0.09523809523809523,0.421875,0.0625
references/R017009.jpg,queries/Q11090.jpg,disc21,1,0.171875,0.3968253968253968,0.2638888888888889,0.21428571428571427,0.3125,0.0625
references/R043282.jpg,queries/Q11117.jpg,disc21,1,0.5,0.4126984126984127,0.4583333333333333,0.09523809523809523,0.609375,0.390625
references/R017793.jpg,queries/Q11119.jpg,disc21,1,0.34375,0.49206349206349204,0.4444444444444444,0.21428571428571427,0.46875,1.0
references/R024433.jpg,queries/Q11256.jpg,disc21,1,0.390625,0.38095238095238093,0.3194444444444444,0.2619047619047619,0.28125,0.203125
references/R032478.jpg,queries/Q11315.jpg,disc21,1,0.015625,0.015873015873015872,0.027777777777777776,0.07142857142857142,0.0,1.0
references/R047996.jpg,queries/Q11405.jpg,disc21,1,0.015625,0.07936507936507936,0.06944444444444445,0.14285714285714285,0.265625,0.3125
references/R001360.jpg,queries/Q11515.jpg,disc21,1,0.3125,0.47619047619047616,0.4166666666666667,0.23809523809523808,0.28125,0.484375
references/R045384.jpg,queries/Q11621.jpg,disc21,1,0.40625,0.47619047619047616,0.4305555555555556,0.09523809523809523,0.609375,0.125
references/R040372.jpg,queries/Q11730.jpg,disc21,1,0.5,0.49206349206349204,0.4583333333333333,0.11904761904761904,0.609375,0.375
references/R014474.jpg,queries/Q11784.jpg,disc21,1,0.09375,0.42857142857142855,0.4166666666666667,0.09523809523809523,0.15625,1.0
references/R032662.jpg,queries/Q11877.jpg,disc21,1,0.40625,0.4603174603174603,0.5138888888888888,0.21428571428571427,0.453125,0.390625
references/R021358.jpg,queries/Q11941.jpg,disc21,1,0.375,0.36507936507936506,0.20833333333333334,0.14285714285714285,0.421875,0.109375
references/R007222.jpg,queries/Q12033.jpg,disc21,1,0.1875,0.3968253968253968,0.3333333333333333,0.09523809523809523,0.265625,0.359375
references/R010596.jpg,queries/Q12053.jpg,disc21,1,0.390625,0.5396825396825397,0.4583333333333333,0.16666666666666666,0.375,0.390625
references/R045797.jpg,queries/Q12058.jpg,disc21,1,0.171875,0.1746031746031746,0.19444444444444445,0.14285714285714285,0.234375,0.171875
references/R033081.jpg,queries/Q12079.jpg,disc21,1,0.28125,0.38095238095238093,0.3194444444444444,0.16666666666666666,0.359375,0.078125
references/R046729.jpg,queries/Q12218.jpg,disc21,1,0.375,0.5396825396825397,0.4444444444444444,0.14285714285714285,0.34375,0.453125
references/R000172.jpg,queries/Q12405.jpg,disc21,1,0.15625,0.5079365079365079,0.4722222222222222,0.023809523809523808,0.25,0.1875
references/R029605.jpg,queries/Q12458.jpg,disc21,1,0.53125,0.5238095238095238,0.5138888888888888,0.14285714285714285,0.4375,0.25
references/R029532.jpg,queries/Q12509.jpg,disc21,1,0.53125,0.5238095238095238,0.5,0.11904761904761904,0.703125,0.546875
references/R014770.jpg,queries/Q12667.jpg,disc21,1,0.03125,0.23809523809523808,0.2361111111111111,0.09523809523809523,0.234375,0.40625
references/R011715.jpg,queries/Q12905.jpg,disc21,1,0.5625,0.5555555555555556,0.4305555555555556,0.09523809523809523,0.359375,1.0
references/R047833.jpg,queries/Q12994.jpg,disc21,1,0.53125,0.4444444444444444,0.375,0.16666666666666666,0.625,1.0
references/R006975.jpg,queries/Q13209.jpg,disc21,1,0.28125,0.3333333333333333,0.4166666666666667,0.14285714285714285,0.234375,0.15625
references/R029222.jpg,queries/Q13238.jpg,disc21,1,0.359375,0.5555555555555556,0.4722222222222222,0.09523809523809523,0.34375,1.0
references/R032433.jpg,queries/Q13264.jpg,disc21,1,0.0,0.1746031746031746,0.1388888888888889,0.07142857142857142,0.046875,0.015625
references/R037774.jpg,queries/Q13316.jpg,disc21,1,0.234375,0.3968253968253968,0.3611111111111111,0.09523809523809523,0.390625,0.328125
references/R047974.jpg,queries/Q13348.jpg,disc21,1,0.390625,0.5555555555555556,0.2916666666666667,0.07142857142857142,0.34375,0.25
references/R031320.jpg,queries/Q13382.jpg,disc21,1,0.015625,0.06349206349206349,0.027777777777777776,0.14285714285714285,0.03125,0.375
references/R035218.jpg,queries/Q13385.jpg,disc21,1,0.0,0.0,0.0,0.0,0.0,0.03125
references/R005324.jpg,queries/Q13392.jpg,disc21,1,0.125,0.20634920634920634,0.18055555555555555,0.047619047619047616,0.21875,0.28125
references/R035753.jpg,queries/Q13532.jpg,disc21,1,0.359375,0.47619047619047616,0.4861111111111111,0.11904761904761904,0.421875,0.234375
references/R016435.jpg,queries/Q13759.jpg,disc21,1,0.234375,0.4603174603174603,0.4583333333333333,0.14285714285714285,0.21875,0.421875
references/R048801.jpg,queries/Q13876.jpg,disc21,1,0.4375,0.4444444444444444,0.4583333333333333,0.09523809523809523,0.28125,0.265625
references/R040288.jpg,queries/Q14036.jpg,disc21,1,0.46875,0.4444444444444444,0.3472222222222222,0.14285714285714285,0.484375,0.3125
references/R013518.jpg,queries/Q14078.jpg,disc21,1,0.484375,0.5396825396825397,0.5277777777777778,0.16666666666666666,0.5625,0.5
references/R039612.jpg,queries/Q14109.jpg,disc21,1,0.390625,0.3333333333333333,0.4444444444444444,0.14285714285714285,0.3125,0.34375
references/R031262.jpg,queries/Q14352.jpg,disc21,1,0.3125,0.49206349206349204,0.3611111111111111,0.09523809523809523,0.296875,0.171875
references/R014524.jpg,queries/Q14409.jpg,disc21,1,0.421875,0.4126984126984127,0.4305555555555556,0.21428571428571427,0.515625,0.53125
references/R030362.jpg,queries/Q14468.jpg,disc21,1,0.234375,0.14285714285714285,0.20833333333333334,0.0,0.203125,0.09375
references/R032077.jpg,queries/Q14483.jpg,disc21,1,0.171875,0.5396825396825397,0.3611111111111111,0.023809523809523808,0.34375,0.375
references/R036060.jpg,queries/Q14488.jpg,disc21,1,0.25,0.3968253968253968,0.25,0.21428571428571427,0.171875,0.25
references/R028361.jpg,queries/Q14569.jpg,disc21,1,0.03125,0.047619047619047616,0.0,0.14285714285714285,0.15625,0.15625
references/R049642.jpg,queries/Q14722.jpg,disc21,1,0.140625,0.14285714285714285,0.20833333333333334,0.14285714285714285,0.359375,0.375
references/R027354.jpg,queries/Q14726.jpg,disc21,1,0.375,0.5555555555555556,0.5833333333333334,0.11904761904761904,0.34375,0.171875
references/R014287.jpg,queries/Q14732.jpg,disc21,1,0.140625,0.4444444444444444,0.4861111111111111,0.047619047619047616,0.203125,0.359375
references/R038107.jpg,queries/Q14809.jpg,disc21,1,0.421875,0.3492063492063492,0.3333333333333333,0.14285714285714285,0.109375,0.265625
references/R024625.jpg,queries/Q14921.jpg,disc21,1,0.375,0.3333333333333333,0.2777777777777778,0.16666666666666666,0.25,0.203125
references/R042555.jpg,queries/Q15019.jpg,disc21,1,0.125,0.25396825396825395,0.18055555555555555,0.21428571428571427,0.234375,0.21875
references/R000396.jpg,queries/Q15304.jpg,disc21,1,0.109375,0.1111111111111111,0.06944444444444445,0.11904761904761904,0.109375,0.234375
references/R007037.jpg,queries/Q15599.jpg,disc21,1,0.453125,0.5396825396825397,0.4305555555555556,0.19047619047619047,0.46875,0.390625
references/R016110.jpg,queries/Q15647.jpg,disc21,1,0.015625,0.015873015873015872,0.027777777777777776,0.09523809523809523,0.046875,1.0
references/R003736.jpg,queries/Q15744.jpg,disc21,1,0.265625,0.4126984126984127,0.25,0.11904761904761904,0.34375,1.0
references/R034254.jpg,queries/Q15761.jpg,disc21,1,0.109375,0.12698412698412698,0.09722222222222222,0.19047619047619047,0.125,0.109375
references/R029478.jpg,queries/Q15842.jpg,disc21,1,0.265625,0.25396825396825395,0.3333333333333333,0.14285714285714285,0.109375,0.46875
references/R001075.jpg,queries/Q16067.jpg,disc21,1,0.546875,0.4603174603174603,0.4861111111111111,0.14285714285714285,0.421875,0.328125
references/R008851.jpg,queries/Q16114.jpg,disc21,1,0.390625,0.47619047619047616,0.4166666666666667,0.023809523809523808,0.46875,0.203125
references/R042532.jpg,queries/Q16138.jpg,disc21,1,0.09375,0.5238095238095238,0.4305555555555556,0.14285714285714285,0.125,0.421875
references/R037288.jpg,queries/Q16372.jpg,disc21,1,0.03125,0.06349206349206349,0.05555555555555555,0.09523809523809523,0.125,0.203125
references/R025375.jpg,queries/Q16515.jpg,disc21,1,0.046875,0.36507936507936506,0.25,0.11904761904761904,0.25,0.109375
references/R045044.jpg,queries/Q16593.jpg,disc21,1,0.609375,0.5079365079365079,0.4861111111111111,0.19047619047619047,0.53125,0.125
references/R044393.jpg,queries/Q16646.jpg,disc21,1,0.0625,0.2857142857142857,0.3611111111111111,0.16666666666666666,0.140625,0.203125
references/R013766.jpg,queries/Q16654.jpg,disc21,1,0.234375,0.3968253968253968,0.1388888888888889,0.023809523809523808,0.203125,0.125
references/R002963.jpg,queries/Q16680.jpg,disc21,1,0.625,0.6190476190476191,0.3194444444444444,0.16666666666666666,0.4375,0.078125
references/R037277.jpg,queries/Q16907.jpg,disc21,1,0.328125,0.47619047619047616,0.4444444444444444,0.14285714285714285,0.484375,0.265625
references/R027496.jpg,queries/Q16914.jpg,disc21,1,0.015625,0.0,0.0,0.023809523809523808,0.03125,0.125
references/R007938.jpg,queries/Q16956.jpg,disc21,1,0.0,0.015873015873015872,0.0,0.09523809523809523,0.125,1.0
references/R007477.jpg,queries/Q17096.jpg,disc21,1,0.4375,0.5714285714285714,0.4722222222222222,0.21428571428571427,0.5,0.5
references/R015260.jpg,queries/Q17202.jpg,disc21,1,0.21875,0.47619047619047616,0.375,0.0,0.203125,0.3125
references/R013802.jpg,queries/Q17276.jpg,disc21,1,0.03125,0.047619047619047616,0.06944444444444445,0.11904761904761904,0.03125,0.0
references/R012653.jpg,queries/Q17281.jpg,disc21,1,0.4375,0.5873015873015873,0.5416666666666666,0.047619047619047616,0.359375,0.140625
references/R018607.jpg,queries/Q17716.jpg,disc21,1,0.28125,0.3333333333333333,0.2777777777777778,0.023809523809523808,0.203125,0.015625
references/R027382.jpg,queries/Q17898.jpg,disc21,1,0.15625,0.1111111111111111,0.06944444444444445,0.16666666666666666,0.0625,0.375
references/R013815.jpg,queries/Q17943.jpg,disc21,1,0.34375,0.42857142857142855,0.4583333333333333,0.11904761904761904,0.390625,0.234375
references/R039454.jpg,queries/Q17976.jpg,disc21,1,0.328125,0.42857142857142855,0.3611111111111111,0.09523809523809523,0.484375,0.171875
references/R012805.jpg,queries/Q18015.jpg,disc21,1,0.296875,0.49206349206349204,0.4166666666666667,0.16666666666666666,0.40625,0.15625
references/R036825.jpg,queries/Q18020.jpg,disc21,1,0.109375,0.14285714285714285,0.125,0.21428571428571427,0.125,0.328125
references/R019829.jpg,queries/Q18274.jpg,disc21,1,0.265625,0.36507936507936506,0.3888888888888889,0.19047619047619047,0.15625,0.140625
references/R014220.jpg,queries/Q18357.jpg,disc21,1,0.5,0.42857142857142855,0.3611111111111111,0.11904761904761904,0.28125,0.53125
references/R043621.jpg,queries/Q18479.jpg,disc21,1,0.15625,0.4126984126984127,0.4027777777777778,0.11904761904761904,0.265625,0.21875
references/R031096.jpg,queries/Q18595.jpg,disc21,1,0.25,0.49206349206349204,0.3333333333333333,0.09523809523809523,0.296875,0.515625
references/R043293.jpg,queries/Q18687.jpg,disc21,1,0.21875,0.38095238095238093,0.3611111111111111,0.16666666666666666,0.3125,0.390625
references/R042516.jpg,queries/Q19053.jpg,disc21,1,0.09375,0.09523809523809523,0.05555555555555555,0.09523809523809523,0.046875,0.296875
references/R007137.jpg,queries/Q19485.jpg,disc21,1,0.15625,0.19047619047619047,0.2361111111111111,0.09523809523809523,0.140625,1.0
references/R011487.jpg,queries/Q19829.jpg,disc21,1,0.546875,0.47619047619047616,0.5138888888888888,0.14285714285714285,0.421875,0.359375
references/R027234.jpg,queries/Q19962.jpg,disc21,1,0.4375,0.4603174603174603,0.4166666666666667,0.19047619047619047,0.46875,0.40625
references/R041942.jpg,queries/Q20109.jpg,disc21,1,0.25,0.23809523809523808,0.19444444444444445,0.0,0.359375,0.03125
references/R042857.jpg,queries/Q20388.jpg,disc21,1,0.28125,0.49206349206349204,0.5138888888888888,0.07142857142857142,0.453125,1.0
references/R006466.jpg,queries/Q20492.jpg,disc21,1,0.546875,0.5238095238095238,0.4027777777777778,0.09523809523809523,0.4375,1.0
references/R033570.jpg,queries/Q20541.jpg,disc21,1,0.21875,0.3492063492063492,0.3472222222222222,0.07142857142857142,0.359375,0.203125
references/R041535.jpg,queries/Q20586.jpg,disc21,1,0.21875,0.4126984126984127,0.2777777777777778,0.19047619047619047,0.328125,0.21875
references/R013801.jpg,queries/Q20604.jpg,disc21,1,0.265625,0.1746031746031746,0.1111111111111111,0.14285714285714285,0.359375,1.0
references/R029779.jpg,queries/Q20722.jpg,disc21,1,0.046875,0.06349206349206349,0.041666666666666664,0.0,0.125,0.015625
references/R013266.jpg,queries/Q20831.jpg,disc21,1,0.265625,0.36507936507936506,0.2638888888888889,0.16666666666666666,0.125,0.25
references/R024270.jpg,queries/Q20885.jpg,disc21,1,0.53125,0.4603174603174603,0.4444444444444444,0.14285714285714285,0.5,0.328125
references/R039627.jpg,queries/Q20920.jpg,disc21,1,0.71875,0.5396825396825397,0.3055555555555556,0.14285714285714285,0.5,0.328125
references/R005994.jpg,queries/Q20927.jpg,disc21,1,0.375,0.36507936507936506,0.3055555555555556,0.09523809523809523,0.234375,0.4375
references/R031975.jpg,queries/Q21054.jpg,disc21,1,0.140625,0.5238095238095238,0.3611111111111111,0.14285714285714285,0.171875,0.390625
references/R015862.jpg,queries/Q21060.jpg,disc21,1,0.640625,0.5396825396825397,0.4861111111111111,0.09523809523809523,0.59375,1.0
references/R047768.jpg,queries/Q21070.jpg,disc21,1,0.09375,0.1111111111111111,0.05555555555555555,0.16666666666666666,0.140625,0.203125
references/R005068.jpg,queries/Q21250.jpg,disc21,1,0.6875,0.4444444444444444,0.25,0.023809523809523808,0.46875,0.046875
references/R043967.jpg,queries/Q21274.jpg,disc21,1,0.34375,0.4444444444444444,0.5833333333333334,0.047619047619047616,0.265625,0.0625
references/R009516.jpg,queries/Q21413.jpg,disc21,1,0.015625,0.1111111111111111,0.08333333333333333,0.0,0.03125,0.0625
references/R049071.jpg,queries/Q21632.jpg,disc21,1,0.015625,0.36507936507936506,0.2222222222222222,0.21428571428571427,0.25,0.21875
references/R040789.jpg,queries/Q21760.jpg,disc21,1,0.203125,0.2698412698412698,0.3472222222222222,0.21428571428571427,0.28125,0.21875
references/R010049.jpg,queries/Q21795.jpg,disc21,1,0.375,0.5396825396825397,0.4444444444444444,0.11904761904761904,0.59375,1.0
references/R034624.jpg,queries/Q21815.jpg,disc21,1,0.453125,0.5396825396825397,0.4722222222222222,0.14285714285714285,0.5625,0.453125
references/R029787.jpg,queries/Q21828.jpg,disc21,1,0.75,0.5396825396825397,0.5138888888888888,0.16666666666666666,0.625,0.375
references/R022135.jpg,queries/Q21995.jpg,disc21,1,0.3125,0.4603174603174603,0.4583333333333333,0.11904761904761904,0.4375,1.0
references/R027484.jpg,queries/Q22020.jpg,disc21,1,0.046875,0.1746031746031746,0.027777777777777776,0.11904761904761904,0.171875,0.140625
references/R017662.jpg,queries/Q22118.jpg,disc21,1,0.546875,0.5555555555555556,0.3055555555555556,0.14285714285714285,0.578125,0.40625
references/R004491.jpg,queries/Q22269.jpg,disc21,1,0.21875,0.4444444444444444,0.3611111111111111,0.0,0.21875,0.25
references/R009214.jpg,queries/Q22299.jpg,disc21,1,0.15625,0.49206349206349204,0.5,0.09523809523809523,0.046875,0.265625
references/R001748.jpg,queries/Q22411.jpg,disc21,1,0.359375,0.5873015873015873,0.6527777777777778,0.16666666666666666,0.0625,0.359375
references/R042339.jpg,queries/Q22533.jpg,disc21,1,0.390625,0.5238095238095238,0.5277777777777778,0.07142857142857142,0.40625,1.0
references/R003916.jpg,queries/Q22728.jpg,disc21,1,0.296875,0.4444444444444444,0.4583333333333333,0.19047619047619047,0.34375,0.4375
references/R012461.jpg,queries/Q22813.jpg,disc21,1,0.0,0.031746031746031744,0.013888888888888888,0.047619047619047616,0.03125,0.0
references/R044205.jpg,queries/Q23004.jpg,disc21,1,0.421875,0.4603174603174603,0.3333333333333333,0.23809523809523808,0.296875,0.40625
references/R006697.jpg,queries/Q23016.jpg,disc21,1,0.0,0.015873015873015872,0.0,0.09523809523809523,0.015625,0.03125
references/R037812.jpg,queries/Q23063.jpg,disc21,1,0.140625,0.1111111111111111,0.09722222222222222,0.11904761904761904,0.078125,0.25
references/R025285.jpg,queries/Q23293.jpg,disc21,1,0.6875,0.47619047619047616,0.4583333333333333,0.14285714285714285,0.609375,0.328125
references/R012140.jpg,queries/Q23329.jpg,disc21,1,0.0,0.31746031746031744,0.09722222222222222,0.07142857142857142,0.0625,0.46875
references/R023401.jpg,queries/Q23488.jpg,disc21,1,0.359375,0.47619047619047616,0.3472222222222222,0.14285714285714285,0.671875,0.234375
references/R014678.jpg,queries/Q23649.jpg,disc21,1,0.421875,0.5079365079365079,0.5694444444444444,0.16666666666666666,0.40625,0.46875
references/R000076.jpg,queries/Q23735.jpg,disc21,1,0.359375,0.36507936507936506,0.2916666666666667,0.07142857142857142,0.375,0.34375
references/R039335.jpg,queries/Q23823.jpg,disc21,1,0.46875,0.6666666666666666,0.4722222222222222,0.11904761904761904,0.484375,0.1875
references/R004287.jpg,queries/Q24008.jpg,disc21,1,0.4375,0.5714285714285714,0.4583333333333333,0.07142857142857142,0.390625,1.0
references/R048322.jpg,queries/Q24034.jpg,disc21,1,0.0,0.047619047619047616,0.0,0.11904761904761904,0.046875,1.0
references/R000849.jpg,queries/Q24145.jpg,disc21,1,0.109375,0.047619047619047616,0.013888888888888888,0.14285714285714285,0.3125,0.421875
references/R013803.jpg,queries/Q24252.jpg,disc21,1,0.375,0.47619047619047616,0.3472222222222222,0.14285714285714285,0.34375,0.46875
references/R048208.jpg,queries/Q24387.jpg,disc21,1,0.484375,0.42857142857142855,0.4305555555555556,0.14285714285714285,0.390625,0.390625
references/R002687.jpg,queries/Q24436.jpg,disc21,1,0.515625,0.49206349206349204,0.4305555555555556,0.19047619047619047,0.4375,1.0
references/R007460.jpg,queries/Q24551.jpg,disc21,1,0.5,0.5714285714285714,0.4305555555555556,0.21428571428571427,0.5,0.140625
references/R010047.jpg,queries/Q24813.jpg,disc21,1,0.0625,0.047619047619047616,0.027777777777777776,0.14285714285714285,0.125,0.09375
references/R000045.jpg,queries/Q24837.jpg,disc21,1,0.0,0.015873015873015872,0.013888888888888888,0.14285714285714285,0.125,0.078125
references/R043792.jpg,queries/Q24978.jpg,disc21,1,0.453125,0.47619047619047616,0.3194444444444444,0.19047619047619047,0.453125,0.375
references/R005223.jpg,queries/Q25191.jpg,disc21,1,0.515625,0.6349206349206349,0.4583333333333333,0.16666666666666666,0.328125,0.359375
references/R016654.jpg,queries/Q25224.jpg,disc21,1,0.515625,0.6190476190476191,0.5138888888888888,0.14285714285714285,0.5,0.5
references/R047930.jpg,queries/Q25247.jpg,disc21,1,0.5625,0.5555555555555556,0.4444444444444444,0.16666666666666666,0.484375,0.3125
references/R021737.jpg,queries/Q25250.jpg,disc21,1,0.421875,0.5555555555555556,0.3611111111111111,0.23809523809523808,0.40625,0.296875
references/R019809.jpg,queries/Q25280.jpg,disc21,1,0.4375,0.42857142857142855,0.375,0.16666666666666666,0.234375,0.15625
references/R012855.jpg,queries/Q25352.jpg,disc21,1,0.34375,0.38095238095238093,0.4861111111111111,0.16666666666666666,0.28125,0.34375
references/R029484.jpg,queries/Q25427.jpg,disc21,1,0.09375,0.07936507936507936,0.09722222222222222,0.21428571428571427,0.21875,1.0
references/R029018.jpg,queries/Q25641.jpg,disc21,1,0.0625,0.07936507936507936,0.09722222222222222,0.11904761904761904,0.0625,0.375
references/R006185.jpg,queries/Q25681.jpg,disc21,1,0.28125,0.4603174603174603,0.4722222222222222,0.21428571428571427,0.515625,0.265625
references/R031188.jpg,queries/Q25747.jpg,disc21,1,0.125,0.20634920634920634,0.08333333333333333,0.09523809523809523,0.078125,0.09375
references/R046413.jpg,queries/Q25761.jpg,disc21,1,0.421875,0.5396825396825397,0.4444444444444444,0.07142857142857142,0.484375,0.234375
references/R012367.jpg,queries/Q25829.jpg,disc21,1,0.0,0.047619047619047616,0.027777777777777776,0.0,0.125,0.0
references/R043685.jpg,queries/Q25856.jpg,disc21,1,0.453125,0.3968253968253968,0.375,0.14285714285714285,0.453125,0.359375
references/R008989.jpg,queries/Q25898.jpg,disc21,1,0.296875,0.47619047619047616,0.3611111111111111,0.09523809523809523,0.515625,0.265625
references/R005747.jpg,queries/Q26132.jpg,disc21,1,0.296875,0.4444444444444444,0.375,0.09523809523809523,0.328125,0.140625
references/R026076.jpg,queries/Q26182.jpg,disc21,1,0.15625,0.2857142857142857,0.20833333333333334,0.23809523809523808,0.15625,0.375
references/R023956.jpg,queries/Q26270.jpg,disc21,1,0.421875,0.31746031746031744,0.3472222222222222,0.11904761904761904,0.328125,0.3125
references/R024882.jpg,queries/Q26482.jpg,disc21,1,0.53125,0.49206349206349204,0.5555555555555556,0.16666666666666666,0.28125,0.140625
references/R030849.jpg,queries/Q26526.jpg,disc21,1,0.359375,0.3492063492063492,0.2777777777777778,0.09523809523809523,0.171875,1.0
references/R040380.jpg,queries/Q26536.jpg,disc21,1,0.171875,0.25396825396825395,0.25,0.16666666666666666,0.25,0.328125
references/R010804.jpg,queries/Q26560.jpg,disc21,1,0.453125,0.6190476190476191,0.4444444444444444,0.21428571428571427,0.546875,0.421875
references/R028580.jpg,queries/Q26645.jpg,disc21,1,0.078125,0.23809523809523808,0.1527777777777778,0.14285714285714285,0.140625,0.421875
references/R023983.jpg,queries/Q27288.jpg,disc21,1,0.296875,0.49206349206349204,0.2777777777777778,0.11904761904761904,0.34375,0.25
references/R045955.jpg,queries/Q27346.jpg,disc21,1,0.40625,0.5396825396825397,0.3611111111111111,0.21428571428571427,0.578125,0.5
references/R027805.jpg,queries/Q27356.jpg,disc21,1,0.234375,0.3333333333333333,0.3333333333333333,0.11904761904761904,0.34375,1.0
references/R025835.jpg,queries/Q27365.jpg,disc21,1,0.28125,0.36507936507936506,0.3472222222222222,0.11904761904761904,0.3125,0.265625
references/R012077.jpg,queries/Q27378.jpg,disc21,1,0.078125,0.14285714285714285,0.08333333333333333,0.047619047619047616,0.140625,0.125
references/R036888.jpg,queries/Q27472.jpg,disc21,1,0.34375,0.5396825396825397,0.5,0.19047619047619047,0.453125,0.234375
references/R044125.jpg,queries/Q27549.jpg,disc21,1,0.0,0.015873015873015872,0.06944444444444445,0.16666666666666666,0.015625,0.140625
references/R019979.jpg,queries/Q27556.jpg,disc21,1,0.15625,0.4603174603174603,0.2777777777777778,0.16666666666666666,0.203125,0.296875
references/R004882.jpg,queries/Q27561.jpg,disc21,1,0.296875,0.49206349206349204,0.3333333333333333,0.19047619047619047,0.546875,0.296875
references/R012046.jpg,queries/Q27651.jpg,disc21,1,0.03125,0.25396825396825395,0.16666666666666666,0.11904761904761904,0.0625,1.0
references/R030419.jpg,queries/Q27658.jpg,disc21,1,0.28125,0.36507936507936506,0.4861111111111111,0.07142857142857142,0.46875,0.09375
references/R006575.jpg,queries/Q27775.jpg,disc21,1,0.15625,0.15873015873015872,0.19444444444444445,0.16666666666666666,0.328125,1.0
references/R035758.jpg,queries/Q27806.jpg,disc21,1,0.453125,0.47619047619047616,0.5694444444444444,0.16666666666666666,0.578125,0.140625
references/R019007.jpg,queries/Q27858.jpg,disc21,1,0.40625,0.47619047619047616,0.3611111111111111,0.11904761904761904,0.53125,0.1875
references/R013910.jpg,queries/Q27901.jpg,disc21,1,0.015625,0.0,0.013888888888888888,0.0,0.0,0.0
references/R029698.jpg,queries/Q27916.jpg,disc21,1,0.59375,0.5238095238095238,0.375,0.09523809523809523,0.625,1.0
references/R021308.jpg,queries/Q28035.jpg,disc21,1,0.171875,0.19047619047619047,0.19444444444444445,0.047619047619047616,0.171875,0.109375
references/R049276.jpg,queries/Q28079.jpg,disc21,1,0.59375,0.6190476190476191,0.4166666666666667,0.16666666666666666,0.484375,0.484375
references/R039538.jpg,queries/Q28129.jpg,disc21,1,0.171875,0.42857142857142855,0.2777777777777778,0.11904761904761904,0.28125,0.234375
references/R015546.jpg,queries/Q28179.jpg,disc21,1,0.75,0.42857142857142855,0.4583333333333333,0.16666666666666666,0.5625,0.25
references/R017576.jpg,queries/Q28186.jpg,disc21,1,0.03125,0.07936507936507936,0.08333333333333333,0.19047619047619047,0.125,0.515625
references/R048560.jpg,queries/Q28214.jpg,disc21,1,0.0,0.12698412698412698,0.08333333333333333,0.2619047619047619,0.0625,0.203125
references/R046748.jpg,queries/Q28255.jpg,disc21,1,0.359375,0.4603174603174603,0.3611111111111111,0.16666666666666666,0.390625,0.34375
references/R036569.jpg,queries/Q28280.jpg,disc21,1,0.6875,0.6507936507936508,0.4861111111111111,0.23809523809523808,0.390625,0.28125
references/R002499.jpg,queries/Q28374.jpg,disc21,1,0.265625,0.4444444444444444,0.3888888888888889,0.11904761904761904,0.4375,0.296875
references/R025870.jpg,queries/Q28899.jpg,disc21,1,0.1875,0.25396825396825395,0.09722222222222222,0.11904761904761904,0.234375,0.390625
references/R026140.jpg,queries/Q28925.jpg,disc21,1,0.40625,0.4126984126984127,0.3611111111111111,0.047619047619047616,0.5,0.34375
references/R027597.jpg,queries/Q28945.jpg,disc21,1,0.0625,0.1111111111111111,0.1111111111111111,0.16666666666666666,0.109375,0.484375
references/R008712.jpg,queries/Q28955.jpg,disc21,1,0.390625,0.49206349206349204,0.2638888888888889,0.09523809523809523,0.4375,1.0
references/R032819.jpg,queries/Q29120.jpg,disc21,1,0.5,0.4444444444444444,0.3611111111111111,0.16666666666666666,0.546875,0.25
references/R043873.jpg,queries/Q29254.jpg,disc21,1,0.015625,0.031746031746031744,0.0,0.07142857142857142,0.015625,0.09375
references/R013681.jpg,queries/Q29419.jpg,disc21,1,0.015625,0.047619047619047616,0.08333333333333333,0.09523809523809523,0.15625,0.328125
references/R019377.jpg,queries/Q29504.jpg,disc21,1,0.375,0.31746031746031744,0.3611111111111111,0.16666666666666666,0.328125,0.484375
references/R013634.jpg,queries/Q29819.jpg,disc21,1,0.0,0.0,0.0,0.07142857142857142,0.0625,1.0
references/R015641.jpg,queries/Q29845.jpg,disc21,1,0.0,0.3333333333333333,0.20833333333333334,0.11904761904761904,0.15625,0.296875
references/R035272.jpg,queries/Q29847.jpg,disc21,1,0.203125,0.20634920634920634,0.2777777777777778,0.2619047619047619,0.1875,0.5625
references/R016659.jpg,queries/Q29993.jpg,disc21,1,0.28125,0.23809523809523808,0.125,0.14285714285714285,0.1875,0.390625
references/R031016.jpg,queries/Q30024.jpg,disc21,1,0.03125,0.19047619047619047,0.1527777777777778,0.07142857142857142,0.046875,1.0
references/R017352.jpg,queries/Q30030.jpg,disc21,1,0.046875,0.09523809523809523,0.19444444444444445,0.14285714285714285,0.234375,0.03125
references/R021157.jpg,queries/Q30051.jpg,disc21,1,0.46875,0.38095238095238093,0.3611111111111111,0.16666666666666666,0.421875,0.28125
references/R006384.jpg,queries/Q30152.jpg,disc21,1,0.109375,0.4444444444444444,0.4861111111111111,0.19047619047619047,0.453125,0.234375
references/R031255.jpg,queries/Q30396.jpg,disc21,1,0.359375,0.38095238095238093,0.3472222222222222,0.19047619047619047,0.25,0.40625
references/R023898.jpg,queries/Q30514.jpg,disc21,1,0.375,0.5714285714285714,0.5694444444444444,0.16666666666666666,0.359375,0.234375
references/R008697.jpg,queries/Q30615.jpg,disc21,1,0.46875,0.49206349206349204,0.4583333333333333,0.14285714285714285,0.5625,0.453125
references/R011248.jpg,queries/Q30904.jpg,disc21,1,0.078125,0.06349206349206349,0.013888888888888888,0.07142857142857142,0.03125,0.09375
references/R000761.jpg,queries/Q31019.jpg,disc21,1,0.078125,0.3492063492063492,0.2222222222222222,0.16666666666666666,0.21875,0.5
references/R022448.jpg,queries/Q31061.jpg,disc21,1,0.0,0.015873015873015872,0.05555555555555555,0.047619047619047616,0.0,0.078125
references/R045726.jpg,queries/Q31245.jpg,disc21,1,0.640625,0.49206349206349204,0.4444444444444444,0.0,0.59375,0.359375
references/R024974.jpg,queries/Q31393.jpg,disc21,1,0.375,0.3968253968253968,0.20833333333333334,0.07142857142857142,0.5,0.125
references/R031838.jpg,queries/Q31515.jpg,disc21,1,0.265625,0.1111111111111111,0.16666666666666666,0.14285714285714285,0.359375,0.390625
references/R009784.jpg,queries/Q31528.jpg,disc21,1,0.015625,0.031746031746031744,0.2638888888888889,0.09523809523809523,0.140625,0.15625
references/R038600.jpg,queries/Q31549.jpg,disc21,1,0.5,0.49206349206349204,0.5,0.14285714285714285,0.484375,0.3125
references/R039329.jpg,queries/Q31585.jpg,disc21,1,0.125,0.5396825396825397,0.5,0.07142857142857142,0.078125,0.078125
references/R021176.jpg,queries/Q31713.jpg,disc21,1,0.625,0.5714285714285714,0.375,0.23809523809523808,0.5,0.375
references/R034139.jpg,queries/Q31732.jpg,disc21,1,0.28125,0.42857142857142855,0.1388888888888889,0.07142857142857142,0.234375,0.140625
references/R043394.jpg,queries/Q31791.jpg,disc21,1,0.375,0.5873015873015873,0.4444444444444444,0.0,0.234375,0.25
references/R001553.jpg,queries/Q31899.jpg,disc21,1,0.390625,0.5714285714285714,0.4166666666666667,0.16666666666666666,0.359375,0.375
references/R002283.jpg,queries/Q31934.jpg,disc21,1,0.390625,0.3968253968253968,0.4444444444444444,0.16666666666666666,0.46875,0.34375
references/R048199.jpg,queries/Q32134.jpg,disc21,1,0.109375,0.19047619047619047,0.05555555555555555,0.09523809523809523,0.078125,1.0
references/R043761.jpg,queries/Q32449.jpg,disc21,1,0.4375,0.5238095238095238,0.4305555555555556,0.19047619047619047,0.4375,0.359375
references/R049574.jpg,queries/Q32502.jpg,disc21,1,0.1875,0.47619047619047616,0.5416666666666666,0.16666666666666666,0.359375,0.484375
references/R035890.jpg,queries/Q32663.jpg,disc21,1,0.28125,0.5555555555555556,0.4166666666666667,0.14285714285714285,0.5625,0.296875
references/R010039.jpg,queries/Q32679.jpg,disc21,1,0.359375,0.6190476190476191,0.4722222222222222,0.11904761904761904,0.359375,0.390625
references/R030228.jpg,queries/Q32728.jpg,disc21,1,0.125,0.38095238095238093,0.25,0.11904761904761904,0.296875,0.09375
references/R024425.jpg,queries/Q32790.jpg,disc21,1,0.265625,0.49206349206349204,0.4305555555555556,0.16666666666666666,0.359375,0.3125
references/R010140.jpg,queries/Q32945.jpg,disc21,1,0.25,0.2857142857142857,0.1527777777777778,0.023809523809523808,0.265625,0.109375
references/R010719.jpg,queries/Q32970.jpg,disc21,1,0.09375,0.031746031746031744,0.125,0.09523809523809523,0.078125,1.0
references/R006103.jpg,queries/Q33160.jpg,disc21,1,0.515625,0.47619047619047616,0.4305555555555556,0.14285714285714285,0.59375,0.078125
references/R041471.jpg,queries/Q33169.jpg,disc21,1,0.375,0.3492063492063492,0.4305555555555556,0.11904761904761904,0.328125,0.546875
references/R049338.jpg,queries/Q33281.jpg,disc21,1,0.65625,0.5079365079365079,0.5555555555555556,0.09523809523809523,0.765625,0.109375
references/R042393.jpg,queries/Q33407.jpg,disc21,1,0.046875,0.1111111111111111,0.027777777777777776,0.0,0.046875,0.0625
references/R013319.jpg,queries/Q33536.jpg,disc21,1,0.4375,0.47619047619047616,0.4305555555555556,0.047619047619047616,0.28125,0.375
references/R041640.jpg,queries/Q33567.jpg,disc21,1,0.03125,0.06349206349206349,0.0,0.16666666666666666,0.0625,1.0
references/R035367.jpg,queries/Q33725.jpg,disc21,1,0.1875,0.19047619047619047,0.1111111111111111,0.16666666666666666,0.25,0.40625
references/R008540.jpg,queries/Q33767.jpg,disc21,1,0.0,0.0,0.0,0.09523809523809523,0.015625,1.0
references/R012460.jpg,queries/Q33961.jpg,disc21,1,0.671875,0.47619047619047616,0.4166666666666667,0.16666666666666666,0.671875,1.0
references/R041215.jpg,queries/Q34035.jpg,disc21,1,0.1875,0.4603174603174603,0.4166666666666667,0.14285714285714285,0.296875,0.46875
references/R037582.jpg,queries/Q34091.jpg,disc21,1,0.21875,0.38095238095238093,0.25,0.16666666666666666,0.296875,0.5
references/R010119.jpg,queries/Q34236.jpg,disc21,1,0.34375,0.6031746031746031,0.4027777777777778,0.14285714285714285,0.40625,0.1875
references/R049391.jpg,queries/Q34312.jpg,disc21,1,0.625,0.5555555555555556,0.5138888888888888,0.0,0.84375,0.421875
references/R023089.jpg,queries/Q34542.jpg,disc21,1,0.40625,0.38095238095238093,0.2638888888888889,0.19047619047619047,0.609375,0.375
references/R010702.jpg,queries/Q34629.jpg,disc21,1,0.53125,0.5555555555555556,0.4166666666666667,0.19047619047619047,0.453125,0.234375
references/R033038.jpg,queries/Q34681.jpg,disc21,1,0.15625,0.14285714285714285,0.1111111111111111,0.0,0.078125,0.28125
references/R017988.jpg,queries/Q34935.jpg,disc21,1,0.4375,0.4603174603174603,0.375,0.11904761904761904,0.5,0.34375
references/R003338.jpg,queries/Q35067.jpg,disc21,1,0.1875,0.19047619047619047,0.3194444444444444,0.21428571428571427,0.109375,0.265625
references/R049119.jpg,queries/Q35110.jpg,disc21,1,0.109375,0.19047619047619047,0.09722222222222222,0.09523809523809523,0.0625,1.0
references/R014964.jpg,queries/Q35138.jpg,disc21,1,0.125,0.31746031746031744,0.2361111111111111,0.11904761904761904,0.203125,1.0
references/R004635.jpg,queries/Q35225.jpg,disc21,1,0.5,0.3968253968253968,0.4444444444444444,0.23809523809523808,0.46875,0.28125
references/R042133.jpg,queries/Q35285.jpg,disc21,1,0.578125,0.6507936507936508,0.5,0.11904761904761904,0.3125,1.0
references/R014100.jpg,queries/Q35352.jpg,disc21,1,0.59375,0.3492063492063492,0.4305555555555556,0.2619047619047619,0.390625,0.484375
references/R010673.jpg,queries/Q35383.jpg,disc21,1,0.25,0.31746031746031744,0.2638888888888889,0.11904761904761904,0.09375,0.265625
references/R001746.jpg,queries/Q35466.jpg,disc21,1,0.265625,0.25396825396825395,0.25,0.21428571428571427,0.234375,0.28125
references/R047919.jpg,queries/Q35474.jpg,disc21,1,0.265625,0.5873015873015873,0.3194444444444444,0.16666666666666666,0.40625,0.34375
references/R049492.jpg,queries/Q35698.jpg,disc21,1,0.375,0.47619047619047616,0.4027777777777778,0.16666666666666666,0.453125,0.3125
references/R037590.jpg,queries/Q35710.jpg,disc21,1,0.21875,0.4126984126984127,0.4861111111111111,0.14285714285714285,0.375,0.421875
references/R027867.jpg,queries/Q35712.jpg,disc21,1,0.65625,0.4603174603174603,0.4027777777777778,0.07142857142857142,0.5,0.203125
references/R020951.jpg,queries/Q35735.jpg,disc21,1,0.421875,0.4603174603174603,0.3611111111111111,0.14285714285714285,0.453125,0.265625
references/R032962.jpg,queries/Q35782.jpg,disc21,1,0.0,0.0,0.0,0.07142857142857142,0.0,0.125
references/R042539.jpg,queries/Q35997.jpg,disc21,1,0.3125,0.49206349206349204,0.375,0.07142857142857142,0.46875,0.234375
references/R021167.jpg,queries/Q36033.jpg,disc21,1,0.546875,0.6031746031746031,0.4583333333333333,0.19047619047619047,0.578125,0.5625
references/R035388.jpg,queries/Q36166.jpg,disc21,1,0.0625,0.4126984126984127,0.1527777777777778,0.16666666666666666,0.1875,0.28125
references/R035426.jpg,queries/Q36209.jpg,disc21,1,0.375,0.4444444444444444,0.3472222222222222,0.0,0.453125,0.078125
references/R021703.jpg,queries/Q36498.jpg,disc21,1,0.296875,0.5238095238095238,0.5,0.14285714285714285,0.265625,0.234375
references/R007377.jpg,queries/Q36557.jpg,disc21,1,0.203125,0.2698412698412698,0.375,0.0,0.25,0.1875
references/R036007.jpg,queries/Q36892.jpg,disc21,1,0.28125,0.5396825396825397,0.3472222222222222,0.16666666666666666,0.234375,0.21875
references/R018511.jpg,queries/Q36940.jpg,disc21,1,0.578125,0.6031746031746031,0.6388888888888888,0.07142857142857142,0.640625,0.203125
references/R020897.jpg,queries/Q36962.jpg,disc21,1,0.03125,0.3333333333333333,0.20833333333333334,0.14285714285714285,0.171875,0.1875
references/R028058.jpg,queries/Q37085.jpg,disc21,1,0.3125,0.5079365079365079,0.3888888888888889,0.11904761904761904,0.328125,0.390625
references/R031146.jpg,queries/Q37121.jpg,disc21,1,0.015625,0.015873015873015872,0.013888888888888888,0.0,0.046875,0.046875
references/R013843.jpg,queries/Q37158.jpg,disc21,1,0.046875,0.25396825396825395,0.20833333333333334,0.023809523809523808,0.078125,0.3125
references/R007744.jpg,queries/Q37220.jpg,disc21,1,0.0625,0.15873015873015872,0.08333333333333333,0.023809523809523808,0.28125,0.015625
references/R048326.jpg,queries/Q37285.jpg,disc21,1,0.40625,0.2698412698412698,0.3055555555555556,0.21428571428571427,0.453125,0.171875
references/R030216.jpg,queries/Q37433.jpg,disc21,1,0.25,0.4126984126984127,0.2777777777777778,0.19047619047619047,0.28125,0.328125
references/R022690.jpg,queries/Q37489.jpg,disc21,1,0.5625,0.49206349206349204,0.4722222222222222,0.11904761904761904,0.640625,0.140625
references/R014304.jpg,queries/Q37704.jpg,disc21,1,0.234375,0.31746031746031744,0.05555555555555555,0.16666666666666666,0.5625,0.125
references/R028900.jpg,queries/Q37806.jpg,disc21,1,0.015625,0.0,0.041666666666666664,0.0,0.015625,0.046875
references/R040079.jpg,queries/Q38498.jpg,disc21,1,0.3125,0.5396825396825397,0.5138888888888888,0.14285714285714285,0.46875,0.28125
references/R049100.jpg,queries/Q38590.jpg,disc21,1,0.171875,0.2857142857142857,0.2222222222222222,0.19047619047619047,0.109375,0.25
references/R018813.jpg,queries/Q38713.jpg,disc21,1,0.15625,0.3333333333333333,0.2916666666666667,0.19047619047619047,0.328125,0.109375
references/R004413.jpg,queries/Q38751.jpg,disc21,1,0.03125,0.09523809523809523,0.041666666666666664,0.14285714285714285,0.03125,0.15625
references/R011477.jpg,queries/Q38752.jpg,disc21,1,0.171875,0.20634920634920634,0.1388888888888889,0.2619047619047619,0.1875,0.25
references/R028037.jpg,queries/Q38818.jpg,disc21,1,0.0,0.2698412698412698,0.2222222222222222,0.09523809523809523,0.015625,1.0
references/R049598.jpg,queries/Q38881.jpg,disc21,1,0.0625,0.25396825396825395,0.08333333333333333,0.16666666666666666,0.109375,0.375
references/R026308.jpg,queries/Q38903.jpg,disc21,1,0.0,0.015873015873015872,0.0,0.11904761904761904,0.03125,0.03125
references/R030622.jpg,queries/Q38946.jpg,disc21,1,0.0,0.015873015873015872,0.027777777777777776,0.07142857142857142,0.015625,1.0
references/R022362.jpg,queries/Q38953.jpg,disc21,1,0.46875,0.47619047619047616,0.3611111111111111,0.14285714285714285,0.375,0.1875
references/R026432.jpg,queries/Q38972.jpg,disc21,1,0.328125,0.4444444444444444,0.4166666666666667,0.19047619047619047,0.328125,0.328125
references/R033172.jpg,queries/Q39131.jpg,disc21,1,0.0,0.1111111111111111,0.125,0.07142857142857142,0.21875,0.046875
references/R014030.jpg,queries/Q39177.jpg,disc21,1,0.109375,0.2698412698412698,0.2361111111111111,0.14285714285714285,0.328125,0.328125
references/R015916.jpg,queries/Q39353.jpg,disc21,1,0.09375,0.15873015873015872,0.08333333333333333,0.14285714285714285,0.140625,0.1875
references/R032922.jpg,queries/Q39525.jpg,disc21,1,0.25,0.3492063492063492,0.3472222222222222,0.11904761904761904,0.125,0.5
references/R048909.jpg,queries/Q39779.jpg,disc21,1,0.359375,0.3492063492063492,0.18055555555555555,0.09523809523809523,0.125,1.0
references/R047135.jpg,queries/Q39796.jpg,disc21,1,0.359375,0.3968253968253968,0.3194444444444444,0.11904761904761904,0.390625,0.375
references/R022461.jpg,queries/Q39862.jpg,disc21,1,0.171875,0.30158730158730157,0.16666666666666666,0.21428571428571427,0.28125,0.4375
references/R035917.jpg,queries/Q40055.jpg,disc21,1,0.390625,0.42857142857142855,0.2916666666666667,0.14285714285714285,0.5625,0.078125
references/R045611.jpg,queries/Q40099.jpg,disc21,1,0.28125,0.42857142857142855,0.4027777777777778,0.09523809523809523,0.453125,0.59375
references/R036813.jpg,queries/Q40213.jpg,disc21,1,0.0,0.0,0.0,0.09523809523809523,0.0,1.0
references/R047861.jpg,queries/Q40265.jpg,disc21,1,0.234375,0.3333333333333333,0.2638888888888889,0.11904761904761904,0.296875,0.078125
references/R032515.jpg,queries/Q40274.jpg,disc21,1,0.109375,0.25396825396825395,0.05555555555555555,0.14285714285714285,0.234375,0.15625
references/R010112.jpg,queries/Q40465.jpg,disc21,1,0.78125,0.6031746031746031,0.4027777777777778,0.11904761904761904,0.546875,0.296875
references/R005192.jpg,queries/Q40671.jpg,disc21,1,0.4375,0.3968253968253968,0.4444444444444444,0.11904761904761904,0.375,0.296875
references/R026269.jpg,queries/Q40757.jpg,disc21,1,0.3125,0.5079365079365079,0.5277777777777778,0.047619047619047616,0.21875,0.140625
references/R028749.jpg,queries/Q40830.jpg,disc21,1,0.234375,0.4126984126984127,0.4027777777777778,0.19047619047619047,0.265625,0.4375
references/R028287.jpg,queries/Q40904.jpg,disc21,1,0.34375,0.3333333333333333,0.4861111111111111,0.14285714285714285,0.578125,0.234375
references/R022743.jpg,queries/Q41027.jpg,disc21,1,0.609375,0.5079365079365079,0.4722222222222222,0.11904761904761904,0.484375,0.390625
references/R005951.jpg,queries/Q41053.jpg,disc21,1,0.0,0.0,0.041666666666666664,0.14285714285714285,0.203125,0.328125
references/R027004.jpg,queries/Q41089.jpg,disc21,1,0.28125,0.47619047619047616,0.4305555555555556,0.09523809523809523,0.390625,0.390625
references/R028501.jpg,queries/Q41104.jpg,disc21,1,0.265625,0.31746031746031744,0.3055555555555556,0.16666666666666666,0.15625,0.265625
references/R045089.jpg,queries/Q41235.jpg,disc21,1,0.359375,0.49206349206349204,0.4583333333333333,0.09523809523809523,0.359375,0.546875
references/R015692.jpg,queries/Q41266.jpg,disc21,1,0.0,0.0,0.0,0.07142857142857142,0.0,1.0
references/R030753.jpg,queries/Q41309.jpg,disc21,1,0.484375,0.49206349206349204,0.4583333333333333,0.047619047619047616,0.4375,0.109375
references/R035679.jpg,queries/Q41493.jpg,disc21,1,0.390625,0.3968253968253968,0.3888888888888889,0.14285714285714285,0.453125,0.078125
references/R034747.jpg,queries/Q41505.jpg,disc21,1,0.328125,0.42857142857142855,0.3055555555555556,0.14285714285714285,0.359375,0.25
references/R008367.jpg,queries/Q41518.jpg,disc21,1,0.171875,0.25396825396825395,0.2777777777777778,0.19047619047619047,0.078125,0.21875
references/R010266.jpg,queries/Q41853.jpg,disc21,1,0.34375,0.42857142857142855,0.5277777777777778,0.09523809523809523,0.140625,0.34375
references/R020770.jpg,queries/Q41857.jpg,disc21,1,0.359375,0.42857142857142855,0.375,0.16666666666666666,0.328125,0.15625
references/R003067.jpg,queries/Q41890.jpg,disc21,1,0.109375,0.09523809523809523,0.09722222222222222,0.14285714285714285,0.265625,0.390625
references/R022028.jpg,queries/Q41963.jpg,disc21,1,0.09375,0.2222222222222222,0.1111111111111111,0.16666666666666666,0.015625,0.34375
references/R036548.jpg,queries/Q41984.jpg,disc21,1,0.421875,0.42857142857142855,0.3333333333333333,0.16666666666666666,0.375,0.40625
references/R032091.jpg,queries/Q42027.jpg,disc21,1,0.015625,0.1111111111111111,0.013888888888888888,0.023809523809523808,0.046875,0.09375
references/R010660.jpg,queries/Q42116.jpg,disc21,1,0.28125,0.47619047619047616,0.5,0.16666666666666666,0.328125,0.5
references/R008329.jpg,queries/Q42164.jpg,disc21,1,0.734375,0.4444444444444444,0.3472222222222222,0.11904761904761904,0.515625,1.0
references/R048097.jpg,queries/Q42179.jpg,disc21,1,0.015625,0.015873015873015872,0.041666666666666664,0.14285714285714285,0.0,0.03125
references/R046925.jpg,queries/Q42233.jpg,disc21,1,0.109375,0.09523809523809523,0.027777777777777776,0.19047619047619047,0.125,0.171875
references/R038286.jpg,queries/Q42369.jpg,disc21,1,0.34375,0.4444444444444444,0.3194444444444444,0.19047619047619047,0.140625,0.53125
references/R023167.jpg,queries/Q42382.jpg,disc21,1,0.4375,0.47619047619047616,0.4583333333333333,0.16666666666666666,0.609375,0.4375
references/R016334.jpg,queries/Q42497.jpg,disc21,1,0.3125,0.4444444444444444,0.3472222222222222,0.19047619047619047,0.375,0.4375
references/R039421.jpg,queries/Q42782.jpg,disc21,1,0.296875,0.31746031746031744,0.3611111111111111,0.07142857142857142,0.234375,0.15625
references/R003082.jpg,queries/Q42875.jpg,disc21,1,0.3125,0.38095238095238093,0.3194444444444444,0.11904761904761904,0.328125,1.0
references/R049056.jpg,queries/Q42883.jpg,disc21,1,0.515625,0.5714285714285714,0.5,0.11904761904761904,0.578125,0.203125
references/R026608.jpg,queries/Q43014.jpg,disc21,1,0.203125,0.4444444444444444,0.5694444444444444,0.09523809523809523,0.40625,0.328125
references/R003560.jpg,queries/Q43188.jpg,disc21,1,0.078125,0.2857142857142857,0.2361111111111111,0.09523809523809523,0.109375,0.265625
references/R002899.jpg,queries/Q43190.jpg,disc21,1,0.421875,0.36507936507936506,0.3888888888888889,0.19047619047619047,0.171875,0.328125
references/R027290.jpg,queries/Q43436.jpg,disc21,1,0.140625,0.19047619047619047,0.1388888888888889,0.14285714285714285,0.171875,0.0625
references/R003301.jpg,queries/Q43570.jpg,disc21,1,0.203125,0.30158730158730157,0.5138888888888888,0.21428571428571427,0.140625,0.421875
references/R016023.jpg,queries/Q43592.jpg,disc21,1,0.078125,0.031746031746031744,0.08333333333333333,0.11904761904761904,0.0,0.140625
references/R005388.jpg,queries/Q43764.jpg,disc21,1,0.109375,0.23809523809523808,0.18055555555555555,0.14285714285714285,0.21875,0.125
references/R009137.jpg,queries/Q43816.jpg,disc21,1,0.484375,0.5238095238095238,0.4722222222222222,0.16666666666666666,0.703125,0.328125
references/R024739.jpg,queries/Q43931.jpg,disc21,1,0.0,0.0,0.013888888888888888,0.16666666666666666,0.0,0.0625
references/R001255.jpg,queries/Q43978.jpg,disc21,1,0.40625,0.2222222222222222,0.18055555555555555,0.14285714285714285,0.328125,0.390625
references/R023879.jpg,queries/Q43994.jpg,disc21,1,0.046875,0.0,0.027777777777777776,0.14285714285714285,0.046875,0.0625
references/R044474.jpg,queries/Q44027.jpg,disc21,1,0.234375,0.20634920634920634,0.20833333333333334,0.14285714285714285,0.40625,0.265625
references/R034250.jpg,queries/Q44272.jpg,disc21,1,0.5,0.5555555555555556,0.3888888888888889,0.16666666666666666,0.484375,0.453125
references/R029976.jpg,queries/Q44295.jpg,disc21,1,0.28125,0.47619047619047616,0.3194444444444444,0.23809523809523808,0.40625,0.5
references/R021479.jpg,queries/Q44380.jpg,disc21,1,0.484375,0.6031746031746031,0.4166666666666667,0.11904761904761904,0.59375,1.0
references/R045250.jpg,queries/Q44526.jpg,disc21,1,0.0,0.0,0.0,0.0,0.0,0.0
references/R038838.jpg,queries/Q44604.jpg,disc21,1,0.328125,0.49206349206349204,0.5,0.047619047619047616,0.40625,0.25
references/R016291.jpg,queries/Q44873.jpg,disc21,1,0.4375,0.5714285714285714,0.3888888888888889,0.023809523809523808,0.328125,0.171875
references/R000643.jpg,queries/Q45090.jpg,disc21,1,0.453125,0.31746031746031744,0.375,0.09523809523809523,0.46875,0.203125
references/R032455.jpg,queries/Q45092.jpg,disc21,1,0.40625,0.4126984126984127,0.3472222222222222,0.07142857142857142,0.546875,0.125
references/R023797.jpg,queries/Q45298.jpg,disc21,1,0.359375,0.36507936507936506,0.4166666666666667,0.09523809523809523,0.59375,0.296875
references/R017057.jpg,queries/Q45318.jpg,disc21,1,0.25,0.3333333333333333,0.3333333333333333,0.11904761904761904,0.234375,0.296875
references/R026374.jpg,queries/Q45353.jpg,disc21,1,0.0,0.0,0.013888888888888888,0.09523809523809523,0.0,1.0
references/R028365.jpg,queries/Q45669.jpg,disc21,1,0.28125,0.38095238095238093,0.4166666666666667,0.16666666666666666,0.265625,0.5
references/R002361.jpg,queries/Q45723.jpg,disc21,1,0.65625,0.5238095238095238,0.4166666666666667,0.07142857142857142,0.8125,0.109375
references/R006542.jpg,queries/Q45787.jpg,disc21,1,0.0,0.031746031746031744,0.0,0.0,0.03125,0.0
references/R023798.jpg,queries/Q45797.jpg,disc21,1,0.171875,0.3968253968253968,0.3611111111111111,0.047619047619047616,0.34375,0.421875
references/R021878.jpg,queries/Q45798.jpg,disc21,1,0.015625,0.06349206349206349,0.18055555555555555,0.16666666666666666,0.03125,0.203125
references/R026837.jpg,queries/Q45804.jpg,disc21,1,0.15625,0.38095238095238093,0.19444444444444445,0.023809523809523808,0.140625,0.109375
references/R008941.jpg,queries/Q45816.jpg,disc21,1,0.625,0.5555555555555556,0.4444444444444444,0.23809523809523808,0.390625,0.3125
references/R045828.jpg,queries/Q45848.jpg,disc21,1,0.21875,0.2857142857142857,0.1388888888888889,0.07142857142857142,0.25,0.09375
references/R037591.jpg,queries/Q45862.jpg,disc21,1,0.203125,0.3333333333333333,0.1527777777777778,0.16666666666666666,0.265625,0.453125
references/R010938.jpg,queries/Q45927.jpg,disc21,1,0.40625,0.47619047619047616,0.3333333333333333,0.21428571428571427,0.46875,0.0625
references/R040606.jpg,queries/Q46047.jpg,disc21,1,0.140625,0.30158730158730157,0.3611111111111111,0.16666666666666666,0.296875,0.3125
references/R021124.jpg,queries/Q46118.jpg,disc21,1,0.0625,0.1746031746031746,0.2222222222222222,0.047619047619047616,0.1875,0.421875
references/R016729.jpg,queries/Q46154.jpg,disc21,1,0.546875,0.5714285714285714,0.4305555555555556,0.09523809523809523,0.40625,0.25
references/R040218.jpg,queries/Q46302.jpg,disc21,1,0.078125,0.2698412698412698,0.125,0.16666666666666666,0.109375,1.0
references/R044549.jpg,queries/Q46337.jpg,disc21,1,0.03125,0.15873015873015872,0.05555555555555555,0.19047619047619047,0.09375,0.28125
references/R042032.jpg,queries/Q46616.jpg,disc21,1,0.375,0.3333333333333333,0.3333333333333333,0.0,0.390625,0.09375
references/R001269.jpg,queries/Q46811.jpg,disc21,1,0.046875,0.1111111111111111,0.1527777777777778,0.14285714285714285,0.09375,0.203125
references/R028292.jpg,queries/Q47025.jpg,disc21,1,0.53125,0.3968253968253968,0.4722222222222222,0.11904761904761904,0.453125,0.421875
references/R009787.jpg,queries/Q47219.jpg,disc21,1,0.046875,0.5079365079365079,0.4444444444444444,0.16666666666666666,0.328125,0.34375
references/R016776.jpg,queries/Q47298.jpg,disc21,1,0.015625,0.31746031746031744,0.2916666666666667,0.07142857142857142,0.21875,0.09375
references/R033062.jpg,queries/Q47303.jpg,disc21,1,0.078125,0.07936507936507936,0.1388888888888889,0.09523809523809523,0.015625,0.25
references/R020511.jpg,queries/Q47396.jpg,disc21,1,0.234375,0.31746031746031744,0.4166666666666667,0.21428571428571427,0.390625,0.0625
references/R036259.jpg,queries/Q47591.jpg,disc21,1,0.546875,0.5873015873015873,0.4861111111111111,0.11904761904761904,0.546875,0.234375
references/R028842.jpg,queries/Q47665.jpg,disc21,1,0.578125,0.5238095238095238,0.4027777777777778,0.14285714285714285,0.5625,1.0
references/R012294.jpg,queries/Q47667.jpg,disc21,1,0.375,0.47619047619047616,0.4861111111111111,0.09523809523809523,0.359375,1.0
references/R022427.jpg,queries/Q47688.jpg,disc21,1,0.609375,0.6666666666666666,0.5,0.11904761904761904,0.65625,0.140625
references/R015668.jpg,queries/Q47708.jpg,disc21,1,0.125,0.49206349206349204,0.3055555555555556,0.047619047619047616,0.15625,0.25
references/R041989.jpg,queries/Q47724.jpg,disc21,1,0.3125,0.5238095238095238,0.4166666666666667,0.11904761904761904,0.46875,0.34375
references/R021764.jpg,queries/Q47855.jpg,disc21,1,0.1875,0.5238095238095238,0.4722222222222222,0.11904761904761904,0.40625,0.4375
references/R027705.jpg,queries/Q47857.jpg,disc21,1,0.484375,0.4603174603174603,0.5,0.09523809523809523,0.484375,0.34375
references/R016641.jpg,queries/Q47885.jpg,disc21,1,0.265625,0.47619047619047616,0.4722222222222222,0.0,0.21875,0.421875
references/R016774.jpg,queries/Q48110.jpg,disc21,1,0.0,0.07936507936507936,0.05555555555555555,0.11904761904761904,0.046875,0.125
references/R025640.jpg,queries/Q48167.jpg,disc21,1,0.46875,0.5714285714285714,0.4861111111111111,0.19047619047619047,0.640625,0.0625
references/R026672.jpg,queries/Q48393.jpg,disc21,1,0.421875,0.4444444444444444,0.4305555555555556,0.11904761904761904,0.5,0.296875
references/R036639.jpg,queries/Q48394.jpg,disc21,1,0.4375,0.47619047619047616,0.3472222222222222,0.07142857142857142,0.34375,0.046875
references/R007498.jpg,queries/Q48600.jpg,disc21,1,0.109375,0.3333333333333333,0.20833333333333334,0.14285714285714285,0.171875,0.328125
references/R049927.jpg,queries/Q48755.jpg,disc21,1,0.0,0.0,0.0,0.023809523809523808,0.015625,0.0
references/R014977.jpg,queries/Q48861.jpg,disc21,1,0.25,0.4444444444444444,0.4722222222222222,0.09523809523809523,0.40625,1.0
references/R023436.jpg,queries/Q48948.jpg,disc21,1,0.65625,0.6507936507936508,0.5138888888888888,0.19047619047619047,0.875,0.171875
references/R009154.jpg,queries/Q48984.jpg,disc21,1,0.0,0.0,0.0,0.0,0.0,0.0
references/R046328.jpg,queries/Q49004.jpg,disc21,1,0.265625,0.4603174603174603,0.3333333333333333,0.09523809523809523,0.359375,0.171875
references/R019758.jpg,queries/Q49007.jpg,disc21,1,0.40625,0.4444444444444444,0.375,0.07142857142857142,0.25,0.078125
references/R022390.jpg,queries/Q49077.jpg,disc21,1,0.625,0.5555555555555556,0.4027777777777778,0.0,0.5625,0.3125
references/R032038.jpg,queries/Q49112.jpg,disc21,1,0.375,0.4126984126984127,0.5555555555555556,0.11904761904761904,0.640625,0.328125
references/R015028.jpg,queries/Q49190.jpg,disc21,1,0.65625,0.5396825396825397,0.4583333333333333,0.16666666666666666,0.640625,0.265625
references/R000005.jpg,queries/Q49293.jpg,disc21,1,0.125,0.15873015873015872,0.1388888888888889,0.14285714285714285,0.109375,0.1875
references/R009714.jpg,queries/Q49347.jpg,disc21,1,0.34375,0.36507936507936506,0.2361111111111111,0.19047619047619047,0.25,0.21875
references/R017815.jpg,queries/Q49418.jpg,disc21,1,0.5625,0.6349206349206349,0.4861111111111111,0.16666666666666666,0.78125,0.328125
references/R022861.jpg,queries/Q49464.jpg,disc21,1,0.296875,0.4603174603174603,0.4583333333333333,0.11904761904761904,0.21875,0.40625
references/R003942.jpg,queries/Q49873.jpg,disc21,1,0.65625,0.49206349206349204,0.5138888888888888,0.14285714285714285,0.59375,0.359375
references/R025570.jpg,queries/Q49947.jpg,disc21,1,0.265625,0.4603174603174603,0.5277777777777778,0.11904761904761904,0.421875,1.0
references/R002336.jpg,queries/Q49992.jpg,disc21,1,0.0,0.047619047619047616,0.05555555555555555,0.11904761904761904,0.046875,1.0
references/R003513.jpg,queries/Q50060.jpg,disc21,1,0.34375,0.4444444444444444,0.3888888888888889,0.09523809523809523,0.390625,0.375
references/R029638.jpg,queries/Q50095.jpg,disc21,1,0.484375,0.5714285714285714,0.4027777777777778,0.16666666666666666,0.515625,0.15625
references/R038042.jpg,queries/Q50186.jpg,disc21,1,0.265625,0.49206349206349204,0.3472222222222222,0.047619047619047616,0.46875,0.484375
references/R040485.jpg,queries/Q50229.jpg,disc21,1,0.359375,0.4444444444444444,0.4027777777777778,0.23809523809523808,0.359375,0.34375
references/R037975.jpg,queries/Q50386.jpg,disc21,1,0.21875,0.36507936507936506,0.3194444444444444,0.21428571428571427,0.34375,0.3125
references/R036121.jpg,queries/Q50469.jpg,disc21,1,0.390625,0.49206349206349204,0.5,0.16666666666666666,0.515625,1.0
references/R038543.jpg,queries/Q50699.jpg,disc21,1,0.484375,0.4444444444444444,0.3611111111111111,0.07142857142857142,0.515625,1.0
references/R045509.jpg,queries/Q50797.jpg,disc21,1,0.203125,0.3333333333333333,0.19444444444444445,0.16666666666666666,0.15625,0.234375
references/R018328.jpg,queries/Q50845.jpg,disc21,1,0.265625,0.31746031746031744,0.3055555555555556,0.09523809523809523,0.265625,0.15625
references/R042163.jpg,queries/Q50884.jpg,disc21,1,0.421875,0.49206349206349204,0.4027777777777778,0.14285714285714285,0.546875,0.234375
references/R049903.jpg,queries/Q51102.jpg,disc21,1,0.59375,0.5714285714285714,0.3472222222222222,0.11904761904761904,0.375,0.46875
references/R024445.jpg,queries/Q51121.jpg,disc21,1,0.015625,0.047619047619047616,0.041666666666666664,0.09523809523809523,0.09375,0.0625
references/R023609.jpg,queries/Q51175.jpg,disc21,1,0.5625,0.4444444444444444,0.3888888888888889,0.09523809523809523,0.40625,0.21875
references/R021292.jpg,queries/Q51427.jpg,disc21,1,0.578125,0.4603174603174603,0.4722222222222222,0.14285714285714285,0.578125,0.296875
references/R008569.jpg,queries/Q51481.jpg,disc21,1,0.15625,0.2857142857142857,0.1388888888888889,0.09523809523809523,0.390625,0.046875
references/R036095.jpg,queries/Q51579.jpg,disc21,1,0.515625,0.6031746031746031,0.5555555555555556,0.14285714285714285,0.453125,0.296875
references/R034896.jpg,queries/Q51613.jpg,disc21,1,0.4375,0.4444444444444444,0.4166666666666667,0.14285714285714285,0.515625,0.109375
references/R012389.jpg,queries/Q51725.jpg,disc21,1,0.0,0.047619047619047616,0.05555555555555555,0.07142857142857142,0.015625,1.0
references/R048825.jpg,queries/Q51760.jpg,disc21,1,0.453125,0.3968253968253968,0.4861111111111111,0.21428571428571427,0.46875,0.34375
references/R005216.jpg,queries/Q51793.jpg,disc21,1,0.140625,0.31746031746031744,0.2638888888888889,0.23809523809523808,0.234375,0.359375
references/R022675.jpg,queries/Q51831.jpg,disc21,1,0.140625,0.3333333333333333,0.2638888888888889,0.09523809523809523,0.125,0.296875
references/R003682.jpg,queries/Q52043.jpg,disc21,1,0.234375,0.4444444444444444,0.4305555555555556,0.14285714285714285,0.203125,0.1875
references/R010005.jpg,queries/Q52223.jpg,disc21,1,0.34375,0.20634920634920634,0.18055555555555555,0.07142857142857142,0.375,0.046875
references/R041312.jpg,queries/Q52348.jpg,disc21,1,0.109375,0.19047619047619047,0.1111111111111111,0.07142857142857142,0.125,0.4375
references/R048505.jpg,queries/Q52353.jpg,disc21,1,0.421875,0.4603174603174603,0.375,0.16666666666666666,0.484375,0.3125
references/R031479.jpg,queries/Q52443.jpg,disc21,1,0.375,0.5238095238095238,0.4166666666666667,0.07142857142857142,0.421875,0.453125
references/R046140.jpg,queries/Q52457.jpg,disc21,1,0.578125,0.5238095238095238,0.3611111111111111,0.11904761904761904,0.65625,0.328125
references/R000260.jpg,queries/Q52579.jpg,disc21,1,0.375,0.47619047619047616,0.4305555555555556,0.09523809523809523,0.265625,0.171875
references/R013642.jpg,queries/Q52619.jpg,disc21,1,0.078125,0.25396825396825395,0.2916666666666667,0.16666666666666666,0.140625,0.21875
references/R025854.jpg,queries/Q52629.jpg,disc21,1,0.5,0.5714285714285714,0.4166666666666667,0.11904761904761904,0.59375,0.40625
references/R041520.jpg,queries/Q52785.jpg,disc21,1,0.078125,0.1111111111111111,0.08333333333333333,0.19047619047619047,0.046875,0.390625
references/R022102.jpg,queries/Q52935.jpg,disc21,1,0.515625,0.5238095238095238,0.4583333333333333,0.09523809523809523,0.640625,0.375
references/R017910.jpg,queries/Q52942.jpg,disc21,1,0.328125,0.14285714285714285,0.18055555555555555,0.21428571428571427,0.328125,0.03125
references/R009151.jpg,queries/Q53015.jpg,disc21,1,0.078125,0.1746031746031746,0.05555555555555555,0.11904761904761904,0.125,0.21875
references/R023323.jpg,queries/Q53032.jpg,disc21,1,0.21875,0.2222222222222222,0.3055555555555556,0.16666666666666666,0.234375,0.34375
references/R002239.jpg,queries/Q53154.jpg,disc21,1,0.140625,0.3968253968253968,0.3055555555555556,0.047619047619047616,0.421875,0.171875
references/R019469.jpg,queries/Q53328.jpg,disc21,1,0.03125,0.15873015873015872,0.125,0.023809523809523808,0.0625,0.0
references/R033756.jpg,queries/Q53368.jpg,disc21,1,0.171875,0.2698412698412698,0.18055555555555555,0.19047619047619047,0.1875,0.28125
references/R018459.jpg,queries/Q53504.jpg,disc21,1,0.203125,0.3968253968253968,0.4027777777777778,0.047619047619047616,0.203125,0.265625
references/R019102.jpg,queries/Q53627.jpg,disc21,1,0.296875,0.5396825396825397,0.4444444444444444,0.2619047619047619,0.25,0.234375
references/R009200.jpg,queries/Q53816.jpg,disc21,1,0.046875,0.14285714285714285,0.1388888888888889,0.09523809523809523,0.078125,0.25
references/R020786.jpg,queries/Q53931.jpg,disc21,1,0.21875,0.2698412698412698,0.16666666666666666,0.07142857142857142,0.234375,0.328125
references/R040053.jpg,queries/Q54043.jpg,disc21,1,0.015625,0.015873015873015872,0.05555555555555555,0.07142857142857142,0.078125,0.0625
references/R037570.jpg,queries/Q54405.jpg,disc21,1,0.171875,0.3333333333333333,0.25,0.07142857142857142,0.203125,0.078125
references/R035897.jpg,queries/Q54848.jpg,disc21,1,0.078125,0.25396825396825395,0.18055555555555555,0.19047619047619047,0.109375,0.265625
references/R021474.jpg,queries/Q54918.jpg,disc21,1,0.578125,0.6507936507936508,0.4027777777777778,0.19047619047619047,0.359375,0.28125
references/R022477.jpg,queries/Q55124.jpg,disc21,1,0.53125,0.38095238095238093,0.25,0.14285714285714285,0.5625,0.203125
references/R033315.jpg,queries/Q55250.jpg,disc21,1,0.375,0.4126984126984127,0.3194444444444444,0.21428571428571427,0.625,0.328125
references/R024203.jpg,queries/Q55439.jpg,disc21,1,0.296875,0.31746031746031744,0.2777777777777778,0.16666666666666666,0.21875,0.4375
references/R007393.jpg,queries/Q55681.jpg,disc21,1,0.421875,0.5238095238095238,0.5277777777777778,0.07142857142857142,0.375,1.0
references/R042169.jpg,queries/Q55752.jpg,disc21,1,0.40625,0.5079365079365079,0.2777777777777778,0.16666666666666666,0.46875,0.234375
references/R001619.jpg,queries/Q55788.jpg,disc21,1,0.328125,0.15873015873015872,0.08333333333333333,0.09523809523809523,0.28125,0.40625
references/R049934.jpg,queries/Q55791.jpg,disc21,1,0.28125,0.4603174603174603,0.3333333333333333,0.0,0.21875,0.34375
references/R016982.jpg,queries/Q55838.jpg,disc21,1,0.296875,0.3492063492063492,0.4444444444444444,0.14285714285714285,0.4375,0.34375
references/R044128.jpg,queries/Q56115.jpg,disc21,1,0.09375,0.25396825396825395,0.09722222222222222,0.09523809523809523,0.140625,0.109375
references/R026459.jpg,queries/Q56198.jpg,disc21,1,0.296875,0.42857142857142855,0.375,0.09523809523809523,0.234375,0.171875
references/R002067.jpg,queries/Q56393.jpg,disc21,1,0.703125,0.5396825396825397,0.4027777777777778,0.14285714285714285,0.796875,0.671875
references/R015775.jpg,queries/Q56465.jpg,disc21,1,0.390625,0.5714285714285714,0.4444444444444444,0.2619047619047619,0.328125,0.296875
references/R035954.jpg,queries/Q56652.jpg,disc21,1,0.03125,0.047619047619047616,0.027777777777777776,0.23809523809523808,0.109375,0.140625
references/R010019.jpg,queries/Q56888.jpg,disc21,1,0.34375,0.4603174603174603,0.5138888888888888,0.16666666666666666,0.390625,0.171875
references/R043675.jpg,queries/Q56961.jpg,disc21,1,0.03125,0.031746031746031744,0.05555555555555555,0.09523809523809523,0.046875,0.046875
references/R007288.jpg,queries/Q57104.jpg,disc21,1,0.015625,0.047619047619047616,0.013888888888888888,0.09523809523809523,0.03125,1.0
references/R029999.jpg,queries/Q57205.jpg,disc21,1,0.3125,0.23809523809523808,0.19444444444444445,0.11904761904761904,0.34375,0.15625
references/R046070.jpg,queries/Q57364.jpg,disc21,1,0.03125,0.1111111111111111,0.125,0.14285714285714285,0.0,0.09375
references/R039480.jpg,queries/Q57367.jpg,disc21,1,0.515625,0.4444444444444444,0.4861111111111111,0.16666666666666666,0.390625,0.265625
references/R040337.jpg,queries/Q57445.jpg,disc21,1,0.03125,0.047619047619047616,0.18055555555555555,0.21428571428571427,0.0625,0.109375
references/R032197.jpg,queries/Q57557.jpg,disc21,1,0.0625,0.12698412698412698,0.041666666666666664,0.07142857142857142,0.015625,0.15625
references/R011064.jpg,queries/Q57592.jpg,disc21,1,0.203125,0.3492063492063492,0.3055555555555556,0.16666666666666666,0.375,0.28125
references/R008009.jpg,queries/Q57672.jpg,disc21,1,0.109375,0.14285714285714285,0.05555555555555555,0.14285714285714285,0.171875,0.390625
references/R016498.jpg,queries/Q57734.jpg,disc21,1,0.453125,0.38095238095238093,0.4166666666666667,0.16666666666666666,0.296875,0.28125
references/R012628.jpg,queries/Q57834.jpg,disc21,1,0.265625,0.38095238095238093,0.375,0.23809523809523808,0.453125,0.46875
references/R002101.jpg,queries/Q57944.jpg,disc21,1,0.375,0.47619047619047616,0.4305555555555556,0.16666666666666666,0.328125,0.328125
references/R004761.jpg,queries/Q57964.jpg,disc21,1,0.015625,0.14285714285714285,0.18055555555555555,0.023809523809523808,0.015625,0.0625
references/R032624.jpg,queries/Q58081.jpg,disc21,1,0.078125,0.07936507936507936,0.027777777777777776,0.09523809523809523,0.15625,0.234375
references/R035118.jpg,queries/Q58395.jpg,disc21,1,0.328125,0.3492063492063492,0.25,0.16666666666666666,0.40625,0.40625
references/R026088.jpg,queries/Q58429.jpg,disc21,1,0.046875,0.14285714285714285,0.1111111111111111,0.11904761904761904,0.234375,0.359375
references/R004032.jpg,queries/Q58438.jpg,disc21,1,0.40625,0.47619047619047616,0.375,0.14285714285714285,0.515625,0.109375
references/R033891.jpg,queries/Q58444.jpg,disc21,1,0.125,0.30158730158730157,0.09722222222222222,0.19047619047619047,0.328125,0.171875
references/R001044.jpg,queries/Q58452.jpg,disc21,1,0.5,0.5714285714285714,0.4583333333333333,0.21428571428571427,0.46875,0.453125
references/R030059.jpg,queries/Q58591.jpg,disc21,1,0.0,0.0,0.05555555555555555,0.07142857142857142,0.140625,1.0
references/R041675.jpg,queries/Q58596.jpg,disc21,1,0.34375,0.5238095238095238,0.3472222222222222,0.16666666666666666,0.46875,0.234375
references/R031501.jpg,queries/Q58786.jpg,disc21,1,0.015625,0.06349206349206349,0.09722222222222222,0.11904761904761904,0.046875,0.078125
references/R008832.jpg,queries/Q58809.jpg,disc21,1,0.1875,0.30158730158730157,0.3194444444444444,0.0,0.28125,0.171875
references/R024680.jpg,queries/Q58812.jpg,disc21,1,0.359375,0.42857142857142855,0.3888888888888889,0.23809523809523808,0.203125,0.453125
references/R009460.jpg,queries/Q58920.jpg,disc21,1,0.5625,0.4603174603174603,0.5,0.23809523809523808,0.515625,0.5
references/R012706.jpg,queries/Q58922.jpg,disc21,1,0.015625,0.06349206349206349,0.027777777777777776,0.16666666666666666,0.046875,0.296875
references/R023899.jpg,queries/Q58932.jpg,disc21,1,0.328125,0.6349206349206349,0.5138888888888888,0.14285714285714285,0.3125,0.546875
references/R027306.jpg,queries/Q58978.jpg,disc21,1,0.015625,0.015873015873015872,0.013888888888888888,0.16666666666666666,0.09375,0.171875
references/R031982.jpg,queries/Q59045.jpg,disc21,1,0.15625,0.25396825396825395,0.2916666666666667,0.09523809523809523,0.171875,0.140625
references/R013522.jpg,queries/Q59097.jpg,disc21,1,0.046875,0.047619047619047616,0.05555555555555555,0.07142857142857142,0.03125,0.140625
references/R022779.jpg,queries/Q59224.jpg,disc21,1,0.421875,0.47619047619047616,0.3611111111111111,0.21428571428571427,0.328125,0.171875
references/R017182.jpg,queries/Q59266.jpg,disc21,1,0.484375,0.42857142857142855,0.3055555555555556,0.16666666666666666,0.671875,0.515625
references/R039555.jpg,queries/Q59379.jpg,disc21,1,0.21875,0.42857142857142855,0.3055555555555556,0.14285714285714285,0.21875,0.21875
references/R041789.jpg,queries/Q59439.jpg,disc21,1,0.453125,0.4603174603174603,0.5833333333333334,0.19047619047619047,0.453125,0.203125
references/R045759.jpg,queries/Q59535.jpg,disc21,1,0.328125,0.5396825396825397,0.3888888888888889,0.11904761904761904,0.25,0.140625
references/R026252.jpg,queries/Q59782.jpg,disc21,1,0.09375,0.12698412698412698,0.25,0.16666666666666666,0.078125,0.46875
references/R012180.jpg,queries/Q59796.jpg,disc21,1,0.546875,0.49206349206349204,0.5277777777777778,0.14285714285714285,0.5,1.0
references/R038720.jpg,queries/Q59863.jpg,disc21,1,0.453125,0.4444444444444444,0.3611111111111111,0.11904761904761904,0.578125,1.0
references/R032047.jpg,queries/Q59904.jpg,disc21,1,0.015625,0.0,0.041666666666666664,0.14285714285714285,0.0,1.0
references/R040165.jpg,queries/Q59912.jpg,disc21,1,0.5,0.3333333333333333,0.3611111111111111,0.19047619047619047,0.28125,0.140625
references/R004081.jpg,queries/Q60014.jpg,disc21,1,0.1875,0.4126984126984127,0.3055555555555556,0.11904761904761904,0.203125,0.5625
references/R000301.jpg,queries/Q60056.jpg,disc21,1,0.28125,0.30158730158730157,0.2777777777777778,0.19047619047619047,0.15625,0.21875
references/R002210.jpg,queries/Q60084.jpg,disc21,1,0.515625,0.49206349206349204,0.4861111111111111,0.21428571428571427,0.65625,0.65625
references/R042713.jpg,queries/Q60128.jpg,disc21,1,0.359375,0.3492063492063492,0.3611111111111111,0.16666666666666666,0.546875,0.046875
references/R012592.jpg,queries/Q60227.jpg,disc21,1,0.609375,0.3968253968253968,0.5833333333333334,0.21428571428571427,0.734375,0.34375
references/R001105.jpg,queries/Q60369.jpg,disc21,1,0.234375,0.4444444444444444,0.3055555555555556,0.11904761904761904,0.40625,0.484375
references/R011716.jpg,queries/Q60485.jpg,disc21,1,0.078125,0.36507936507936506,0.3055555555555556,0.11904761904761904,0.125,0.109375
references/R015608.jpg,queries/Q60894.jpg,disc21,1,0.421875,0.5079365079365079,0.4861111111111111,0.21428571428571427,0.375,0.53125
references/R031340.jpg,queries/Q60919.jpg,disc21,1,0.234375,0.31746031746031744,0.2222222222222222,0.09523809523809523,0.28125,0.515625
references/R017375.jpg,queries/Q60991.jpg,disc21,1,0.515625,0.5555555555555556,0.4027777777777778,0.21428571428571427,0.5625,1.0
references/R012080.jpg,queries/Q61003.jpg,disc21,1,0.296875,0.49206349206349204,0.4583333333333333,0.11904761904761904,0.390625,0.375
references/R027674.jpg,queries/Q61154.jpg,disc21,1,0.234375,0.42857142857142855,0.4166666666666667,0.07142857142857142,0.328125,0.203125
references/R028932.jpg,queries/Q61374.jpg,disc21,1,0.359375,0.42857142857142855,0.4722222222222222,0.047619047619047616,0.21875,0.1875
references/R029164.jpg,queries/Q61416.jpg,disc21,1,0.53125,0.47619047619047616,0.5416666666666666,0.09523809523809523,0.4375,1.0
references/R045711.jpg,queries/Q61499.jpg,disc21,1,0.640625,0.5079365079365079,0.5138888888888888,0.14285714285714285,0.546875,0.3125
references/R020384.jpg,queries/Q61613.jpg,disc21,1,0.03125,0.1111111111111111,0.05555555555555555,0.047619047619047616,0.03125,1.0
references/R013385.jpg,queries/Q61779.jpg,disc21,1,0.46875,0.5396825396825397,0.5,0.16666666666666666,0.359375,0.140625
references/R039459.jpg,queries/Q61916.jpg,disc21,1,0.515625,0.5079365079365079,0.4166666666666667,0.16666666666666666,0.421875,0.453125
references/R034001.jpg,queries/Q62009.jpg,disc21,1,0.453125,0.49206349206349204,0.5555555555555556,0.19047619047619047,0.40625,0.0625
references/R005860.jpg,queries/Q62113.jpg,disc21,1,0.125,0.12698412698412698,0.05555555555555555,0.11904761904761904,0.25,1.0
references/R004251.jpg,queries/Q62135.jpg,disc21,1,0.140625,0.12698412698412698,0.1527777777777778,0.07142857142857142,0.265625,0.203125
references/R037222.jpg,queries/Q62159.jpg,disc21,1,0.375,0.4126984126984127,0.5138888888888888,0.19047619047619047,0.40625,0.375
references/R010773.jpg,queries/Q62293.jpg,disc21,1,0.1875,0.30158730158730157,0.20833333333333334,0.23809523809523808,0.203125,0.546875
references/R001270.jpg,queries/Q62332.jpg,disc21,1,0.09375,0.47619047619047616,0.4305555555555556,0.07142857142857142,0.1875,1.0
references/R035609.jpg,queries/Q62408.jpg,disc21,1,0.0,0.031746031746031744,0.027777777777777776,0.09523809523809523,0.15625,1.0
references/R015570.jpg,queries/Q62634.jpg,disc21,1,0.28125,0.3492063492063492,0.3472222222222222,0.0,0.53125,0.234375
references/R024010.jpg,queries/Q62913.jpg,disc21,1,0.25,0.49206349206349204,0.4027777777777778,0.21428571428571427,0.234375,0.46875
references/R037453.jpg,queries/Q62930.jpg,disc21,1,0.375,0.5396825396825397,0.5833333333333334,0.14285714285714285,0.5625,0.40625
references/R006287.jpg,queries/Q62940.jpg,disc21,1,0.203125,0.36507936507936506,0.3194444444444444,0.19047619047619047,0.21875,0.234375
references/R001433.jpg,queries/Q63010.jpg,disc21,1,0.59375,0.4603174603174603,0.5138888888888888,0.047619047619047616,0.5625,0.046875
references/R043890.jpg,queries/Q63053.jpg,disc21,1,0.65625,0.6666666666666666,0.5416666666666666,0.0,0.453125,0.25
references/R039596.jpg,queries/Q63524.jpg,disc21,1,0.359375,0.4444444444444444,0.5416666666666666,0.21428571428571427,0.265625,0.453125
references/R036949.jpg,queries/Q63550.jpg,disc21,1,0.546875,0.38095238095238093,0.4444444444444444,0.11904761904761904,0.546875,1.0
references/R041754.jpg,queries/Q63579.jpg,disc21,1,0.40625,0.4126984126984127,0.25,0.14285714285714285,0.328125,0.359375
references/R002034.jpg,queries/Q63657.jpg,disc21,1,0.1875,0.09523809523809523,0.125,0.19047619047619047,0.328125,0.34375
references/R023481.jpg,queries/Q63659.jpg,disc21,1,0.015625,0.09523809523809523,0.2638888888888889,0.11904761904761904,0.09375,0.40625
references/R045952.jpg,queries/Q63721.jpg,disc21,1,0.5,0.47619047619047616,0.3472222222222222,0.19047619047619047,0.421875,0.296875
references/R002586.jpg,queries/Q63820.jpg,disc21,1,0.109375,0.4603174603174603,0.3888888888888889,0.023809523809523808,0.3125,0.515625
references/R032634.jpg,queries/Q63841.jpg,disc21,1,0.625,0.6190476190476191,0.4722222222222222,0.14285714285714285,0.546875,0.140625
references/R001982.jpg,queries/Q63924.jpg,disc21,1,0.078125,0.09523809523809523,0.027777777777777776,0.14285714285714285,0.15625,1.0
references/R044763.jpg,queries/Q64087.jpg,disc21,1,0.5625,0.5873015873015873,0.4166666666666667,0.07142857142857142,0.484375,0.421875
references/R031393.jpg,queries/Q64117.jpg,disc21,1,0.078125,0.38095238095238093,0.2916666666666667,0.19047619047619047,0.203125,0.328125
references/R012738.jpg,queries/Q64224.jpg,disc21,1,0.5,0.4603174603174603,0.4722222222222222,0.11904761904761904,0.421875,0.1875
references/R034261.jpg,queries/Q64264.jpg,disc21,1,0.4375,0.5555555555555556,0.5277777777777778,0.21428571428571427,0.484375,0.3125
references/R014915.jpg,queries/Q64277.jpg,disc21,1,0.421875,0.36507936507936506,0.4027777777777778,0.14285714285714285,0.453125,1.0
references/R045893.jpg,queries/Q64541.jpg,disc21,1,0.828125,0.47619047619047616,0.5277777777777778,0.11904761904761904,0.5625,0.53125
references/R038576.jpg,queries/Q64611.jpg,disc21,1,0.03125,0.07936507936507936,0.041666666666666664,0.09523809523809523,0.015625,1.0
references/R042499.jpg,queries/Q64675.jpg,disc21,1,0.0625,0.1746031746031746,0.1527777777777778,0.11904761904761904,0.0625,0.453125
references/R046224.jpg,queries/Q64716.jpg,disc21,1,0.71875,0.6349206349206349,0.5833333333333334,0.16666666666666666,0.5,0.5
references/R002887.jpg,queries/Q64937.jpg,disc21,1,0.5,0.4444444444444444,0.3611111111111111,0.11904761904761904,0.171875,0.265625
references/R007235.jpg,queries/Q65559.jpg,disc21,1,0.53125,0.5238095238095238,0.3333333333333333,0.11904761904761904,0.4375,0.1875
references/R002163.jpg,queries/Q65753.jpg,disc21,1,0.5625,0.5873015873015873,0.4583333333333333,0.16666666666666666,0.53125,0.15625
references/R005851.jpg,queries/Q65790.jpg,disc21,1,0.34375,0.4603174603174603,0.3472222222222222,0.21428571428571427,0.390625,0.46875
references/R049546.jpg,queries/Q66195.jpg,disc21,1,0.03125,0.14285714285714285,0.1111111111111111,0.047619047619047616,0.078125,0.109375
references/R021077.jpg,queries/Q66228.jpg,disc21,1,0.671875,0.5555555555555556,0.4027777777777778,0.11904761904761904,0.59375,0.25
references/R037665.jpg,queries/Q66242.jpg,disc21,1,0.625,0.31746031746031744,0.3055555555555556,0.11904761904761904,0.390625,1.0
references/R014877.jpg,queries/Q66253.jpg,disc21,1,0.625,0.4444444444444444,0.5555555555555556,0.23809523809523808,0.640625,0.1875
references/R042853.jpg,queries/Q66324.jpg,disc21,1,0.328125,0.47619047619047616,0.3888888888888889,0.11904761904761904,0.34375,0.1875
references/R000427.jpg,queries/Q66374.jpg,disc21,1,0.421875,0.5079365079365079,0.5,0.14285714285714285,0.625,0.53125
references/R042345.jpg,queries/Q66437.jpg,disc21,1,0.296875,0.36507936507936506,0.3333333333333333,0.09523809523809523,0.078125,0.3125
references/R017309.jpg,queries/Q66508.jpg,disc21,1,0.40625,0.30158730158730157,0.3888888888888889,0.21428571428571427,0.5625,0.40625
references/R007502.jpg,queries/Q66551.jpg,disc21,1,0.28125,0.30158730158730157,0.2361111111111111,0.09523809523809523,0.21875,0.359375
references/R015743.jpg,queries/Q66746.jpg,disc21,1,0.515625,0.5555555555555556,0.3611111111111111,0.047619047619047616,0.578125,0.453125
references/R040761.jpg,queries/Q66772.jpg,disc21,1,0.078125,0.30158730158730157,0.1527777777777778,0.09523809523809523,0.046875,0.3125
references/R032773.jpg,queries/Q66801.jpg,disc21,1,0.453125,0.07936507936507936,0.08333333333333333,0.11904761904761904,0.40625,0.09375
references/R006583.jpg,queries/Q66856.jpg,disc21,1,0.28125,0.42857142857142855,0.3194444444444444,0.19047619047619047,0.34375,0.34375
references/R015905.jpg,queries/Q66917.jpg,disc21,1,0.375,0.5396825396825397,0.4166666666666667,0.14285714285714285,0.390625,0.265625
references/R036686.jpg,queries/Q67030.jpg,disc21,1,0.1875,0.42857142857142855,0.3194444444444444,0.14285714285714285,0.203125,1.0
references/R038559.jpg,queries/Q67070.jpg,disc21,1,0.15625,0.3333333333333333,0.18055555555555555,0.07142857142857142,0.265625,0.203125
references/R036814.jpg,queries/Q67120.jpg,disc21,1,0.359375,0.3333333333333333,0.4166666666666667,0.2619047619047619,0.171875,0.1875
references/R042994.jpg,queries/Q67142.jpg,disc21,1,0.46875,0.5555555555555556,0.4583333333333333,0.11904761904761904,0.359375,0.203125
references/R029527.jpg,queries/Q67149.jpg,disc21,1,0.296875,0.3333333333333333,0.3055555555555556,0.09523809523809523,0.28125,0.140625
references/R003914.jpg,queries/Q67223.jpg,disc21,1,0.5,0.5396825396825397,0.5416666666666666,0.11904761904761904,0.375,0.421875
references/R025830.jpg,queries/Q67352.jpg,disc21,1,0.390625,0.3333333333333333,0.2777777777777778,0.09523809523809523,0.125,0.1875
references/R014628.jpg,queries/Q67363.jpg,disc21,1,0.015625,0.19047619047619047,0.20833333333333334,0.047619047619047616,0.046875,0.09375
references/R002323.jpg,queries/Q67398.jpg,disc21,1,0.46875,0.6031746031746031,0.4305555555555556,0.19047619047619047,0.578125,0.265625
references/R028001.jpg,queries/Q67455.jpg,disc21,1,0.34375,0.4126984126984127,0.375,0.09523809523809523,0.53125,0.359375
references/R002709.jpg,queries/Q67461.jpg,disc21,1,0.234375,0.3333333333333333,0.2916666666666667,0.21428571428571427,0.40625,0.28125
references/R043099.jpg,queries/Q67490.jpg,disc21,1,0.296875,0.36507936507936506,0.375,0.11904761904761904,0.21875,0.390625
references/R014191.jpg,queries/Q67587.jpg,disc21,1,0.203125,0.49206349206349204,0.4166666666666667,0.21428571428571427,0.28125,0.25
references/R024385.jpg,queries/Q67749.jpg,disc21,1,0.171875,0.31746031746031744,0.4027777777777778,0.21428571428571427,0.296875,0.296875
references/R031630.jpg,queries/Q67829.jpg,disc21,1,0.203125,0.36507936507936506,0.3888888888888889,0.023809523809523808,0.359375,0.046875
references/R004482.jpg,queries/Q67938.jpg,disc21,1,0.71875,0.5079365079365079,0.4583333333333333,0.16666666666666666,0.703125,0.328125
references/R012036.jpg,queries/Q67997.jpg,disc21,1,0.625,0.6031746031746031,0.4166666666666667,0.21428571428571427,0.4375,0.234375
references/R048682.jpg,queries/Q68026.jpg,disc21,1,0.390625,0.6031746031746031,0.4305555555555556,0.14285714285714285,0.5,0.078125
references/R014122.jpg,queries/Q68273.jpg,disc21,1,0.3125,0.49206349206349204,0.375,0.09523809523809523,0.28125,0.359375
references/R010084.jpg,queries/Q68481.jpg,disc21,1,0.328125,0.5079365079365079,0.4027777777777778,0.14285714285714285,0.46875,0.5
references/R029550.jpg,queries/Q68530.jpg,disc21,1,0.296875,0.4603174603174603,0.4722222222222222,0.07142857142857142,0.296875,0.234375
references/R001860.jpg,queries/Q68533.jpg,disc21,1,0.5,0.47619047619047616,0.3055555555555556,0.19047619047619047,0.328125,0.296875
references/R039236.jpg,queries/Q68569.jpg,disc21,1,0.140625,0.4603174603174603,0.3472222222222222,0.11904761904761904,0.09375,0.1875
references/R044207.jpg,queries/Q68611.jpg,disc21,1,0.25,0.47619047619047616,0.20833333333333334,0.21428571428571427,0.375,0.5
references/R018210.jpg,queries/Q68689.jpg,disc21,1,0.265625,0.31746031746031744,0.20833333333333334,0.09523809523809523,0.25,0.265625
references/R042626.jpg,queries/Q68818.jpg,disc21,1,0.734375,0.5079365079365079,0.375,0.11904761904761904,0.546875,0.234375
references/R027874.jpg,queries/Q68917.jpg,disc21,1,0.21875,0.4444444444444444,0.18055555555555555,0.07142857142857142,0.09375,0.15625
references/R016921.jpg,queries/Q68987.jpg,disc21,1,0.3125,0.4603174603174603,0.4027777777777778,0.11904761904761904,0.578125,0.1875
references/R046404.jpg,queries/Q69044.jpg,disc21,1,0.53125,0.5079365079365079,0.4444444444444444,0.21428571428571427,0.40625,0.28125
references/R027381.jpg,queries/Q69047.jpg,disc21,1,0.671875,0.6507936507936508,0.4444444444444444,0.14285714285714285,0.65625,0.21875
references/R023564.jpg,queries/Q69072.jpg,disc21,1,0.28125,0.6190476190476191,0.4444444444444444,0.21428571428571427,0.34375,0.34375
references/R046458.jpg,queries/Q69412.jpg,disc21,1,0.015625,0.1111111111111111,0.1527777777777778,0.21428571428571427,0.15625,0.328125
references/R000789.jpg,queries/Q69460.jpg,disc21,1,0.046875,0.1111111111111111,0.09722222222222222,0.14285714285714285,0.140625,0.3125
references/R046236.jpg,queries/Q69581.jpg,disc21,1,0.546875,0.4444444444444444,0.4722222222222222,0.19047619047619047,0.28125,0.3125
references/R046104.jpg,queries/Q69629.jpg,disc21,1,0.015625,0.19047619047619047,0.16666666666666666,0.23809523809523808,0.09375,0.4375
references/R042414.jpg,queries/Q69891.jpg,disc21,1,0.046875,0.06349206349206349,0.05555555555555555,0.14285714285714285,0.015625,0.09375
references/R035613.jpg,queries/Q69894.jpg,disc21,1,0.296875,0.5238095238095238,0.5,0.11904761904761904,0.328125,1.0
references/R004131.jpg,queries/Q69968.jpg,disc21,1,0.25,0.38095238095238093,0.4027777777777778,0.14285714285714285,0.40625,1.0
references/R042099.jpg,queries/Q69978.jpg,disc21,1,0.015625,0.06349206349206349,0.16666666666666666,0.0,0.015625,0.015625
references/R021318.jpg,queries/Q70017.jpg,disc21,1,0.453125,0.4603174603174603,0.5416666666666666,0.14285714285714285,0.578125,0.390625
references/R007066.jpg,queries/Q70029.jpg,disc21,1,0.421875,0.4444444444444444,0.3611111111111111,0.16666666666666666,0.375,0.421875
references/R044451.jpg,queries/Q70277.jpg,disc21,1,0.25,0.25396825396825395,0.2916666666666667,0.14285714285714285,0.171875,0.453125
references/R038406.jpg,queries/Q70383.jpg,disc21,1,0.09375,0.2857142857142857,0.18055555555555555,0.16666666666666666,0.03125,1.0
references/R021869.jpg,queries/Q70585.jpg,disc21,1,0.125,0.12698412698412698,0.027777777777777776,0.19047619047619047,0.078125,0.59375
references/R036780.jpg,queries/Q70614.jpg,disc21,1,0.375,0.49206349206349204,0.3611111111111111,0.16666666666666666,0.453125,0.34375
references/R004539.jpg,queries/Q70676.jpg,disc21,1,0.390625,0.4444444444444444,0.4722222222222222,0.14285714285714285,0.40625,1.0
references/R034899.jpg,queries/Q71069.jpg,disc21,1,0.515625,0.42857142857142855,0.3333333333333333,0.14285714285714285,0.546875,0.171875
references/R037356.jpg,queries/Q71083.jpg,disc21,1,0.34375,0.30158730158730157,0.19444444444444445,0.09523809523809523,0.234375,0.109375
references/R012032.jpg,queries/Q71307.jpg,disc21,1,0.0,0.25396825396825395,0.3333333333333333,0.09523809523809523,0.09375,0.390625
references/R024128.jpg,queries/Q71734.jpg,disc21,1,0.375,0.42857142857142855,0.4444444444444444,0.19047619047619047,0.4375,0.28125
references/R024890.jpg,queries/Q71838.jpg,disc21,1,0.578125,0.6349206349206349,0.4722222222222222,0.16666666666666666,0.671875,0.65625
references/R024975.jpg,queries/Q71855.jpg,disc21,1,0.546875,0.4444444444444444,0.5,0.23809523809523808,0.546875,0.328125
references/R042790.jpg,queries/Q71953.jpg,disc21,1,0.09375,0.2222222222222222,0.20833333333333334,0.14285714285714285,0.21875,1.0
references/R027175.jpg,queries/Q71979.jpg,disc21,1,0.78125,0.5238095238095238,0.4444444444444444,0.19047619047619047,0.3125,0.328125
references/R010483.jpg,queries/Q72104.jpg,disc21,1,0.078125,0.1111111111111111,0.08333333333333333,0.09523809523809523,0.28125,1.0
references/R010025.jpg,queries/Q72241.jpg,disc21,1,0.203125,0.4603174603174603,0.4583333333333333,0.19047619047619047,0.171875,0.40625
references/R008722.jpg,queries/Q72430.jpg,disc21,1,0.59375,0.49206349206349204,0.5277777777777778,0.16666666666666666,0.609375,0.21875
references/R005850.jpg,queries/Q72623.jpg,disc21,1,0.421875,0.5238095238095238,0.4444444444444444,0.19047619047619047,0.484375,0.46875
references/R028310.jpg,queries/Q72783.jpg,disc21,1,0.09375,0.09523809523809523,0.041666666666666664,0.11904761904761904,0.125,0.125
references/R045389.jpg,queries/Q72821.jpg,disc21,1,0.4375,0.4603174603174603,0.4305555555555556,0.14285714285714285,0.40625,0.390625
references/R012993.jpg,queries/Q72844.jpg,disc21,1,0.296875,0.38095238095238093,0.20833333333333334,0.19047619047619047,0.328125,0.328125
references/R029194.jpg,queries/Q72899.jpg,disc21,1,0.59375,0.5079365079365079,0.4722222222222222,0.09523809523809523,0.34375,0.234375
references/R014700.jpg,queries/Q72931.jpg,disc21,1,0.0,0.015873015873015872,0.027777777777777776,0.09523809523809523,0.015625,0.0
references/R049940.jpg,queries/Q73010.jpg,disc21,1,0.4375,0.4603174603174603,0.4166666666666667,0.2619047619047619,0.515625,0.359375
references/R048790.jpg,queries/Q73143.jpg,disc21,1,0.1875,0.15873015873015872,0.20833333333333334,0.16666666666666666,0.140625,0.34375
references/R023656.jpg,queries/Q73145.jpg,disc21,1,0.15625,0.25396825396825395,0.2777777777777778,0.16666666666666666,0.09375,0.046875
references/R004983.jpg,queries/Q73160.jpg,disc21,1,0.375,0.49206349206349204,0.5,0.16666666666666666,0.359375,0.296875
references/R000039.jpg,queries/Q73296.jpg,disc21,1,0.5,0.5873015873015873,0.4166666666666667,0.047619047619047616,0.453125,0.28125
references/R009776.jpg,queries/Q73327.jpg,disc21,1,0.59375,0.5238095238095238,0.4166666666666667,0.14285714285714285,0.578125,0.546875
references/R041915.jpg,queries/Q73835.jpg,disc21,1,0.453125,0.42857142857142855,0.3611111111111111,0.11904761904761904,0.46875,0.453125
references/R045836.jpg,queries/Q73861.jpg,disc21,1,0.625,0.5396825396825397,0.375,0.16666666666666666,0.65625,0.3125
references/R028282.jpg,queries/Q73938.jpg,disc21,1,0.296875,0.2698412698412698,0.16666666666666666,0.14285714285714285,0.234375,0.0
references/R040529.jpg,queries/Q74001.jpg,disc21,1,0.140625,0.4126984126984127,0.3472222222222222,0.19047619047619047,0.203125,0.21875
references/R034614.jpg,queries/Q74039.jpg,disc21,1,0.5,0.5238095238095238,0.5277777777777778,0.21428571428571427,0.484375,0.265625
references/R049930.jpg,queries/Q74137.jpg,disc21,1,0.34375,0.42857142857142855,0.2777777777777778,0.23809523809523808,0.4375,0.15625
references/R001984.jpg,queries/Q74366.jpg,disc21,1,0.453125,0.5238095238095238,0.4305555555555556,0.11904761904761904,0.6875,0.46875
references/R033610.jpg,queries/Q74442.jpg,disc21,1,0.03125,0.047619047619047616,0.2361111111111111,0.11904761904761904,0.078125,0.296875
references/R049624.jpg,queries/Q74450.jpg,disc21,1,0.3125,0.4603174603174603,0.3472222222222222,0.16666666666666666,0.59375,0.296875
references/R007548.jpg,queries/Q74516.jpg,disc21,1,0.21875,0.49206349206349204,0.3888888888888889,0.14285714285714285,0.171875,0.296875
references/R022949.jpg,queries/Q74549.jpg,disc21,1,0.171875,0.3968253968253968,0.3194444444444444,0.19047619047619047,0.28125,0.453125
references/R005370.jpg,queries/Q74596.jpg,disc21,1,0.21875,0.3333333333333333,0.2361111111111111,0.0,0.234375,0.390625
references/R036288.jpg,queries/Q74858.jpg,disc21,1,0.40625,0.4126984126984127,0.3888888888888889,0.11904761904761904,0.421875,0.40625
references/R000000.jpg,queries/Q74871.jpg,disc21,1,0.09375,0.23809523809523808,0.1111111111111111,0.2619047619047619,0.140625,0.328125
references/R036055.jpg,queries/Q74979.jpg,disc21,1,0.3125,0.5238095238095238,0.3333333333333333,0.11904761904761904,0.359375,0.21875
references/R047923.jpg,queries/Q75241.jpg,disc21,1,0.796875,0.7301587301587301,0.5694444444444444,0.07142857142857142,0.859375,1.0
references/R021146.jpg,queries/Q75286.jpg,disc21,1,0.296875,0.2222222222222222,0.20833333333333334,0.07142857142857142,0.421875,0.0
references/R023827.jpg,queries/Q75320.jpg,disc21,1,0.28125,0.4126984126984127,0.3888888888888889,0.0,0.40625,0.015625
references/R015605.jpg,queries/Q75329.jpg,disc21,1,0.296875,0.5396825396825397,0.4583333333333333,0.11904761904761904,0.453125,0.484375
references/R038644.jpg,queries/Q75725.jpg,disc21,1,0.015625,0.23809523809523808,0.08333333333333333,0.14285714285714285,0.015625,0.09375
references/R043924.jpg,queries/Q75835.jpg,disc21,1,0.4375,0.5238095238095238,0.4722222222222222,0.14285714285714285,0.453125,0.359375
references/R021012.jpg,queries/Q76103.jpg,disc21,1,0.328125,0.4444444444444444,0.4166666666666667,0.21428571428571427,0.546875,0.3125
references/R033686.jpg,queries/Q76280.jpg,disc21,1,0.015625,0.0,0.013888888888888888,0.09523809523809523,0.015625,0.359375
references/R020242.jpg,queries/Q76319.jpg,disc21,1,0.109375,0.2698412698412698,0.20833333333333334,0.14285714285714285,0.21875,0.21875
references/R048668.jpg,queries/Q76395.jpg,disc21,1,0.359375,0.5555555555555556,0.4305555555555556,0.09523809523809523,0.3125,1.0
references/R046550.jpg,queries/Q76418.jpg,disc21,1,0.171875,0.1746031746031746,0.09722222222222222,0.07142857142857142,0.046875,0.015625
references/R023515.jpg,queries/Q76553.jpg,disc21,1,0.171875,0.36507936507936506,0.4166666666666667,0.047619047619047616,0.1875,0.28125
references/R001357.jpg,queries/Q76583.jpg,disc21,1,0.40625,0.5714285714285714,0.4027777777777778,0.19047619047619047,0.515625,0.109375
references/R027011.jpg,queries/Q76597.jpg,disc21,1,0.265625,0.4126984126984127,0.2222222222222222,0.0,0.109375,0.296875
references/R018071.jpg,queries/Q76860.jpg,disc21,1,0.0625,0.20634920634920634,0.20833333333333334,0.09523809523809523,0.1875,1.0
references/R035999.jpg,queries/Q77157.jpg,disc21,1,0.421875,0.49206349206349204,0.4027777777777778,0.14285714285714285,0.4375,0.234375
references/R011012.jpg,queries/Q77427.jpg,disc21,1,0.234375,0.25396825396825395,0.1111111111111111,0.19047619047619047,0.21875,0.25
references/R003375.jpg,queries/Q77441.jpg,disc21,1,0.640625,0.6507936507936508,0.4861111111111111,0.14285714285714285,0.546875,0.3125
references/R026970.jpg,queries/Q77450.jpg,disc21,1,0.125,0.19047619047619047,0.2222222222222222,0.09523809523809523,0.15625,0.1875
references/R037175.jpg,queries/Q77455.jpg,disc21,1,0.390625,0.42857142857142855,0.5694444444444444,0.16666666666666666,0.375,0.328125
references/R015804.jpg,queries/Q77530.jpg,disc21,1,0.015625,0.047619047619047616,0.05555555555555555,0.21428571428571427,0.0625,0.28125
references/R026025.jpg,queries/Q77561.jpg,disc21,1,0.703125,0.5714285714285714,0.4444444444444444,0.16666666666666666,0.6875,0.265625
references/R017982.jpg,queries/Q77823.jpg,disc21,1,0.21875,0.36507936507936506,0.4166666666666667,0.09523809523809523,0.28125,0.28125
references/R049559.jpg,queries/Q77825.jpg,disc21,1,0.703125,0.6349206349206349,0.4583333333333333,0.11904761904761904,0.71875,0.6875
references/R047351.jpg,queries/Q77905.jpg,disc21,1,0.15625,0.2857142857142857,0.2777777777777778,0.11904761904761904,0.25,0.09375
references/R044033.jpg,queries/Q78034.jpg,disc21,1,0.390625,0.4444444444444444,0.3888888888888889,0.14285714285714285,0.578125,0.390625
references/R005245.jpg,queries/Q78080.jpg,disc21,1,0.03125,0.14285714285714285,0.3194444444444444,0.047619047619047616,0.171875,0.15625
references/R038640.jpg,queries/Q78171.jpg,disc21,1,0.515625,0.3492063492063492,0.3333333333333333,0.11904761904761904,0.53125,0.234375
references/R009745.jpg,queries/Q78216.jpg,disc21,1,0.5625,0.4444444444444444,0.4583333333333333,0.14285714285714285,0.796875,0.59375
references/R027913.jpg,queries/Q78377.jpg,disc21,1,0.578125,0.6031746031746031,0.4166666666666667,0.16666666666666666,0.46875,0.234375
references/R007347.jpg,queries/Q78419.jpg,disc21,1,0.09375,0.09523809523809523,0.06944444444444445,0.19047619047619047,0.1875,0.25
references/R024805.jpg,queries/Q78481.jpg,disc21,1,0.125,0.25396825396825395,0.2222222222222222,0.14285714285714285,0.53125,0.109375
references/R003150.jpg,queries/Q78880.jpg,disc21,1,0.484375,0.49206349206349204,0.3888888888888889,0.14285714285714285,0.640625,0.296875
references/R043860.jpg,queries/Q78892.jpg,disc21,1,0.328125,0.5079365079365079,0.4027777777777778,0.16666666666666666,0.359375,0.421875
references/R004261.jpg,queries/Q79068.jpg,disc21,1,0.46875,0.42857142857142855,0.3611111111111111,0.14285714285714285,0.359375,0.328125
references/R003259.jpg,queries/Q79225.jpg,disc21,1,0.4375,0.5396825396825397,0.4027777777777778,0.16666666666666666,0.390625,1.0
references/R037416.jpg,queries/Q79255.jpg,disc21,1,0.078125,0.4603174603174603,0.2916666666666667,0.21428571428571427,0.078125,0.5
references/R041509.jpg,queries/Q79339.jpg,disc21,1,0.40625,0.4126984126984127,0.4444444444444444,0.16666666666666666,0.296875,0.578125
references/R049674.jpg,queries/Q79346.jpg,disc21,1,0.4375,0.42857142857142855,0.3194444444444444,0.16666666666666666,0.734375,0.40625
references/R001369.jpg,queries/Q79451.jpg,disc21,1,0.453125,0.3968253968253968,0.4722222222222222,0.047619047619047616,0.375,0.09375
references/R021681.jpg,queries/Q79719.jpg,disc21,1,0.5,0.5873015873015873,0.4722222222222222,0.19047619047619047,0.53125,0.578125
references/R022504.jpg,queries/Q79739.jpg,disc21,1,0.109375,0.14285714285714285,0.05555555555555555,0.19047619047619047,0.171875,0.28125
references/R044902.jpg,queries/Q79896.jpg,disc21,1,0.40625,0.4444444444444444,0.3194444444444444,0.14285714285714285,0.328125,0.140625
references/R015366.jpg,queries/Q79901.jpg,disc21,1,0.0,0.0,0.06944444444444445,0.14285714285714285,0.015625,0.1875
references/R032716.jpg,queries/Q79930.jpg,disc21,1,0.15625,0.31746031746031744,0.2777777777777778,0.11904761904761904,0.265625,0.125
references/R039477.jpg,queries/Q79950.jpg,disc21,1,0.390625,0.5238095238095238,0.375,0.11904761904761904,0.4375,0.21875
references/R014190.jpg,queries/Q79975.jpg,disc21,1,0.015625,0.23809523809523808,0.1388888888888889,0.09523809523809523,0.078125,0.140625
references/R004979.jpg,queries/Q80036.jpg,disc21,1,0.375,0.3333333333333333,0.2638888888888889,0.16666666666666666,0.203125,0.296875
references/R029979.jpg,queries/Q80102.jpg,disc21,1,0.421875,0.5238095238095238,0.3888888888888889,0.19047619047619047,0.40625,0.328125
references/R010885.jpg,queries/Q80272.jpg,disc21,1,0.46875,0.38095238095238093,0.4444444444444444,0.21428571428571427,0.34375,0.359375
references/R002224.jpg,queries/Q80394.jpg,disc21,1,0.21875,0.23809523809523808,0.2222222222222222,0.14285714285714285,0.390625,0.265625
references/R049501.jpg,queries/Q80409.jpg,disc21,1,0.453125,0.4444444444444444,0.3888888888888889,0.11904761904761904,0.265625,0.171875
references/R038422.jpg,queries/Q80643.jpg,disc21,1,0.34375,0.47619047619047616,0.4027777777777778,0.11904761904761904,0.4375,0.109375
references/R031824.jpg,queries/Q80665.jpg,disc21,1,0.4375,0.5555555555555556,0.4583333333333333,0.11904761904761904,0.21875,0.171875
references/R002216.jpg,queries/Q80670.jpg,disc21,1,0.25,0.42857142857142855,0.4305555555555556,0.07142857142857142,0.1875,1.0
references/R015503.jpg,queries/Q80919.jpg,disc21,1,0.265625,0.3968253968253968,0.2777777777777778,0.047619047619047616,0.390625,0.515625
references/R026620.jpg,queries/Q80924.jpg,disc21,1,0.421875,0.5555555555555556,0.4027777777777778,0.07142857142857142,0.359375,0.28125
references/R017053.jpg,queries/Q81033.jpg,disc21,1,0.21875,0.5873015873015873,0.3472222222222222,0.16666666666666666,0.15625,1.0
references/R040498.jpg,queries/Q81036.jpg,disc21,1,0.015625,0.07936507936507936,0.1388888888888889,0.16666666666666666,0.375,0.328125
references/R040052.jpg,queries/Q81155.jpg,disc21,1,0.5,0.36507936507936506,0.4444444444444444,0.19047619047619047,0.5625,0.4375
references/R028724.jpg,queries/Q81240.jpg,disc21,1,0.375,0.42857142857142855,0.4166666666666667,0.16666666666666666,0.296875,0.515625
references/R025615.jpg,queries/Q81335.jpg,disc21,1,0.09375,0.20634920634920634,0.06944444444444445,0.023809523809523808,0.109375,0.0625
references/R039561.jpg,queries/Q81804.jpg,disc21,1,0.234375,0.3492063492063492,0.3888888888888889,0.11904761904761904,0.140625,1.0
references/R002643.jpg,queries/Q82011.jpg,disc21,1,0.703125,0.5396825396825397,0.4444444444444444,0.16666666666666666,0.625,0.125
references/R001729.jpg,queries/Q82046.jpg,disc21,1,0.5625,0.4603174603174603,0.375,0.21428571428571427,0.703125,0.53125
references/R002724.jpg,queries/Q82327.jpg,disc21,1,0.203125,0.47619047619047616,0.3472222222222222,0.16666666666666666,0.375,0.296875
references/R030780.jpg,queries/Q82331.jpg,disc21,1,0.390625,0.5238095238095238,0.3055555555555556,0.0,0.328125,0.203125
references/R001402.jpg,queries/Q82407.jpg,disc21,1,0.375,0.49206349206349204,0.4861111111111111,0.14285714285714285,0.453125,0.109375
references/R047216.jpg,queries/Q82477.jpg,disc21,1,0.53125,0.5555555555555556,0.4861111111111111,0.14285714285714285,0.46875,0.15625
references/R045317.jpg,queries/Q82621.jpg,disc21,1,0.390625,0.4444444444444444,0.4444444444444444,0.16666666666666666,0.453125,0.234375
references/R016425.jpg,queries/Q82628.jpg,disc21,1,0.578125,0.4603174603174603,0.3472222222222222,0.16666666666666666,0.375,0.421875
references/R013335.jpg,queries/Q82714.jpg,disc21,1,0.34375,0.4126984126984127,0.3194444444444444,0.16666666666666666,0.171875,0.21875
references/R027936.jpg,queries/Q82972.jpg,disc21,1,0.0,0.015873015873015872,0.05555555555555555,0.047619047619047616,0.0625,0.015625
references/R002348.jpg,queries/Q83042.jpg,disc21,1,0.15625,0.4126984126984127,0.3611111111111111,0.14285714285714285,0.125,0.3125
references/R009193.jpg,queries/Q83097.jpg,disc21,1,0.5,0.42857142857142855,0.5694444444444444,0.16666666666666666,0.46875,0.4375
references/R002816.jpg,queries/Q83160.jpg,disc21,1,0.484375,0.4603174603174603,0.4861111111111111,0.23809523809523808,0.546875,0.453125
references/R011914.jpg,queries/Q83179.jpg,disc21,1,0.1875,0.23809523809523808,0.1111111111111111,0.047619047619047616,0.28125,0.046875
references/R036114.jpg,queries/Q83191.jpg,disc21,1,0.0,0.12698412698412698,0.125,0.07142857142857142,0.109375,1.0
references/R024362.jpg,queries/Q83325.jpg,disc21,1,0.25,0.36507936507936506,0.3194444444444444,0.0,0.28125,0.390625
references/R011011.jpg,queries/Q83414.jpg,disc21,1,0.421875,0.5714285714285714,0.4305555555555556,0.21428571428571427,0.359375,0.234375
references/R020412.jpg,queries/Q83468.jpg,disc21,1,0.515625,0.49206349206349204,0.3333333333333333,0.11904761904761904,0.34375,0.359375
references/R026541.jpg,queries/Q83520.jpg,disc21,1,0.296875,0.3333333333333333,0.3472222222222222,0.07142857142857142,0.296875,0.390625
references/R027383.jpg,queries/Q83542.jpg,disc21,1,0.390625,0.47619047619047616,0.4583333333333333,0.19047619047619047,0.390625,0.4375
references/R042844.jpg,queries/Q83845.jpg,disc21,1,0.3125,0.42857142857142855,0.4305555555555556,0.14285714285714285,0.328125,0.203125
references/R030186.jpg,queries/Q83885.jpg,disc21,1,0.453125,0.5555555555555556,0.2916666666666667,0.19047619047619047,0.359375,0.40625
references/R032825.jpg,queries/Q84006.jpg,disc21,1,0.265625,0.4444444444444444,0.4722222222222222,0.11904761904761904,0.5,0.5625
references/R016974.jpg,queries/Q84073.jpg,disc21,1,0.328125,0.42857142857142855,0.3194444444444444,0.19047619047619047,0.28125,0.5
references/R024395.jpg,queries/Q84130.jpg,disc21,1,0.015625,0.031746031746031744,0.09722222222222222,0.23809523809523808,0.15625,0.3125
references/R012302.jpg,queries/Q84142.jpg,disc21,1,0.03125,0.15873015873015872,0.25,0.16666666666666666,0.171875,0.46875
references/R011038.jpg,queries/Q84207.jpg,disc21,1,0.546875,0.3968253968253968,0.2777777777777778,0.07142857142857142,0.734375,0.34375
references/R038376.jpg,queries/Q84379.jpg,disc21,1,0.234375,0.42857142857142855,0.3888888888888889,0.11904761904761904,0.234375,0.25
references/R009968.jpg,queries/Q84551.jpg,disc21,1,0.625,0.47619047619047616,0.375,0.2619047619047619,0.5,0.296875
references/R014712.jpg,queries/Q84740.jpg,disc21,1,0.0,0.0,0.0,0.11904761904761904,0.015625,0.015625
references/R017517.jpg,queries/Q84744.jpg,disc21,1,0.125,0.4444444444444444,0.3194444444444444,0.16666666666666666,0.390625,1.0
references/R039340.jpg,queries/Q84750.jpg,disc21,1,0.203125,0.4444444444444444,0.3888888888888889,0.09523809523809523,0.265625,1.0
references/R024905.jpg,queries/Q84885.jpg,disc21,1,0.609375,0.5079365079365079,0.4722222222222222,0.14285714285714285,0.53125,1.0
references/R039982.jpg,queries/Q84998.jpg,disc21,1,0.4375,0.4603174603174603,0.3333333333333333,0.14285714285714285,0.453125,0.375
references/R001702.jpg,queries/Q85001.jpg,disc21,1,0.078125,0.14285714285714285,0.08333333333333333,0.09523809523809523,0.15625,0.1875
references/R010133.jpg,queries/Q85006.jpg,disc21,1,0.34375,0.07936507936507936,0.041666666666666664,0.21428571428571427,0.265625,0.546875
references/R023243.jpg,queries/Q85040.jpg,disc21,1,0.078125,0.42857142857142855,0.3611111111111111,0.16666666666666666,0.03125,0.1875
references/R015100.jpg,queries/Q85387.jpg,disc21,1,0.203125,0.47619047619047616,0.4722222222222222,0.16666666666666666,0.375,0.46875
references/R030188.jpg,queries/Q85438.jpg,disc21,1,0.265625,0.19047619047619047,0.18055555555555555,0.11904761904761904,0.265625,1.0
references/R006536.jpg,queries/Q85543.jpg,disc21,1,0.53125,0.6349206349206349,0.4444444444444444,0.19047619047619047,0.703125,0.203125
references/R013281.jpg,queries/Q85626.jpg,disc21,1,0.28125,0.36507936507936506,0.3888888888888889,0.19047619047619047,0.640625,0.3125
references/R005184.jpg,queries/Q85662.jpg,disc21,1,0.46875,0.4126984126984127,0.375,0.09523809523809523,0.578125,1.0
references/R030425.jpg,queries/Q85675.jpg,disc21,1,0.03125,0.3333333333333333,0.1388888888888889,0.07142857142857142,0.015625,0.140625
references/R036237.jpg,queries/Q85688.jpg,disc21,1,0.265625,0.5079365079365079,0.4027777777777778,0.09523809523809523,0.484375,0.265625
references/R009359.jpg,queries/Q85702.jpg,disc21,1,0.546875,0.4603174603174603,0.4722222222222222,0.11904761904761904,0.484375,0.34375
references/R027735.jpg,queries/Q85720.jpg,disc21,1,0.453125,0.5238095238095238,0.4305555555555556,0.16666666666666666,0.34375,0.234375
references/R043564.jpg,queries/Q86075.jpg,disc21,1,0.5625,0.5396825396825397,0.5138888888888888,0.14285714285714285,0.59375,0.5
references/R047522.jpg,queries/Q86192.jpg,disc21,1,0.1875,0.14285714285714285,0.16666666666666666,0.09523809523809523,0.21875,0.140625
references/R049482.jpg,queries/Q86200.jpg,disc21,1,0.359375,0.4126984126984127,0.2916666666666667,0.14285714285714285,0.328125,0.25
references/R047465.jpg,queries/Q86219.jpg,disc21,1,0.3125,0.1746031746031746,0.19444444444444445,0.14285714285714285,0.21875,0.03125
references/R033398.jpg,queries/Q86276.jpg,disc21,1,0.484375,0.4603174603174603,0.4444444444444444,0.11904761904761904,0.46875,0.5
references/R009494.jpg,queries/Q86296.jpg,disc21,1,0.0625,0.1111111111111111,0.19444444444444445,0.09523809523809523,0.140625,0.109375
references/R015195.jpg,queries/Q86304.jpg,disc21,1,0.453125,0.5396825396825397,0.5416666666666666,0.19047619047619047,0.4375,0.375
references/R035029.jpg,queries/Q86376.jpg,disc21,1,0.296875,0.4603174603174603,0.4444444444444444,0.023809523809523808,0.4375,0.078125
references/R034929.jpg,queries/Q86400.jpg,disc21,1,0.375,0.4126984126984127,0.3333333333333333,0.09523809523809523,0.4375,0.359375
references/R027348.jpg,queries/Q86448.jpg,disc21,1,0.296875,0.3333333333333333,0.19444444444444445,0.19047619047619047,0.21875,0.421875
references/R005480.jpg,queries/Q86794.jpg,disc21,1,0.078125,0.4126984126984127,0.2222222222222222,0.14285714285714285,0.15625,1.0
references/R015023.jpg,queries/Q86808.jpg,disc21,1,0.828125,0.6190476190476191,0.5277777777777778,0.14285714285714285,0.515625,0.5625
references/R012960.jpg,queries/Q86979.jpg,disc21,1,0.53125,0.5079365079365079,0.4166666666666667,0.16666666666666666,0.296875,0.546875
references/R029416.jpg,queries/Q87002.jpg,disc21,1,0.234375,0.3492063492063492,0.25,0.14285714285714285,0.40625,0.25
references/R037954.jpg,queries/Q87193.jpg,disc21,1,0.296875,0.5238095238095238,0.4166666666666667,0.09523809523809523,0.671875,0.1875
references/R028067.jpg,queries/Q87203.jpg,disc21,1,0.46875,0.38095238095238093,0.2916666666666667,0.14285714285714285,0.578125,0.3125
references/R010610.jpg,queries/Q87282.jpg,disc21,1,0.328125,0.5714285714285714,0.4583333333333333,0.16666666666666666,0.546875,0.234375
references/R021049.jpg,queries/Q87626.jpg,disc21,1,0.34375,0.5238095238095238,0.3472222222222222,0.14285714285714285,0.53125,0.34375
references/R006153.jpg,queries/Q87993.jpg,disc21,1,0.609375,0.47619047619047616,0.5138888888888888,0.21428571428571427,0.40625,0.15625
references/R014433.jpg,queries/Q88022.jpg,disc21,1,0.671875,0.5873015873015873,0.1111111111111111,0.14285714285714285,0.5,0.140625
references/R036538.jpg,queries/Q88084.jpg,disc21,1,0.265625,0.2857142857142857,0.19444444444444445,0.07142857142857142,0.09375,0.015625
references/R045622.jpg,queries/Q88099.jpg,disc21,1,0.34375,0.25396825396825395,0.2361111111111111,0.16666666666666666,0.28125,0.359375
references/R016842.jpg,queries/Q88150.jpg,disc21,1,0.421875,0.5079365079365079,0.4027777777777778,0.19047619047619047,0.34375,0.484375
references/R027327.jpg,queries/Q88179.jpg,disc21,1,0.46875,0.5555555555555556,0.4583333333333333,0.11904761904761904,0.515625,1.0
references/R017769.jpg,queries/Q88256.jpg,disc21,1,0.03125,0.07936507936507936,0.1388888888888889,0.14285714285714285,0.09375,1.0
references/R005146.jpg,queries/Q88291.jpg,disc21,1,0.109375,0.2857142857142857,0.2222222222222222,0.14285714285714285,0.390625,0.515625
references/R001166.jpg,queries/Q88317.jpg,disc21,1,0.359375,0.5873015873015873,0.5972222222222222,0.0,0.390625,0.234375
references/R025873.jpg,queries/Q88484.jpg,disc21,1,0.484375,0.4444444444444444,0.3611111111111111,0.16666666666666666,0.265625,0.46875
references/R044913.jpg,queries/Q88626.jpg,disc21,1,0.359375,0.31746031746031744,0.2777777777777778,0.14285714285714285,0.078125,0.28125
references/R037080.jpg,queries/Q88930.jpg,disc21,1,0.171875,0.2698412698412698,0.4166666666666667,0.21428571428571427,0.1875,0.4375
references/R014769.jpg,queries/Q89149.jpg,disc21,1,0.3125,0.5555555555555556,0.4722222222222222,0.14285714285714285,0.5,0.359375
references/R038410.jpg,queries/Q89201.jpg,disc21,1,0.046875,0.06349206349206349,0.09722222222222222,0.09523809523809523,0.109375,0.140625
references/R023868.jpg,queries/Q89254.jpg,disc21,1,0.546875,0.47619047619047616,0.3333333333333333,0.09523809523809523,0.359375,0.359375
references/R010308.jpg,queries/Q89337.jpg,disc21,1,0.234375,0.49206349206349204,0.4305555555555556,0.19047619047619047,0.125,0.171875
references/R049395.jpg,queries/Q89419.jpg,disc21,1,0.59375,0.5079365079365079,0.4166666666666667,0.11904761904761904,0.625,0.578125
references/R027292.jpg,queries/Q89422.jpg,disc21,1,0.34375,0.49206349206349204,0.375,0.047619047619047616,0.4375,0.078125
references/R028563.jpg,queries/Q89432.jpg,disc21,1,0.53125,0.3333333333333333,0.4722222222222222,0.14285714285714285,0.578125,0.40625
references/R005760.jpg,queries/Q89494.jpg,disc21,1,0.25,0.14285714285714285,0.20833333333333334,0.047619047619047616,0.125,1.0
references/R005179.jpg,queries/Q89689.jpg,disc21,1,0.1875,0.38095238095238093,0.3611111111111111,0.16666666666666666,0.375,0.296875
references/R014843.jpg,queries/Q89690.jpg,disc21,1,0.515625,0.4603174603174603,0.4305555555555556,0.19047619047619047,0.515625,0.1875
references/R018082.jpg,queries/Q89769.jpg,disc21,1,0.578125,0.5714285714285714,0.6111111111111112,0.16666666666666666,0.375,0.25
references/R018428.jpg,queries/Q89934.jpg,disc21,1,0.296875,0.31746031746031744,0.19444444444444445,0.2619047619047619,0.3125,0.1875
references/R010999.jpg,queries/Q89945.jpg,disc21,1,0.296875,0.5238095238095238,0.5138888888888888,0.11904761904761904,0.421875,0.1875
references/R002824.jpg,queries/Q90145.jpg,disc21,1,0.125,0.31746031746031744,0.2222222222222222,0.30952380952380953,0.25,0.375
references/R037163.jpg,queries/Q90402.jpg,disc21,1,0.328125,0.30158730158730157,0.3055555555555556,0.14285714285714285,0.171875,0.390625
references/R047261.jpg,queries/Q90458.jpg,disc21,1,0.5625,0.47619047619047616,0.5555555555555556,0.07142857142857142,0.515625,0.1875
references/R035173.jpg,queries/Q90472.jpg,disc21,1,0.65625,0.5238095238095238,0.4305555555555556,0.19047619047619047,0.515625,0.390625
references/R003715.jpg,queries/Q90555.jpg,disc21,1,0.203125,0.25396825396825395,0.4027777777777778,0.23809523809523808,0.28125,0.40625
references/R007410.jpg,queries/Q90620.jpg,disc21,1,0.234375,0.36507936507936506,0.3333333333333333,0.09523809523809523,0.375,0.109375
references/R040729.jpg,queries/Q90899.jpg,disc21,1,0.265625,0.4126984126984127,0.3333333333333333,0.14285714285714285,0.3125,0.453125
references/R032809.jpg,queries/Q90954.jpg,disc21,1,0.25,0.38095238095238093,0.4722222222222222,0.07142857142857142,0.296875,0.46875
references/R030136.jpg,queries/Q90955.jpg,disc21,1,0.34375,0.5238095238095238,0.3333333333333333,0.14285714285714285,0.546875,0.34375
references/R047527.jpg,queries/Q90957.jpg,disc21,1,0.0,0.0,0.027777777777777776,0.09523809523809523,0.046875,1.0
references/R007056.jpg,queries/Q91045.jpg,disc21,1,0.390625,0.4126984126984127,0.3333333333333333,0.14285714285714285,0.328125,0.203125
references/R039407.jpg,queries/Q91093.jpg,disc21,1,0.046875,0.06349206349206349,0.013888888888888888,0.14285714285714285,0.125,0.140625
references/R003036.jpg,queries/Q91104.jpg,disc21,1,0.296875,0.3333333333333333,0.3472222222222222,0.16666666666666666,0.515625,0.28125
references/R014784.jpg,queries/Q91362.jpg,disc21,1,0.390625,0.4126984126984127,0.4583333333333333,0.21428571428571427,0.359375,0.46875
references/R010400.jpg,queries/Q91364.jpg,disc21,1,0.1875,0.3492063492063492,0.3472222222222222,0.19047619047619047,0.484375,0.390625
references/R049386.jpg,queries/Q91459.jpg,disc21,1,0.140625,0.4603174603174603,0.4722222222222222,0.19047619047619047,0.640625,0.234375
references/R008397.jpg,queries/Q91686.jpg,disc21,1,0.296875,0.2698412698412698,0.3194444444444444,0.16666666666666666,0.359375,0.296875
references/R012711.jpg,queries/Q91750.jpg,disc21,1,0.453125,0.47619047619047616,0.5555555555555556,0.14285714285714285,0.4375,0.140625
references/R042294.jpg,queries/Q91850.jpg,disc21,1,0.0,0.015873015873015872,0.0,0.0,0.0,0.03125
references/R045380.jpg,queries/Q92018.jpg,disc21,1,0.40625,0.36507936507936506,0.2361111111111111,0.16666666666666666,0.53125,0.359375
references/R013106.jpg,queries/Q92055.jpg,disc21,1,0.0,0.047619047619047616,0.06944444444444445,0.09523809523809523,0.0,1.0
references/R018298.jpg,queries/Q92150.jpg,disc21,1,0.203125,0.5714285714285714,0.5277777777777778,0.11904761904761904,0.15625,0.390625
references/R034610.jpg,queries/Q92331.jpg,disc21,1,0.296875,0.25396825396825395,0.2361111111111111,0.07142857142857142,0.171875,0.59375
references/R032851.jpg,queries/Q92346.jpg,disc21,1,0.125,0.23809523809523808,0.18055555555555555,0.19047619047619047,0.1875,0.34375
references/R032055.jpg,queries/Q92477.jpg,disc21,1,0.0625,0.2222222222222222,0.18055555555555555,0.23809523809523808,0.515625,0.40625
references/R026940.jpg,queries/Q92742.jpg,disc21,1,0.546875,0.5238095238095238,0.4444444444444444,0.11904761904761904,0.4375,0.28125
references/R000977.jpg,queries/Q92880.jpg,disc21,1,0.0,0.0,0.0,0.0,0.0,0.0
references/R029910.jpg,queries/Q92925.jpg,disc21,1,0.265625,0.4126984126984127,0.3333333333333333,0.19047619047619047,0.28125,0.46875
references/R045009.jpg,queries/Q92987.jpg,disc21,1,0.3125,0.5238095238095238,0.4444444444444444,0.14285714285714285,0.296875,1.0
references/R024491.jpg,queries/Q93201.jpg,disc21,1,0.09375,0.1111111111111111,0.013888888888888888,0.09523809523809523,0.09375,0.234375
references/R022720.jpg,queries/Q93301.jpg,disc21,1,0.234375,0.36507936507936506,0.3055555555555556,0.16666666666666666,0.109375,1.0
references/R010946.jpg,queries/Q93336.jpg,disc21,1,0.390625,0.5238095238095238,0.3888888888888889,0.07142857142857142,0.546875,0.234375
references/R021306.jpg,queries/Q93399.jpg,disc21,1,0.515625,0.6190476190476191,0.3888888888888889,0.047619047619047616,0.1875,0.359375
references/R026978.jpg,queries/Q93408.jpg,disc21,1,0.046875,0.1111111111111111,0.05555555555555555,0.14285714285714285,0.1875,0.1875
references/R047068.jpg,queries/Q93551.jpg,disc21,1,0.390625,0.31746031746031744,0.3472222222222222,0.11904761904761904,0.359375,0.515625
references/R016448.jpg,queries/Q93882.jpg,disc21,1,0.515625,0.49206349206349204,0.5277777777777778,0.047619047619047616,0.453125,0.296875
references/R009657.jpg,queries/Q94058.jpg,disc21,1,0.609375,0.5555555555555556,0.4444444444444444,0.19047619047619047,0.40625,0.359375
references/R001503.jpg,queries/Q94098.jpg,disc21,1,0.03125,0.031746031746031744,0.041666666666666664,0.14285714285714285,0.203125,0.25
references/R044697.jpg,queries/Q94239.jpg,disc21,1,0.25,0.31746031746031744,0.3611111111111111,0.023809523809523808,0.1875,0.28125
references/R000932.jpg,queries/Q94263.jpg,disc21,1,0.265625,0.36507936507936506,0.3194444444444444,0.09523809523809523,0.171875,0.359375
references/R016666.jpg,queries/Q94353.jpg,disc21,1,0.03125,0.1111111111111111,0.027777777777777776,0.21428571428571427,0.09375,0.09375
references/R007269.jpg,queries/Q94517.jpg,disc21,1,0.3125,0.3333333333333333,0.3055555555555556,0.21428571428571427,0.390625,0.390625
references/R012771.jpg,queries/Q94565.jpg,disc21,1,0.625,0.5238095238095238,0.5138888888888888,0.16666666666666666,0.71875,0.484375
references/R017219.jpg,queries/Q94627.jpg,disc21,1,0.234375,0.25396825396825395,0.18055555555555555,0.14285714285714285,0.25,0.25
references/R036442.jpg,queries/Q94732.jpg,disc21,1,0.296875,0.4603174603174603,0.4722222222222222,0.07142857142857142,0.40625,0.171875
references/R035160.jpg,queries/Q94916.jpg,disc21,1,0.46875,0.49206349206349204,0.3611111111111111,0.11904761904761904,0.484375,0.1875
references/R013525.jpg,queries/Q95006.jpg,disc21,1,0.09375,0.4603174603174603,0.3888888888888889,0.07142857142857142,0.09375,0.046875
references/R030566.jpg,queries/Q95117.jpg,disc21,1,0.359375,0.2698412698412698,0.2638888888888889,0.19047619047619047,0.109375,0.28125
references/R016271.jpg,queries/Q95274.jpg,disc21,1,0.09375,0.25396825396825395,0.06944444444444445,0.0,0.0625,0.015625
references/R039884.jpg,queries/Q95290.jpg,disc21,1,0.34375,0.4603174603174603,0.18055555555555555,0.23809523809523808,0.171875,0.171875
references/R015732.jpg,queries/Q95601.jpg,disc21,1,0.015625,0.06349206349206349,0.06944444444444445,0.14285714285714285,0.0625,0.296875
references/R013307.jpg,queries/Q95607.jpg,disc21,1,0.515625,0.49206349206349204,0.5138888888888888,0.23809523809523808,0.34375,0.515625
references/R014309.jpg,queries/Q95639.jpg,disc21,1,0.390625,0.47619047619047616,0.3888888888888889,0.21428571428571427,0.203125,0.59375
references/R021760.jpg,queries/Q95765.jpg,disc21,1,0.390625,0.2857142857142857,0.25,0.07142857142857142,0.078125,0.140625
references/R039225.jpg,queries/Q95768.jpg,disc21,1,0.109375,0.36507936507936506,0.2361111111111111,0.16666666666666666,0.203125,0.15625
references/R006172.jpg,queries/Q95798.jpg,disc21,1,0.359375,0.5714285714285714,0.4027777777777778,0.09523809523809523,0.4375,0.078125
references/R013196.jpg,queries/Q95881.jpg,disc21,1,0.25,0.4603174603174603,0.4027777777777778,0.16666666666666666,0.40625,0.234375
references/R027436.jpg,queries/Q95903.jpg,disc21,1,0.46875,0.49206349206349204,0.5138888888888888,0.2619047619047619,0.390625,0.28125
references/R025075.jpg,queries/Q96220.jpg,disc21,1,0.25,0.2222222222222222,0.16666666666666666,0.14285714285714285,0.078125,0.171875
references/R028806.jpg,queries/Q96342.jpg,disc21,1,0.359375,0.5079365079365079,0.3611111111111111,0.14285714285714285,0.46875,0.171875
references/R032592.jpg,queries/Q96392.jpg,disc21,1,0.03125,0.09523809523809523,0.19444444444444445,0.14285714285714285,0.046875,0.140625
references/R017157.jpg,queries/Q96407.jpg,disc21,1,0.234375,0.36507936507936506,0.25,0.09523809523809523,0.28125,0.296875
references/R048695.jpg,queries/Q96439.jpg,disc21,1,0.171875,0.47619047619047616,0.4583333333333333,0.14285714285714285,0.328125,0.3125
references/R045988.jpg,queries/Q96535.jpg,disc21,1,0.25,0.49206349206349204,0.4444444444444444,0.14285714285714285,0.5625,0.4375
references/R021705.jpg,queries/Q96598.jpg,disc21,1,0.328125,0.49206349206349204,0.4861111111111111,0.09523809523809523,0.5625,0.09375
references/R049722.jpg,queries/Q96866.jpg,disc21,1,0.390625,0.47619047619047616,0.5555555555555556,0.11904761904761904,0.65625,1.0
references/R023510.jpg,queries/Q96891.jpg,disc21,1,0.609375,0.5079365079365079,0.4861111111111111,0.16666666666666666,0.53125,0.46875
references/R013834.jpg,queries/Q96950.jpg,disc21,1,0.078125,0.1746031746031746,0.08333333333333333,0.23809523809523808,0.109375,0.328125
references/R027441.jpg,queries/Q97107.jpg,disc21,1,0.140625,0.3492063492063492,0.3333333333333333,0.07142857142857142,0.703125,0.1875
references/R000736.jpg,queries/Q97395.jpg,disc21,1,0.609375,0.5238095238095238,0.4444444444444444,0.11904761904761904,0.484375,0.5625
references/R014378.jpg,queries/Q97440.jpg,disc21,1,0.5,0.49206349206349204,0.4583333333333333,0.16666666666666666,0.484375,0.171875
references/R014106.jpg,queries/Q97804.jpg,disc21,1,0.390625,0.31746031746031744,0.3055555555555556,0.21428571428571427,0.4375,0.140625
references/R017684.jpg,queries/Q97882.jpg,disc21,1,0.140625,0.19047619047619047,0.2361111111111111,0.21428571428571427,0.25,0.359375
references/R048805.jpg,queries/Q97997.jpg,disc21,1,0.03125,0.12698412698412698,0.041666666666666664,0.19047619047619047,0.046875,0.171875
references/R046171.jpg,queries/Q98047.jpg,disc21,1,0.171875,0.4603174603174603,0.375,0.19047619047619047,0.515625,0.5
references/R045322.jpg,queries/Q98126.jpg,disc21,1,0.125,0.1746031746031746,0.1388888888888889,0.11904761904761904,0.453125,0.125
references/R031739.jpg,queries/Q98498.jpg,disc21,1,0.515625,0.5238095238095238,0.4722222222222222,0.16666666666666666,0.5625,0.203125
references/R001561.jpg,queries/Q98513.jpg,disc21,1,0.265625,0.36507936507936506,0.3472222222222222,0.21428571428571427,0.15625,0.40625
references/R008875.jpg,queries/Q98663.jpg,disc21,1,0.453125,0.4603174603174603,0.5277777777777778,0.19047619047619047,0.609375,0.34375
references/R031599.jpg,queries/Q98796.jpg,disc21,1,0.0625,0.15873015873015872,0.05555555555555555,0.21428571428571427,0.125,0.28125
references/R046821.jpg,queries/Q98829.jpg,disc21,1,0.34375,0.4603174603174603,0.3888888888888889,0.16666666666666666,0.375,0.265625
references/R031795.jpg,queries/Q98835.jpg,disc21,1,0.125,0.2222222222222222,0.2777777777777778,0.09523809523809523,0.15625,0.34375
references/R032133.jpg,queries/Q98934.jpg,disc21,1,0.03125,0.07936507936507936,0.041666666666666664,0.2619047619047619,0.21875,0.296875
references/R011919.jpg,queries/Q98989.jpg,disc21,1,0.046875,0.06349206349206349,0.06944444444444445,0.21428571428571427,0.046875,0.578125
references/R043209.jpg,queries/Q99185.jpg,disc21,1,0.296875,0.3333333333333333,0.20833333333333334,0.11904761904761904,0.578125,1.0
references/R019363.jpg,queries/Q99215.jpg,disc21,1,0.015625,0.0,0.013888888888888888,0.14285714285714285,0.0,1.0
references/R020619.jpg,queries/Q99234.jpg,disc21,1,0.046875,0.015873015873015872,0.05555555555555555,0.21428571428571427,0.09375,0.3125
references/R007870.jpg,queries/Q99309.jpg,disc21,1,0.265625,0.6190476190476191,0.375,0.047619047619047616,0.375,0.234375
references/R001559.jpg,queries/Q99313.jpg,disc21,1,0.140625,0.3492063492063492,0.19444444444444445,0.14285714285714285,0.140625,0.40625
references/R015591.jpg,queries/Q99375.jpg,disc21,1,0.40625,0.5396825396825397,0.3055555555555556,0.14285714285714285,0.421875,0.171875
references/R031020.jpg,queries/Q99396.jpg,disc21,1,0.046875,0.06349206349206349,0.027777777777777776,0.11904761904761904,0.125,0.09375
references/R007047.jpg,queries/Q99507.jpg,disc21,1,0.328125,0.2222222222222222,0.3194444444444444,0.11904761904761904,0.203125,0.25
references/R030731.jpg,queries/Q99525.jpg,disc21,1,0.1875,0.2222222222222222,0.2361111111111111,0.21428571428571427,0.25,0.1875
references/R043554.jpg,queries/Q99538.jpg,disc21,1,0.046875,0.31746031746031744,0.4305555555555556,0.09523809523809523,0.015625,0.21875
references/R034725.jpg,queries/Q99763.jpg,disc21,1,0.578125,0.5555555555555556,0.4722222222222222,0.11904761904761904,0.625,0.3125
references/R044043.jpg,queries/Q99915.jpg,disc21,1,0.390625,0.47619047619047616,0.3472222222222222,0.14285714285714285,0.390625,0.078125
references/R017071.jpg,queries/Q99999.jpg,disc21,1,0.265625,0.4126984126984127,0.3333333333333333,0.19047619047619047,0.171875,0.453125
references/R038409.jpg,queries/Q67030.jpg,disc21_neg,0,0.765625,0.47619047619047616,0.5277777777777778,0.14285714285714285,0.59375,0.359375
references/R038409.jpg,queries/Q84885.jpg,disc21_neg,0,0.34375,0.5079365079365079,0.4444444444444444,0.14285714285714285,0.453125,0.265625
references/R038409.jpg,queries/Q36892.jpg,disc21_neg,0,0.640625,0.6666666666666666,0.4444444444444444,0.14285714285714285,0.65625,0.171875
references/R038409.jpg,queries/Q26526.jpg,disc21_neg,0,0.59375,0.42857142857142855,0.4861111111111111,0.07142857142857142,0.5,1.0
references/R038409.jpg,queries/Q40830.jpg,disc21_neg,0,0.671875,0.4603174603174603,0.5416666666666666,0.09523809523809523,0.640625,0.34375
references/R038409.jpg,queries/Q36557.jpg,disc21_neg,0,0.328125,0.6031746031746031,0.4027777777777778,0.16666666666666666,0.53125,0.4375
references/R038409.jpg,queries/Q01150.jpg,disc21_neg,0,0.53125,0.5238095238095238,0.5,0.11904761904761904,0.515625,0.171875
references/R038409.jpg,queries/Q30051.jpg,disc21_neg,0,0.515625,0.5555555555555556,0.4722222222222222,0.16666666666666666,0.53125,0.25
references/R038409.jpg,queries/Q89254.jpg,disc21_neg,0,0.296875,0.5079365079365079,0.4305555555555556,0.14285714285714285,0.546875,0.21875
references/R038409.jpg,queries/Q30024.jpg,disc21_neg,0,0.71875,0.5238095238095238,0.5,0.14285714285714285,0.703125,0.15625
references/R038409.jpg,queries/Q39796.jpg,disc21_neg,0,0.734375,0.6190476190476191,0.4305555555555556,0.09523809523809523,0.609375,0.3125
references/R038409.jpg,queries/Q88484.jpg,disc21_neg,0,0.6875,0.49206349206349204,0.4722222222222222,0.21428571428571427,0.703125,0.28125
references/R038409.jpg,queries/Q23329.jpg,disc21_neg,0,0.890625,0.5079365079365079,0.6111111111111112,0.16666666666666666,0.671875,0.484375
references/R038409.jpg,queries/Q67398.jpg,disc21_neg,0,0.546875,0.4603174603174603,0.3194444444444444,0.14285714285714285,0.53125,0.15625
references/R038409.jpg,queries/Q66242.jpg,disc21_neg,0,0.53125,0.49206349206349204,0.5833333333333334,0.09523809523809523,0.484375,0.046875
references/R038409.jpg,queries/Q07380.jpg,disc21_neg,0,0.671875,0.42857142857142855,0.4027777777777778,0.07142857142857142,0.5625,1.0
references/R038409.jpg,queries/Q18595.jpg,disc21_neg,0,0.734375,0.5714285714285714,0.5,0.16666666666666666,0.6875,0.25
references/R038409.jpg,queries/Q82011.jpg,disc21_neg,0,0.5625,0.5238095238095238,0.5277777777777778,0.19047619047619047,0.59375,0.25
references/R038409.jpg,queries/Q49347.jpg,disc21_neg,0,0.59375,0.4444444444444444,0.5833333333333334,0.16666666666666666,0.515625,0.234375
references/R038409.jpg,queries/Q11515.jpg,disc21_neg,0,0.828125,0.47619047619047616,0.5138888888888888,0.14285714285714285,0.71875,0.40625
references/R038409.jpg,queries/Q10915.jpg,disc21_neg,0,0.265625,0.47619047619047616,0.5138888888888888,0.11904761904761904,0.328125,0.1875
references/R038409.jpg,queries/Q57592.jpg,disc21_neg,0,0.5625,0.5396825396825397,0.5694444444444444,0.21428571428571427,0.578125,0.390625
references/R038409.jpg,queries/Q42027.jpg,disc21_neg,0,0.59375,0.5555555555555556,0.4305555555555556,0.23809523809523808,0.5625,0.25
references/R038409.jpg,queries/Q92150.jpg,disc21_neg,0,0.140625,0.4603174603174603,0.4027777777777778,0.09523809523809523,0.28125,0.328125
references/R038409.jpg,queries/Q50469.jpg,disc21_neg,0,0.59375,0.6349206349206349,0.4722222222222222,0.11904761904761904,0.5,1.0
references/R038409.jpg,queries/Q11117.jpg,disc21_neg,0,0.515625,0.47619047619047616,0.3888888888888889,0.07142857142857142,0.515625,0.46875
references/R038409.jpg,queries/Q50699.jpg,disc21_neg,0,0.59375,0.4126984126984127,0.4305555555555556,0.14285714285714285,0.375,0.15625
references/R038409.jpg,queries/Q84744.jpg,disc21_neg,0,0.375,0.5714285714285714,0.4305555555555556,0.11904761904761904,0.515625,1.0
references/R038409.jpg,queries/Q07437.jpg,disc21_neg,0,0.578125,0.47619047619047616,0.4305555555555556,0.11904761904761904,0.734375,0.1875
references/R038409.jpg,queries/Q77905.jpg,disc21_neg,0,0.59375,0.4444444444444444,0.4583333333333333,0.0,0.734375,0.140625
references/R038409.jpg,queries/Q41089.jpg,disc21_neg,0,0.703125,0.47619047619047616,0.4722222222222222,0.16666666666666666,0.6875,0.21875
references/R038409.jpg,queries/Q21828.jpg,disc21_neg,0,0.21875,0.42857142857142855,0.4166666666666667,0.14285714285714285,0.265625,0.1875
references/R038409.jpg,queries/Q27806.jpg,disc21_neg,0,0.640625,0.5555555555555556,0.3888888888888889,0.047619047619047616,0.625,0.203125
references/R038409.jpg,queries/Q55791.jpg,disc21_neg,0,0.671875,0.5396825396825397,0.5833333333333334,0.14285714285714285,0.640625,0.3125
references/R038409.jpg,queries/Q00911.jpg,disc21_neg,0,0.609375,0.49206349206349204,0.5555555555555556,0.11904761904761904,0.578125,0.21875
references/R038409.jpg,queries/Q02672.jpg,disc21_neg,0,0.703125,0.5079365079365079,0.375,0.19047619047619047,0.625,0.234375
references/R038409.jpg,queries/Q96220.jpg,disc21_neg,0,0.53125,0.5079365079365079,0.4722222222222222,0.07142857142857142,0.390625,0.234375
references/R038409.jpg,queries/Q46154.jpg,disc21_neg,0,0.578125,0.5714285714285714,0.5277777777777778,0.19047619047619047,0.390625,0.15625
references/R038409.jpg,queries/Q17716.jpg,disc21_neg,0,0.796875,0.5396825396825397,0.5,0.047619047619047616,0.625,0.390625
references/R038409.jpg,queries/Q52629.jpg,disc21_neg,0,0.40625,0.42857142857142855,0.4583333333333333,0.14285714285714285,0.53125,0.40625
references/R038409.jpg,queries/Q84750.jpg,disc21_neg,0,0.609375,0.4444444444444444,0.3611111111111111,0.07142857142857142,0.484375,1.0
references/R038409.jpg,queries/Q95006.jpg,disc21_neg,0,0.84375,0.47619047619047616,0.5,0.14285714285714285,0.78125,0.171875
references/R038409.jpg,queries/Q00846.jpg,disc21_neg,0,0.46875,0.5079365079365079,0.4583333333333333,0.09523809523809523,0.484375,0.234375
references/R038409.jpg,queries/Q00061.jpg,disc21_neg,0,0.5625,0.5079365079365079,0.4583333333333333,0.11904761904761904,0.640625,1.0
references/R038409.jpg,queries/Q64224.jpg,disc21_neg,0,0.53125,0.4603174603174603,0.5,0.09523809523809523,0.453125,0.171875
references/R038409.jpg,queries/Q26182.jpg,disc21_neg,0,0.515625,0.5396825396825397,0.4027777777777778,0.11904761904761904,0.609375,0.328125
references/R038409.jpg,queries/Q25280.jpg,disc21_neg,0,0.421875,0.5238095238095238,0.4305555555555556,0.11904761904761904,0.53125,0.1875
references/R038409.jpg,queries/Q27561.jpg,disc21_neg,0,0.671875,0.4603174603174603,0.4305555555555556,0.07142857142857142,0.640625,0.28125
references/R038409.jpg,queries/Q94627.jpg,disc21_neg,0,0.65625,0.4126984126984127,0.3888888888888889,0.14285714285714285,0.578125,0.25
references/R038409.jpg,queries/Q34312.jpg,disc21_neg,0,0.203125,0.5079365079365079,0.4305555555555556,0.0,0.5,0.203125
references/R038409.jpg,queries/Q60056.jpg,disc21_neg,0,0.46875,0.5396825396825397,0.4444444444444444,0.19047619047619047,0.484375,0.140625
references/R038409.jpg,queries/Q73010.jpg,disc21_neg,0,0.609375,0.47619047619047616,0.4722222222222222,0.23809523809523808,0.4375,0.34375
references/R038409.jpg,queries/Q53816.jpg,disc21_neg,0,0.5625,0.38095238095238093,0.4305555555555556,0.19047619047619047,0.578125,0.25
references/R038409.jpg,queries/Q74979.jpg,disc21_neg,0,0.703125,0.6190476190476191,0.4861111111111111,0.11904761904761904,0.75,0.21875
references/R038409.jpg,queries/Q25250.jpg,disc21_neg,0,0.703125,0.5714285714285714,0.5555555555555556,0.11904761904761904,0.65625,0.375
references/R038409.jpg,queries/Q84379.jpg,disc21_neg,0,0.625,0.47619047619047616,0.5138888888888888,0.11904761904761904,0.453125,0.140625
references/R038409.jpg,queries/Q24252.jpg,disc21_neg,0,0.53125,0.49206349206349204,0.4861111111111111,0.21428571428571427,0.53125,0.375
references/R038409.jpg,queries/Q79901.jpg,disc21_neg,0,0.90625,0.6031746031746031,0.5416666666666666,0.11904761904761904,0.734375,0.359375
references/R038409.jpg,queries/Q59863.jpg,disc21_neg,0,0.703125,0.5555555555555556,0.4027777777777778,0.14285714285714285,0.609375,0.5
references/R038409.jpg,queries/Q67997.jpg,disc21_neg,0,0.796875,0.4444444444444444,0.4166666666666667,0.09523809523809523,0.578125,0.1875
references/R038409.jpg,queries/Q16593.jpg,disc21_neg,0,0.375,0.49206349206349204,0.5416666666666666,0.19047619047619047,0.34375,0.15625
references/R038409.jpg,queries/Q93336.jpg,disc21_neg,0,0.609375,0.5873015873015873,0.4166666666666667,0.14285714285714285,0.40625,0.15625
references/R038409.jpg,queries/Q38946.jpg,disc21_neg,0,0.625,0.42857142857142855,0.4722222222222222,0.07142857142857142,0.546875,1.0
references/R038409.jpg,queries/Q53627.jpg,disc21_neg,0,0.65625,0.42857142857142855,0.5416666666666666,0.14285714285714285,0.453125,0.21875
references/R038409.jpg,queries/Q08571.jpg,disc21_neg,0,0.671875,0.5079365079365079,0.4027777777777778,0.19047619047619047,0.484375,0.15625
references/R038409.jpg,queries/Q06257.jpg,disc21_neg,0,0.875,0.49206349206349204,0.4027777777777778,0.16666666666666666,0.609375,0.296875
references/R038409.jpg,queries/Q77450.jpg,disc21_neg,0,0.40625,0.5873015873015873,0.4861111111111111,0.2619047619047619,0.515625,0.21875
references/R038409.jpg,queries/Q13238.jpg,disc21_neg,0,0.609375,0.5238095238095238,0.5277777777777778,0.07142857142857142,0.46875,1.0
references/R038409.jpg,queries/Q57364.jpg,disc21_neg,0,0.796875,0.4444444444444444,0.4166666666666667,0.19047619047619047,0.71875,0.390625
references/R038409.jpg,queries/Q08299.jpg,disc21_neg,0,0.328125,0.5396825396825397,0.3611111111111111,0.0,0.453125,0.140625
references/R038409.jpg,queries/Q74137.jpg,disc21_neg,0,0.734375,0.42857142857142855,0.3472222222222222,0.09523809523809523,0.53125,0.140625
references/R038409.jpg,queries/Q98047.jpg,disc21_neg,0,0.765625,0.42857142857142855,0.4305555555555556,0.16666666666666666,0.5,0.25
references/R038409.jpg,queries/Q08488.jpg,disc21_neg,0,0.390625,0.4603174603174603,0.3333333333333333,0.16666666666666666,0.421875,0.296875
references/R038409.jpg,queries/Q66746.jpg,disc21_neg,0,0.34375,0.3492063492063492,0.4722222222222222,0.19047619047619047,0.28125,0.296875
references/R038409.jpg,queries/Q33725.jpg,disc21_neg,0,0.71875,0.5238095238095238,0.4166666666666667,0.19047619047619047,0.53125,0.234375
references/R038409.jpg,queries/Q20541.jpg,disc21_neg,0,0.640625,0.4603174603174603,0.4722222222222222,0.023809523809523808,0.40625,0.171875
references/R038409.jpg,queries/Q37220.jpg,disc21_neg,0,0.515625,0.5238095238095238,0.5277777777777778,0.09523809523809523,0.40625,0.21875
references/R038409.jpg,queries/Q25247.jpg,disc21_neg,0,0.875,0.5714285714285714,0.5277777777777778,0.19047619047619047,0.546875,0.203125
references/R038409.jpg,queries/Q67490.jpg,disc21_neg,0,0.609375,0.4444444444444444,0.4583333333333333,0.21428571428571427,0.5625,0.109375
references/R038409.jpg,queries/Q94565.jpg,disc21_neg,0,0.3125,0.5396825396825397,0.4166666666666667,0.14285714285714285,0.4375,0.203125
references/R038409.jpg,queries/Q01663.jpg,disc21_neg,0,0.828125,0.5396825396825397,0.5694444444444444,0.07142857142857142,0.75,0.265625
references/R038409.jpg,queries/Q51760.jpg,disc21_neg,0,0.5,0.5079365079365079,0.5416666666666666,0.11904761904761904,0.5625,0.15625
references/R038409.jpg,queries/Q21413.jpg,disc21_neg,0,0.875,0.5238095238095238,0.5416666666666666,0.11904761904761904,0.765625,0.203125
references/R038409.jpg,queries/Q33767.jpg,disc21_neg,0,0.375,0.5079365079365079,0.3472222222222222,0.11904761904761904,0.390625,1.0
references/R038409.jpg,queries/Q18015.jpg,disc21_neg,0,0.46875,0.5555555555555556,0.4305555555555556,0.21428571428571427,0.546875,0.140625
references/R038409.jpg,queries/Q72844.jpg,disc21_neg,0,0.546875,0.5079365079365079,0.4722222222222222,0.19047619047619047,0.484375,0.28125
references/R038409.jpg,queries/Q71838.jpg,disc21_neg,0,0.359375,0.5079365079365079,0.3472222222222222,0.19047619047619047,0.328125,0.59375
references/R038409.jpg,queries/Q98498.jpg,disc21_neg,0,0.671875,0.5873015873015873,0.5,0.07142857142857142,0.65625,0.171875
references/R038409.jpg,queries/Q92987.jpg,disc21_neg,0,0.53125,0.5714285714285714,0.5,0.21428571428571427,0.65625,0.1875
references/R038409.jpg,queries/Q17281.jpg,disc21_neg,0,0.515625,0.4126984126984127,0.5416666666666666,0.023809523809523808,0.390625,0.15625
references/R038409.jpg,queries/Q62940.jpg,disc21_neg,0,0.578125,0.49206349206349204,0.4861111111111111,0.23809523809523808,0.703125,0.15625
references/R038409.jpg,queries/Q51427.jpg,disc21_neg,0,0.421875,0.3492063492063492,0.4583333333333333,0.09523809523809523,0.546875,0.234375
references/R038409.jpg,queries/Q32134.jpg,disc21_neg,0,0.53125,0.5714285714285714,0.375,0.11904761904761904,0.53125,0.109375
references/R038409.jpg,queries/Q86448.jpg,disc21_neg,0,0.421875,0.4444444444444444,0.4027777777777778,0.23809523809523808,0.484375,0.40625
references/R038409.jpg,queries/Q00906.jpg,disc21_neg,0,0.640625,0.4603174603174603,0.5277777777777778,0.21428571428571427,0.578125,0.234375
references/R038409.jpg,queries/Q14352.jpg,disc21_neg,0,0.625,0.49206349206349204,0.4305555555555556,0.11904761904761904,0.671875,0.265625
references/R038409.jpg,queries/Q01549.jpg,disc21_neg,0,0.5625,0.5714285714285714,0.3472222222222222,0.14285714285714285,0.34375,0.28125
references/R038409.jpg,queries/Q27556.jpg,disc21_neg,0,0.703125,0.5396825396825397,0.5138888888888888,0.09523809523809523,0.640625,0.171875
references/R038409.jpg,queries/Q70277.jpg,disc21_neg,0,0.40625,0.47619047619047616,0.3472222222222222,0.047619047619047616,0.453125,0.3125
references/R038409.jpg,queries/Q63524.jpg,disc21_neg,0,0.515625,0.49206349206349204,0.4444444444444444,0.09523809523809523,0.5,0.34375
references/R038409.jpg,queries/Q70676.jpg,disc21_neg,0,0.5,0.42857142857142855,0.3611111111111111,0.21428571428571427,0.625,0.140625
references/R038409.jpg,queries/Q49293.jpg,disc21_neg,0,0.59375,0.5396825396825397,0.375,0.11904761904761904,0.625,0.171875
references/R038409.jpg,queries/Q79339.jpg,disc21_neg,0,0.796875,0.6031746031746031,0.4305555555555556,0.21428571428571427,0.546875,0.390625
references/R038409.jpg,queries/Q91364.jpg,disc21_neg,0,0.734375,0.6190476190476191,0.4722222222222222,0.16666666666666666,0.609375,0.390625
references/R038409.jpg,queries/Q63010.jpg,disc21_neg,0,0.59375,0.5714285714285714,0.5138888888888888,0.047619047619047616,0.421875,0.140625
references/R038409.jpg,queries/Q56465.jpg,disc21_neg,0,0.53125,0.5079365079365079,0.4583333333333333,0.21428571428571427,0.546875,0.109375
references/R038409.jpg,queries/Q16646.jpg,disc21_neg,0,0.5625,0.47619047619047616,0.4444444444444444,0.21428571428571427,0.546875,0.21875
references/R038409.jpg,queries/Q05634.jpg,disc21_neg,0,0.796875,0.36507936507936506,0.2916666666666667,0.14285714285714285,0.4375,0.140625
references/R038409.jpg,queries/Q34542.jpg,disc21_neg,0,0.578125,0.4444444444444444,0.4444444444444444,0.14285714285714285,0.484375,0.265625
references/R038409.jpg,queries/Q24034.jpg,disc21_neg,0,0.8125,0.6349206349206349,0.4861111111111111,0.07142857142857142,0.5625,1.0
references/R038409.jpg,queries/Q51579.jpg,disc21_neg,0,0.75,0.5238095238095238,0.3611111111111111,0.09523809523809523,0.5625,0.4375
references/R038409.jpg,queries/Q80272.jpg,disc21_neg,0,0.59375,0.4603174603174603,0.4027777777777778,0.19047619047619047,0.484375,0.328125
references/R038409.jpg,queries/Q62913.jpg,disc21_neg,0,0.578125,0.4603174603174603,0.4861111111111111,0.16666666666666666,0.484375,0.265625
references/R038409.jpg,queries/Q09037.jpg,disc21_neg,0,0.6875,0.4603174603174603,0.4722222222222222,0.07142857142857142,0.734375,0.25
references/R038409.jpg,queries/Q21274.jpg,disc21_neg,0,0.421875,0.38095238095238093,0.4583333333333333,0.07142857142857142,0.34375,0.171875
references/R038409.jpg,queries/Q99999.jpg,disc21_neg,0,0.546875,0.6031746031746031,0.4861111111111111,0.16666666666666666,0.578125,0.28125
references/R038409.jpg,queries/Q08950.jpg,disc21_neg,0,0.265625,0.38095238095238093,0.5277777777777778,0.21428571428571427,0.34375,0.25
references/R038409.jpg,queries/Q72783.jpg,disc21_neg,0,0.4375,0.5396825396825397,0.5694444444444444,0.14285714285714285,0.6875,0.328125
references/R038409.jpg,queries/Q59904.jpg,disc21_neg,0,0.59375,0.4603174603174603,0.3888888888888889,0.11904761904761904,0.484375,1.0
references/R038409.jpg,queries/Q06253.jpg,disc21_neg,0,0.25,0.5396825396825397,0.4722222222222222,0.09523809523809523,0.25,0.28125
references/R038409.jpg,queries/Q31515.jpg,disc21_neg,0,0.5,0.4126984126984127,0.4305555555555556,0.14285714285714285,0.5625,0.171875
references/R038409.jpg,queries/Q81804.jpg,disc21_neg,0,0.4375,0.5238095238095238,0.4166666666666667,0.07142857142857142,0.40625,1.0
references/R038409.jpg,queries/Q14809.jpg,disc21_neg,0,0.546875,0.47619047619047616,0.4444444444444444,0.09523809523809523,0.734375,0.484375
references/R038409.jpg,queries/Q94263.jpg,disc21_neg,0,0.703125,0.4603174603174603,0.3333333333333333,0.21428571428571427,0.734375,0.421875
references/R038409.jpg,queries/Q11941.jpg,disc21_neg,0,0.515625,0.5238095238095238,0.625,0.16666666666666666,0.484375,0.21875
references/R038409.jpg,queries/Q15647.jpg,disc21_neg,0,0.78125,0.49206349206349204,0.4305555555555556,0.07142857142857142,0.828125,1.0
references/R038409.jpg,queries/Q63579.jpg,disc21_neg,0,0.65625,0.47619047619047616,0.4166666666666667,0.16666666666666666,0.578125,0.359375
references/R038409.jpg,queries/Q27858.jpg,disc21_neg,0,0.453125,0.47619047619047616,0.4444444444444444,0.11904761904761904,0.375,0.265625
references/R038409.jpg,queries/Q05881.jpg,disc21_neg,0,0.375,0.5396825396825397,0.5972222222222222,0.11904761904761904,0.5,0.25
references/R038409.jpg,queries/Q66772.jpg,disc21_neg,0,0.25,0.42857142857142855,0.3611111111111111,0.16666666666666666,0.3125,0.484375
references/R038409.jpg,queries/Q09005.jpg,disc21_neg,0,0.828125,0.5555555555555556,0.4027777777777778,0.11904761904761904,0.515625,0.25
references/R038409.jpg,queries/Q01144.jpg,disc21_neg,0,0.65625,0.5396825396825397,0.3888888888888889,0.19047619047619047,0.71875,0.3125
references/R038409.jpg,queries/Q44380.jpg,disc21_neg,0,0.3125,0.5079365079365079,0.375,0.11904761904761904,0.484375,1.0
references/R038409.jpg,queries/Q04079.jpg,disc21_neg,0,0.59375,0.4603174603174603,0.4861111111111111,0.023809523809523808,0.515625,0.21875
references/R038409.jpg,queries/Q16138.jpg,disc21_neg,0,0.765625,0.5238095238095238,0.3888888888888889,0.19047619047619047,0.75,0.25
references/R038409.jpg,queries/Q62009.jpg,disc21_neg,0,0.3125,0.5873015873015873,0.5138888888888888,0.16666666666666666,0.421875,0.109375
references/R038409.jpg,queries/Q51613.jpg,disc21_neg,0,0.546875,0.31746031746031744,0.4166666666666667,0.11904761904761904,0.578125,0.1875
references/R038409.jpg,queries/Q58444.jpg,disc21_neg,0,0.3125,0.5238095238095238,0.3611111111111111,0.11904761904761904,0.5625,0.21875
references/R038409.jpg,queries/Q14732.jpg,disc21_neg,0,0.21875,0.4603174603174603,0.3194444444444444,0.16666666666666666,0.234375,0.125
references/R038409.jpg,queries/Q17943.jpg,disc21_neg,0,0.75,0.5079365079365079,0.375,0.14285714285714285,0.5,0.203125
references/R038409.jpg,queries/Q30514.jpg,disc21_neg,0,0.6875,0.5555555555555556,0.4722222222222222,0.16666666666666666,0.640625,0.140625
references/R038409.jpg,queries/Q87282.jpg,disc21_neg,0,0.328125,0.49206349206349204,0.4861111111111111,0.19047619047619047,0.375,0.015625
references/R038409.jpg,queries/Q58922.jpg,disc21_neg,0,0.328125,0.47619047619047616,0.4166666666666667,0.11904761904761904,0.375,0.375
references/R038409.jpg,queries/Q35466.jpg,disc21_neg,0,0.78125,0.4126984126984127,0.5277777777777778,0.23809523809523808,0.71875,0.25
references/R038409.jpg,queries/Q94098.jpg,disc21_neg,0,0.71875,0.5079365079365079,0.4166666666666667,0.19047619047619047,0.546875,0.171875
references/R038409.jpg,queries/Q83845.jpg,disc21_neg,0,0.609375,0.49206349206349204,0.4444444444444444,0.047619047619047616,0.484375,0.078125
references/R038409.jpg,queries/Q26132.jpg,disc21_neg,0,0.390625,0.5238095238095238,0.4583333333333333,0.21428571428571427,0.515625,0.171875
references/R038409.jpg,queries/Q91459.jpg,disc21_neg,0,0.8125,0.5079365079365079,0.4305555555555556,0.19047619047619047,0.390625,0.25
references/R038409.jpg,queries/Q76597.jpg,disc21_neg,0,0.3125,0.3492063492063492,0.3611111111111111,0.19047619047619047,0.421875,0.421875
references/R038409.jpg,queries/Q80394.jpg,disc21_neg,0,0.609375,0.5873015873015873,0.5972222222222222,0.16666666666666666,0.71875,0.1875
references/R038409.jpg,queries/Q71734.jpg,disc21_neg,0,0.75,0.4126984126984127,0.4444444444444444,0.21428571428571427,0.578125,0.328125
references/R038409.jpg,queries/Q33169.jpg,disc21_neg,0,0.5,0.5079365079365079,0.4722222222222222,0.19047619047619047,0.40625,0.375
references/R038409.jpg,queries/Q79255.jpg,disc21_neg,0,0.328125,0.4444444444444444,0.4861111111111111,0.16666666666666666,0.3125,0.546875
references/R038409.jpg,queries/Q43570.jpg,disc21_neg,0,0.734375,0.5873015873015873,0.4166666666666667,0.16666666666666666,0.6875,0.359375
references/R038409.jpg,queries/Q38590.jpg,disc21_neg,0,0.71875,0.5238095238095238,0.4027777777777778,0.11904761904761904,0.78125,0.3125
references/R038409.jpg,queries/Q72241.jpg,disc21_neg,0,0.671875,0.5873015873015873,0.5277777777777778,0.19047619047619047,0.578125,0.21875
references/R038409.jpg,queries/Q70029.jpg,disc21_neg,0,0.421875,0.42857142857142855,0.4583333333333333,0.21428571428571427,0.53125,0.359375
references/R038409.jpg,queries/Q00814.jpg,disc21_neg,0,0.5,0.49206349206349204,0.5,0.23809523809523808,0.609375,0.203125
references/R038409.jpg,queries/Q95290.jpg,disc21_neg,0,0.6875,0.47619047619047616,0.4583333333333333,0.19047619047619047,0.640625,0.1875
references/R038409.jpg,queries/Q89690.jpg,disc21_neg,0,0.65625,0.49206349206349204,0.5416666666666666,0.19047619047619047,0.3125,0.125
references/R038409.jpg,queries/Q34091.jpg,disc21_neg,0,0.28125,0.5714285714285714,0.5694444444444444,0.14285714285714285,0.296875,0.421875
references/R038409.jpg,queries/Q62135.jpg,disc21_neg,0,0.34375,0.4603174603174603,0.4305555555555556,0.19047619047619047,0.65625,0.265625
references/R038409.jpg,queries/Q19485.jpg,disc21_neg,0,0.265625,0.7142857142857143,0.5416666666666666,0.16666666666666666,0.296875,0.046875
references/R038409.jpg,queries/Q03218.jpg,disc21_neg,0,0.703125,0.5555555555555556,0.4583333333333333,0.16666666666666666,0.59375,0.28125
references/R038409.jpg,queries/Q68026.jpg,disc21_neg,0,0.59375,0.6349206349206349,0.6666666666666666,0.14285714285714285,0.546875,0.21875
references/R038409.jpg,queries/Q93201.jpg,disc21_neg,0,0.640625,0.4603174603174603,0.4583333333333333,0.14285714285714285,0.765625,0.296875
references/R038409.jpg,queries/Q08559.jpg,disc21_neg,0,0.765625,0.5714285714285714,0.6388888888888888,0.16666666666666666,0.703125,0.25
references/R038409.jpg,queries/Q88084.jpg,disc21_neg,0,0.421875,0.3968253968253968,0.3194444444444444,0.11904761904761904,0.421875,0.078125
references/R038409.jpg,queries/Q15304.jpg,disc21_neg,0,0.4375,0.5079365079365079,0.5694444444444444,0.2857142857142857,0.609375,0.078125
references/R038409.jpg,queries/Q58395.jpg,disc21_neg,0,0.875,0.5079365079365079,0.4861111111111111,0.14285714285714285,0.8125,0.4375
references/R038409.jpg,queries/Q42382.jpg,disc21_neg,0,0.296875,0.6031746031746031,0.4583333333333333,0.16666666666666666,0.4375,0.125
references/R038409.jpg,queries/Q58591.jpg,disc21_neg,0,0.46875,0.4603174603174603,0.3888888888888889,0.07142857142857142,0.46875,1.0
references/R038409.jpg,queries/Q74450.jpg,disc21_neg,0,0.4375,0.5873015873015873,0.4861111111111111,0.16666666666666666,0.359375,0.265625
references/R038409.jpg,queries/Q27378.jpg,disc21_neg,0,0.5,0.49206349206349204,0.5,0.11904761904761904,0.578125,0.375
references/R038409.jpg,queries/Q76319.jpg,disc21_neg,0,0.75,0.5555555555555556,0.4166666666666667,0.21428571428571427,0.671875,0.25
references/R038409.jpg,queries/Q48984.jpg,disc21_neg,0,0.453125,0.38095238095238093,0.5138888888888888,0.047619047619047616,0.578125,0.203125
references/R038409.jpg,queries/Q64675.jpg,disc21_neg,0,0.84375,0.5555555555555556,0.4722222222222222,0.09523809523809523,0.75,0.140625
references/R038409.jpg,queries/Q97997.jpg,disc21_neg,0,0.59375,0.5396825396825397,0.5277777777777778,0.23809523809523808,0.46875,0.390625
references/R038409.jpg,queries/Q14722.jpg,disc21_neg,0,0.671875,0.5396825396825397,0.4861111111111111,0.21428571428571427,0.46875,0.421875
references/R038409.jpg,queries/Q72899.jpg,disc21_neg,0,0.625,0.5873015873015873,0.4444444444444444,0.14285714285714285,0.75,0.234375
references/R038409.jpg,queries/Q01854.jpg,disc21_neg,0,0.46875,0.5873015873015873,0.5555555555555556,0.14285714285714285,0.390625,0.265625
references/R038409.jpg,queries/Q86400.jpg,disc21_neg,0,0.28125,0.5238095238095238,0.4305555555555556,0.16666666666666666,0.4375,0.21875
references/R038409.jpg,queries/Q25352.jpg,disc21_neg,0,0.46875,0.5396825396825397,0.4583333333333333,0.14285714285714285,0.578125,0.15625
references/R038409.jpg,queries/Q54405.jpg,disc21_neg,0,0.40625,0.5873015873015873,0.5277777777777778,0.16666666666666666,0.484375,0.125
references/R038409.jpg,queries/Q44873.jpg,disc21_neg,0,0.71875,0.5555555555555556,0.5277777777777778,0.16666666666666666,0.53125,0.21875
references/R038409.jpg,queries/Q59912.jpg,disc21_neg,0,0.5625,0.4603174603174603,0.3888888888888889,0.19047619047619047,0.65625,0.171875
references/R038409.jpg,queries/Q40904.jpg,disc21_neg,0,0.546875,0.47619047619047616,0.4583333333333333,0.19047619047619047,0.34375,0.234375
references/R038409.jpg,queries/Q81036.jpg,disc21_neg,0,0.625,0.5555555555555556,0.4722222222222222,0.09523809523809523,0.65625,0.265625
references/R038409.jpg,queries/Q17976.jpg,disc21_neg,0,0.359375,0.5396825396825397,0.4722222222222222,0.11904761904761904,0.328125,0.1875
references/R038409.jpg,queries/Q41857.jpg,disc21_neg,0,0.53125,0.5079365079365079,0.5277777777777778,0.16666666666666666,0.5625,0.125
references/R038409.jpg,queries/Q02160.jpg,disc21_neg,0,0.4375,0.5714285714285714,0.5138888888888888,0.09523809523809523,0.5,0.28125
references/R038409.jpg,queries/Q07482.jpg,disc21_neg,0,0.421875,0.4603174603174603,0.375,0.11904761904761904,0.515625,0.25
references/R038409.jpg,queries/Q90472.jpg,disc21_neg,0,0.328125,0.6031746031746031,0.4027777777777778,0.16666666666666666,0.4375,0.40625
references/R038409.jpg,queries/Q07791.jpg,disc21_neg,0,0.765625,0.49206349206349204,0.5694444444444444,0.14285714285714285,0.78125,0.265625
references/R038409.jpg,queries/Q43978.jpg,disc21_neg,0,0.578125,0.5714285714285714,0.5694444444444444,0.16666666666666666,0.671875,0.328125
references/R038409.jpg,queries/Q60084.jpg,disc21_neg,0,0.1875,0.47619047619047616,0.375,0.23809523809523808,0.296875,0.609375
references/R038409.jpg,queries/Q45927.jpg,disc21_neg,0,0.421875,0.5396825396825397,0.5138888888888888,0.14285714285714285,0.375,0.140625
references/R038409.jpg,queries/Q13348.jpg,disc21_neg,0,0.734375,0.4603174603174603,0.4583333333333333,0.14285714285714285,0.53125,0.234375
references/R038409.jpg,queries/Q85720.jpg,disc21_neg,0,0.515625,0.3968253968253968,0.4305555555555556,0.09523809523809523,0.375,0.296875
references/R038409.jpg,queries/Q71069.jpg,disc21_neg,0,0.65625,0.5396825396825397,0.4444444444444444,0.14285714285714285,0.578125,0.3125
references/R038409.jpg,queries/Q17898.jpg,disc21_neg,0,0.796875,0.49206349206349204,0.3888888888888889,0.19047619047619047,0.71875,0.484375
references/R038409.jpg,queries/Q32945.jpg,disc21_neg,0,0.734375,0.5873015873015873,0.5138888888888888,0.0,0.65625,0.140625
references/R038409.jpg,queries/Q38953.jpg,disc21_neg,0,0.53125,0.47619047619047616,0.4722222222222222,0.16666666666666666,0.609375,0.265625
references/R038409.jpg,queries/Q67352.jpg,disc21_neg,0,0.59375,0.5396825396825397,0.5416666666666666,0.11904761904761904,0.484375,0.21875
references/R038409.jpg,queries/Q99525.jpg,disc21_neg,0,0.34375,0.4603174603174603,0.5,0.21428571428571427,0.546875,0.1875
references/R038409.jpg,queries/Q56198.jpg,disc21_neg,0,0.671875,0.49206349206349204,0.5,0.16666666666666666,0.5625,0.234375
references/R038409.jpg,queries/Q28186.jpg,disc21_neg,0,0.53125,0.47619047619047616,0.3194444444444444,0.16666666666666666,0.5625,0.4375
references/R038409.jpg,queries/Q13392.jpg,disc21_neg,0,0.578125,0.5714285714285714,0.5138888888888888,0.14285714285714285,0.453125,0.46875
references/R038409.jpg,queries/Q53368.jpg,disc21_neg,0,0.5625,0.4603174603174603,0.5277777777777778,0.19047619047619047,0.5625,0.28125
references/R038409.jpg,queries/Q52935.jpg,disc21_neg,0,0.609375,0.49206349206349204,0.4166666666666667,0.09523809523809523,0.28125,0.296875
references/R038409.jpg,queries/Q79739.jpg,disc21_neg,0,0.875,0.49206349206349204,0.4583333333333333,0.21428571428571427,0.765625,0.515625
references/R038409.jpg,queries/Q33407.jpg,disc21_neg,0,0.515625,0.47619047619047616,0.3472222222222222,0.19047619047619047,0.375,0.109375
references/R038409.jpg,queries/Q90954.jpg,disc21_neg,0,0.640625,0.5555555555555556,0.5138888888888888,0.16666666666666666,0.75,0.359375
references/R038409.jpg,queries/Q06147.jpg,disc21_neg,0,0.3125,0.49206349206349204,0.5972222222222222,0.16666666666666666,0.75,1.0
references/R038409.jpg,queries/Q95881.jpg,disc21_neg,0,0.328125,0.5396825396825397,0.4444444444444444,0.14285714285714285,0.34375,0.421875
references/R038409.jpg,queries/Q61613.jpg,disc21_neg,0,0.34375,0.5873015873015873,0.5138888888888888,0.0,0.5,1.0
references/R038409.jpg,queries/Q23823.jpg,disc21_neg,0,0.328125,0.5555555555555556,0.5972222222222222,0.11904761904761904,0.375,0.09375
references/R038409.jpg,queries/Q87993.jpg,disc21_neg,0,0.5625,0.6666666666666666,0.5,0.16666666666666666,0.625,0.15625
references/R038409.jpg,queries/Q99215.jpg,disc21_neg,0,0.296875,0.47619047619047616,0.4305555555555556,0.07142857142857142,0.3125,1.0
references/R038409.jpg,queries/Q16114.jpg,disc21_neg,0,0.546875,0.4126984126984127,0.4166666666666667,0.16666666666666666,0.46875,0.109375
references/R038409.jpg,queries/Q28955.jpg,disc21_neg,0,0.734375,0.4603174603174603,0.5694444444444444,0.07142857142857142,0.609375,1.0
references/R038409.jpg,queries/Q37433.jpg,disc21_neg,0,0.75,0.3968253968253968,0.5138888888888888,0.21428571428571427,0.546875,0.25
references/R038409.jpg,queries/Q97107.jpg,disc21_neg,0,0.796875,0.5238095238095238,0.5138888888888888,0.09523809523809523,0.609375,0.28125
references/R038409.jpg,queries/Q36209.jpg,disc21_neg,0,0.40625,0.49206349206349204,0.4722222222222222,0.11904761904761904,0.484375,1.0
references/R038409.jpg,queries/Q35067.jpg,disc21_neg,0,0.65625,0.4444444444444444,0.5416666666666666,0.14285714285714285,0.515625,0.5
references/R038409.jpg,queries/Q38713.jpg,disc21_neg,0,0.15625,0.4603174603174603,0.4027777777777778,0.19047619047619047,0.375,0.125
references/R038409.jpg,queries/Q99185.jpg,disc21_neg,0,0.484375,0.47619047619047616,0.5694444444444444,0.16666666666666666,0.328125,1.0
references/R038409.jpg,queries/Q55681.jpg,disc21_neg,0,0.46875,0.5238095238095238,0.5138888888888888,0.07142857142857142,0.40625,1.0
references/R038409.jpg,queries/Q10858.jpg,disc21_neg,0,0.453125,0.42857142857142855,0.3472222222222222,0.14285714285714285,0.515625,0.28125
references/R038409.jpg,queries/Q84006.jpg,disc21_neg,0,0.671875,0.5555555555555556,0.4305555555555556,0.14285714285714285,0.5625,0.40625
references/R038409.jpg,queries/Q63659.jpg,disc21_neg,0,0.34375,0.42857142857142855,0.4722222222222222,0.11904761904761904,0.34375,0.46875
references/R038409.jpg,queries/Q47665.jpg,disc21_neg,0,0.46875,0.5079365079365079,0.5277777777777778,0.07142857142857142,0.5,1.0
references/R038409.jpg,queries/Q29120.jpg,disc21_neg,0,0.671875,0.47619047619047616,0.5,0.09523809523809523,0.46875,0.265625
references/R038409.jpg,queries/Q70614.jpg,disc21_neg,0,0.546875,0.47619047619047616,0.4861111111111111,0.16666666666666666,0.578125,0.328125
references/R038409.jpg,queries/Q29419.jpg,disc21_neg,0,0.46875,0.5079365079365079,0.4861111111111111,0.11904761904761904,0.734375,0.34375
references/R038409.jpg,queries/Q79975.jpg,disc21_neg,0,0.78125,0.4444444444444444,0.5,0.09523809523809523,0.703125,0.1875
references/R038409.jpg,queries/Q41518.jpg,disc21_neg,0,0.6875,0.47619047619047616,0.5416666666666666,0.23809523809523808,0.6875,0.46875
references/R038409.jpg,queries/Q58596.jpg,disc21_neg,0,0.453125,0.5079365079365079,0.5138888888888888,0.21428571428571427,0.71875,0.171875
references/R038409.jpg,queries/Q25856.jpg,disc21_neg,0,0.84375,0.5079365079365079,0.4166666666666667,0.19047619047619047,0.625,0.140625
references/R038409.jpg,queries/Q74366.jpg,disc21_neg,0,0.484375,0.5238095238095238,0.5694444444444444,0.07142857142857142,0.46875,0.125
references/R038409.jpg,queries/Q45298.jpg,disc21_neg,0,0.71875,0.49206349206349204,0.4444444444444444,0.09523809523809523,0.640625,0.140625
references/R038409.jpg,queries/Q12079.jpg,disc21_neg,0,0.5,0.47619047619047616,0.5,0.07142857142857142,0.5625,0.171875
references/R038409.jpg,queries/Q29819.jpg,disc21_neg,0,0.546875,0.4444444444444444,0.4722222222222222,0.07142857142857142,0.625,1.0
references/R038409.jpg,queries/Q97882.jpg,disc21_neg,0,0.765625,0.5079365079365079,0.5138888888888888,0.09523809523809523,0.765625,0.296875
references/R038409.jpg,queries/Q08650.jpg,disc21_neg,0,0.765625,0.5396825396825397,0.5,0.21428571428571427,0.546875,0.328125
references/R038409.jpg,queries/Q85702.jpg,disc21_neg,0,0.625,0.5714285714285714,0.3888888888888889,0.14285714285714285,0.671875,0.1875
references/R038409.jpg,queries/Q86219.jpg,disc21_neg,0,0.75,0.5714285714285714,0.5833333333333334,0.19047619047619047,0.578125,0.28125
references/R038409.jpg,queries/Q94058.jpg,disc21_neg,0,0.484375,0.4444444444444444,0.5138888888888888,0.14285714285714285,0.59375,0.125
references/R038409.jpg,queries/Q40274.jpg,disc21_neg,0,0.65625,0.5714285714285714,0.6666666666666666,0.14285714285714285,0.640625,0.28125
references/R038409.jpg,queries/Q47396.jpg,disc21_neg,0,0.75,0.4444444444444444,0.3888888888888889,0.16666666666666666,0.515625,0.140625
references/R038409.jpg,queries/Q96598.jpg,disc21_neg,0,0.359375,0.5079365079365079,0.3472222222222222,0.11904761904761904,0.4375,1.0
references/R038409.jpg,queries/Q83542.jpg,disc21_neg,0,0.5625,0.5079365079365079,0.375,0.19047619047619047,0.578125,0.421875
references/R038409.jpg,queries/Q24436.jpg,disc21_neg,0,0.625,0.5396825396825397,0.4305555555555556,0.07142857142857142,0.40625,1.0
references/R038409.jpg,queries/Q92331.jpg,disc21_neg,0,0.59375,0.5555555555555556,0.5,0.11904761904761904,0.625,0.265625
references/R038409.jpg,queries/Q57557.jpg,disc21_neg,0,0.5,0.5079365079365079,0.3888888888888889,0.11904761904761904,0.40625,0.171875
references/R038409.jpg,queries/Q98126.jpg,disc21_neg,0,0.859375,0.5555555555555556,0.4583333333333333,0.19047619047619047,0.5,0.28125
references/R038409.jpg,queries/Q73835.jpg,disc21_neg,0,0.59375,0.5873015873015873,0.4722222222222222,0.19047619047619047,0.421875,0.375
references/R038409.jpg,queries/Q01752.jpg,disc21_neg,0,0.28125,0.5079365079365079,0.4305555555555556,0.19047619047619047,0.46875,0.15625
references/R038409.jpg,queries/Q90555.jpg,disc21_neg,0,0.625,0.42857142857142855,0.4444444444444444,0.16666666666666666,0.71875,0.34375
references/R038409.jpg,queries/Q22118.jpg,disc21_neg,0,0.390625,0.5238095238095238,0.4583333333333333,0.11904761904761904,0.328125,0.28125
references/R038409.jpg,queries/Q27916.jpg,disc21_neg,0,0.609375,0.3492063492063492,0.375,0.07142857142857142,0.53125,1.0
references/R038409.jpg,queries/Q79719.jpg,disc21_neg,0,0.578125,0.5714285714285714,0.5138888888888888,0.16666666666666666,0.609375,0.1875
references/R038409.jpg,queries/Q42883.jpg,disc21_neg,0,0.453125,0.5714285714285714,0.5138888888888888,0.14285714285714285,0.390625,0.234375
references/R038409.jpg,queries/Q43190.jpg,disc21_neg,0,0.53125,0.49206349206349204,0.4583333333333333,0.14285714285714285,0.53125,0.25
references/R038409.jpg,queries/Q46337.jpg,disc21_neg,0,0.5625,0.49206349206349204,0.4305555555555556,0.19047619047619047,0.625,0.25
references/R038409.jpg,queries/Q66253.jpg,disc21_neg,0,0.515625,0.5555555555555556,0.5416666666666666,0.2857142857142857,0.453125,0.109375
references/R038409.jpg,queries/Q79896.jpg,disc21_neg,0,0.546875,0.5238095238095238,0.4861111111111111,0.21428571428571427,0.5,0.109375
references/R038409.jpg,queries/Q35285.jpg,disc21_neg,0,0.78125,0.6031746031746031,0.5416666666666666,0.09523809523809523,0.640625,0.140625
references/R038409.jpg,queries/Q58978.jpg,disc21_neg,0,0.78125,0.42857142857142855,0.4861111111111111,0.16666666666666666,0.71875,0.34375
references/R038409.jpg,queries/Q63053.jpg,disc21_neg,0,0.5625,0.5555555555555556,0.4305555555555556,0.023809523809523808,0.65625,0.25
references/R038409.jpg,queries/Q21070.jpg,disc21_neg,0,0.609375,0.47619047619047616,0.4583333333333333,0.16666666666666666,0.4375,0.265625
references/R038409.jpg,queries/Q68818.jpg,disc21_neg,0,0.40625,0.5079365079365079,0.5,0.16666666666666666,0.46875,0.203125
references/R038409.jpg,queries/Q69412.jpg,disc21_neg,0,0.703125,0.38095238095238093,0.375,0.21428571428571427,0.578125,0.359375
references/R038409.jpg,queries/Q14468.jpg,disc21_neg,0,0.4375,0.4444444444444444,0.5972222222222222,0.0,0.46875,0.0625
references/R038409.jpg,queries/Q21632.jpg,disc21_neg,0,0.859375,0.5238095238095238,0.5555555555555556,0.19047619047619047,0.6875,0.328125
references/R038409.jpg,queries/Q78377.jpg,disc21_neg,0,0.515625,0.4603174603174603,0.5555555555555556,0.11904761904761904,0.390625,0.125
references/R038409.jpg,queries/Q24008.jpg,disc21_neg,0,0.609375,0.5238095238095238,0.4583333333333333,0.07142857142857142,0.65625,1.0
references/R038409.jpg,queries/Q91686.jpg,disc21_neg,0,0.453125,0.4126984126984127,0.4166666666666667,0.09523809523809523,0.453125,0.109375
references/R038409.jpg,queries/Q69581.jpg,disc21_neg,0,0.25,0.5238095238095238,0.3611111111111111,0.19047619047619047,0.40625,0.046875
references/R038409.jpg,queries/Q46616.jpg,disc21_neg,0,0.5,0.49206349206349204,0.3472222222222222,0.0,0.390625,0.171875
references/R038409.jpg,queries/Q08111.jpg,disc21_neg,0,0.734375,0.5555555555555556,0.4861111111111111,0.11904761904761904,0.421875,0.234375
references/R038409.jpg,queries/Q88022.jpg,disc21_neg,0,0.21875,0.5079365079365079,0.4027777777777778,0.16666666666666666,0.375,0.15625
references/R038409.jpg,queries/Q11405.jpg,disc21_neg,0,0.828125,0.5873015873015873,0.4861111111111111,0.14285714285714285,0.625,0.234375
references/R038409.jpg,queries/Q06890.jpg,disc21_neg,0,0.40625,0.5079365079365079,0.4583333333333333,0.11904761904761904,0.34375,0.171875
references/R038409.jpg,queries/Q89337.jpg,disc21_neg,0,0.78125,0.4603174603174603,0.4444444444444444,0.19047619047619047,0.765625,0.125
references/R038409.jpg,queries/Q86296.jpg,disc21_neg,0,0.375,0.4603174603174603,0.4722222222222222,0.047619047619047616,0.421875,0.140625
references/R038409.jpg,queries/Q90955.jpg,disc21_neg,0,0.40625,0.47619047619047616,0.4305555555555556,0.14285714285714285,0.4375,0.3125
references/R038409.jpg,queries/Q89934.jpg,disc21_neg,0,0.546875,0.4444444444444444,0.4166666666666667,0.21428571428571427,0.53125,0.109375
references/R038409.jpg,queries/Q75835.jpg,disc21_neg,0,0.875,0.5079365079365079,0.5972222222222222,0.07142857142857142,0.59375,0.109375
references/R038409.jpg,queries/Q59045.jpg,disc21_neg,0,0.640625,0.5555555555555556,0.4861111111111111,0.21428571428571427,0.578125,0.078125
references/R038409.jpg,queries/Q29993.jpg,disc21_neg,0,0.71875,0.5555555555555556,0.5,0.09523809523809523,0.5,0.40625
references/R038409.jpg,queries/Q37806.jpg,disc21_neg,0,0.609375,0.42857142857142855,0.3333333333333333,0.14285714285714285,0.4375,0.3125
references/R038409.jpg,queries/Q38498.jpg,disc21_neg,0,0.8125,0.5555555555555556,0.5138888888888888,0.2619047619047619,0.515625,0.125
references/R038409.jpg,queries/Q69978.jpg,disc21_neg,0,0.15625,0.5238095238095238,0.4444444444444444,0.19047619047619047,0.25,0.03125
references/R038409.jpg,queries/Q38751.jpg,disc21_neg,0,0.375,0.4126984126984127,0.4722222222222222,0.09523809523809523,0.4375,0.171875
references/R038409.jpg,queries/Q07842.jpg,disc21_neg,0,0.453125,0.5396825396825397,0.375,0.21428571428571427,0.265625,0.390625
references/R038409.jpg,queries/Q74001.jpg,disc21_neg,0,0.796875,0.4444444444444444,0.4722222222222222,0.16666666666666666,0.640625,0.28125
references/R038409.jpg,queries/Q09985.jpg,disc21_neg,0,0.84375,0.6190476190476191,0.5833333333333334,0.21428571428571427,0.671875,0.171875
references/R038409.jpg,queries/Q39525.jpg,disc21_neg,0,0.484375,0.5396825396825397,0.4861111111111111,0.19047619047619047,0.359375,0.3125
references/R038409.jpg,queries/Q45723.jpg,disc21_neg,0,0.171875,0.42857142857142855,0.4861111111111111,0.11904761904761904,0.34375,0.0625
references/R038409.jpg,queries/Q69044.jpg,disc21_neg,0,0.53125,0.5079365079365079,0.4305555555555556,0.19047619047619047,0.5,0.15625
references/R038409.jpg,queries/Q65753.jpg,disc21_neg,0,0.34375,0.49206349206349204,0.5694444444444444,0.09523809523809523,0.40625,0.109375
references/R038409.jpg,queries/Q89432.jpg,disc21_neg,0,0.328125,0.4126984126984127,0.3888888888888889,0.11904761904761904,0.453125,0.203125
references/R038409.jpg,queries/Q96535.jpg,disc21_neg,0,0.859375,0.47619047619047616,0.5972222222222222,0.14285714285714285,0.625,0.328125
references/R038409.jpg,queries/Q49004.jpg,disc21_neg,0,0.75,0.5555555555555556,0.5833333333333334,0.09523809523809523,0.6875,0.28125
references/R038409.jpg,queries/Q50797.jpg,disc21_neg,0,0.65625,0.4126984126984127,0.5138888888888888,0.16666666666666666,0.34375,0.390625
references/R038409.jpg,queries/Q88179.jpg,disc21_neg,0,0.46875,0.5238095238095238,0.3472222222222222,0.11904761904761904,0.4375,1.0
references/R038409.jpg,queries/Q05046.jpg,disc21_neg,0,0.546875,0.49206349206349204,0.4722222222222222,0.023809523809523808,0.46875,0.359375
references/R038409.jpg,queries/Q30615.jpg,disc21_neg,0,0.734375,0.5555555555555556,0.4583333333333333,0.23809523809523808,0.5625,0.421875
references/R038409.jpg,queries/Q04381.jpg,disc21_neg,0,0.375,0.5079365079365079,0.4861111111111111,0.07142857142857142,0.484375,1.0
references/R038409.jpg,queries/Q94732.jpg,disc21_neg,0,0.484375,0.5555555555555556,0.5277777777777778,0.21428571428571427,0.390625,0.15625
references/R038409.jpg,queries/Q80409.jpg,disc21_neg,0,0.484375,0.49206349206349204,0.375,0.11904761904761904,0.359375,0.171875
references/R038409.jpg,queries/Q07946.jpg,disc21_neg,0,0.53125,0.6190476190476191,0.5277777777777778,0.2857142857142857,0.625,0.359375
references/R038409.jpg,queries/Q84142.jpg,disc21_neg,0,0.734375,0.5079365079365079,0.4444444444444444,0.09523809523809523,0.4375,0.375
references/R038409.jpg,queries/Q01139.jpg,disc21_neg,0,0.6875,0.5873015873015873,0.5555555555555556,0.047619047619047616,0.5,0.078125
references/R038409.jpg,queries/Q29847.jpg,disc21_neg,0,0.546875,0.6190476190476191,0.4305555555555556,0.14285714285714285,0.546875,0.265625
references/R038409.jpg,queries/Q99538.jpg,disc21_neg,0,0.796875,0.4603174603174603,0.3888888888888889,0.14285714285714285,0.796875,0.5625
references/R038409.jpg,queries/Q32502.jpg,disc21_neg,0,0.765625,0.6031746031746031,0.4027777777777778,0.14285714285714285,0.6875,0.625
references/R038409.jpg,queries/Q20388.jpg,disc21_neg,0,0.640625,0.4444444444444444,0.4027777777777778,0.07142857142857142,0.59375,1.0
references/R038409.jpg,queries/Q18687.jpg,disc21_neg,0,0.421875,0.5079365079365079,0.375,0.11904761904761904,0.390625,0.296875
references/R038409.jpg,queries/Q41853.jpg,disc21_neg,0,0.640625,0.6349206349206349,0.4027777777777778,0.09523809523809523,0.6875,0.296875
references/R038409.jpg,queries/Q41493.jpg,disc21_neg,0,0.5,0.5079365079365079,0.4583333333333333,0.16666666666666666,0.453125,0.140625
references/R038409.jpg,queries/Q69629.jpg,disc21_neg,0,0.546875,0.49206349206349204,0.3888888888888889,0.14285714285714285,0.5625,0.4375
references/R038409.jpg,queries/Q47303.jpg,disc21_neg,0,0.46875,0.5555555555555556,0.5277777777777778,0.2857142857142857,0.703125,0.234375
references/R038409.jpg,queries/Q03643.jpg,disc21_neg,0,0.75,0.6190476190476191,0.5694444444444444,0.14285714285714285,0.609375,0.203125
references/R038409.jpg,queries/Q66856.jpg,disc21_neg,0,0.296875,0.4126984126984127,0.4027777777777778,0.21428571428571427,0.390625,0.515625
references/R038409.jpg,queries/Q69894.jpg,disc21_neg,0,0.15625,0.3968253968253968,0.3333333333333333,0.11904761904761904,0.453125,1.0
references/R038409.jpg,queries/Q21054.jpg,disc21_neg,0,0.6875,0.4603174603174603,0.3194444444444444,0.11904761904761904,0.625,0.25
references/R038409.jpg,queries/Q55838.jpg,disc21_neg,0,0.578125,0.6031746031746031,0.4027777777777778,0.21428571428571427,0.65625,0.21875
references/R038409.jpg,queries/Q88291.jpg,disc21_neg,0,0.359375,0.4603174603174603,0.4444444444444444,0.11904761904761904,0.515625,0.3125
references/R038409.jpg,queries/Q75725.jpg,disc21_neg,0,0.609375,0.5238095238095238,0.4583333333333333,0.11904761904761904,0.40625,0.234375
references/R038409.jpg,queries/Q68533.jpg,disc21_neg,0,0.25,0.4126984126984127,0.3611111111111111,0.16666666666666666,0.34375,0.1875
references/R038409.jpg,queries/Q58081.jpg,disc21_neg,0,0.328125,0.49206349206349204,0.3611111111111111,0.047619047619047616,0.328125,0.09375
references/R038409.jpg,queries/Q93301.jpg,disc21_neg,0,0.5,0.5714285714285714,0.4861111111111111,0.16666666666666666,0.578125,1.0
references/R038409.jpg,queries/Q86276.jpg,disc21_neg,0,0.21875,0.6031746031746031,0.5416666666666666,0.16666666666666666,0.484375,0.265625
references/R038409.jpg,queries/Q25761.jpg,disc21_neg,0,0.671875,0.6031746031746031,0.4444444444444444,0.11904761904761904,0.703125,0.296875
references/R038409.jpg,queries/Q56652.jpg,disc21_neg,0,0.640625,0.4603174603174603,0.375,0.23809523809523808,0.625,0.109375
references/R038409.jpg,queries/Q45669.jpg,disc21_neg,0,0.703125,0.5396825396825397,0.4722222222222222,0.14285714285714285,0.546875,0.375
references/R038409.jpg,queries/Q08196.jpg,disc21_neg,0,0.28125,0.5555555555555556,0.4722222222222222,0.19047619047619047,0.328125,0.21875
references/R038409.jpg,queries/Q34629.jpg,disc21_neg,0,0.3125,0.5238095238095238,0.5,0.19047619047619047,0.34375,0.109375
references/R038409.jpg,queries/Q99507.jpg,disc21_neg,0,0.484375,0.47619047619047616,0.5,0.07142857142857142,0.46875,0.390625
references/R038409.jpg,queries/Q32970.jpg,disc21_neg,0,0.75,0.6031746031746031,0.5,0.07142857142857142,0.578125,1.0
references/R038409.jpg,queries/Q05925.jpg,disc21_neg,0,0.53125,0.5555555555555556,0.4166666666666667,0.07142857142857142,0.4375,0.15625
references/R038409.jpg,queries/Q14488.jpg,disc21_neg,0,0.78125,0.47619047619047616,0.5833333333333334,0.16666666666666666,0.71875,0.375
references/R038409.jpg,queries/Q55124.jpg,disc21_neg,0,0.75,0.5873015873015873,0.4583333333333333,0.14285714285714285,0.625,0.234375
references/R038409.jpg,queries/Q82621.jpg,disc21_neg,0,0.578125,0.5079365079365079,0.4027777777777778,0.23809523809523808,0.609375,0.25
references/R038409.jpg,queries/Q55250.jpg,disc21_neg,0,0.578125,0.49206349206349204,0.4305555555555556,0.19047619047619047,0.546875,0.40625
references/R038409.jpg,queries/Q69047.jpg,disc21_neg,0,0.265625,0.4603174603174603,0.4166666666666667,0.14285714285714285,0.46875,0.21875
references/R038409.jpg,queries/Q13382.jpg,disc21_neg,0,0.59375,0.47619047619047616,0.4583333333333333,0.11904761904761904,0.53125,0.328125
references/R038409.jpg,queries/Q08959.jpg,disc21_neg,0,0.515625,0.49206349206349204,0.5,0.16666666666666666,0.578125,0.1875
references/R038409.jpg,queries/Q99234.jpg,disc21_neg,0,0.859375,0.4603174603174603,0.4305555555555556,0.2619047619047619,0.609375,0.171875
references/R038409.jpg,queries/Q02840.jpg,disc21_neg,0,0.546875,0.47619047619047616,0.4722222222222222,0.14285714285714285,0.453125,0.1875
references/R038409.jpg,queries/Q80102.jpg,disc21_neg,0,0.5625,0.4603174603174603,0.4861111111111111,0.19047619047619047,0.59375,0.265625
references/R038409.jpg,queries/Q18020.jpg,disc21_neg,0,0.171875,0.5079365079365079,0.4166666666666667,0.19047619047619047,0.359375,0.15625
references/R038409.jpg,queries/Q89149.jpg,disc21_neg,0,0.5625,0.5873015873015873,0.4027777777777778,0.21428571428571427,0.578125,0.328125
references/R038409.jpg,queries/Q02051.jpg,disc21_neg,0,0.421875,0.4126984126984127,0.5277777777777778,0.11904761904761904,0.53125,0.203125
references/R038409.jpg,queries/Q86200.jpg,disc21_neg,0,0.421875,0.4603174603174603,0.4722222222222222,0.16666666666666666,0.5,0.203125
references/R038409.jpg,queries/Q55788.jpg,disc21_neg,0,0.46875,0.47619047619047616,0.4583333333333333,0.11904761904761904,0.34375,0.359375
references/R038409.jpg,queries/Q25641.jpg,disc21_neg,0,0.828125,0.47619047619047616,0.5138888888888888,0.11904761904761904,0.578125,0.375
references/R038409.jpg,queries/Q71307.jpg,disc21_neg,0,0.875,0.5238095238095238,0.5138888888888888,0.21428571428571427,0.765625,0.34375
references/R038409.jpg,queries/Q28179.jpg,disc21_neg,0,0.703125,0.5714285714285714,0.4027777777777778,0.19047619047619047,0.625,0.078125
references/R038409.jpg,queries/Q34236.jpg,disc21_neg,0,0.578125,0.5555555555555556,0.5277777777777778,0.11904761904761904,0.59375,0.21875
references/R038409.jpg,queries/Q32728.jpg,disc21_neg,0,0.359375,0.5079365079365079,0.4444444444444444,0.14285714285714285,0.484375,0.25
references/R038409.jpg,queries/Q12509.jpg,disc21_neg,0,0.375,0.5238095238095238,0.4722222222222222,0.11904761904761904,0.59375,0.21875
references/R038409.jpg,queries/Q05308.jpg,disc21_neg,0,0.6875,0.5396825396825397,0.5138888888888888,0.23809523809523808,0.453125,0.203125
references/R038409.jpg,queries/Q98989.jpg,disc21_neg,0,0.546875,0.49206349206349204,0.4305555555555556,0.14285714285714285,0.484375,0.3125
references/R038409.jpg,queries/Q15599.jpg,disc21_neg,0,0.625,0.5714285714285714,0.4166666666666667,0.16666666666666666,0.65625,0.328125
references/R038409.jpg,queries/Q72931.jpg,disc21_neg,0,0.40625,0.47619047619047616,0.4027777777777778,0.16666666666666666,0.546875,0.09375
references/R038409.jpg,queries/Q25191.jpg,disc21_neg,0,0.359375,0.5238095238095238,0.4583333333333333,0.19047619047619047,0.578125,0.453125
references/R038409.jpg,queries/Q37704.jpg,disc21_neg,0,0.4375,0.49206349206349204,0.5138888888888888,0.21428571428571427,0.421875,0.46875
references/R038409.jpg,queries/Q77825.jpg,disc21_neg,0,0.53125,0.6349206349206349,0.5138888888888888,0.16666666666666666,0.734375,0.3125
references/R038409.jpg,queries/Q49992.jpg,disc21_neg,0,0.8125,0.5873015873015873,0.4722222222222222,0.07142857142857142,0.75,1.0
references/R038409.jpg,queries/Q76395.jpg,disc21_neg,0,0.53125,0.5238095238095238,0.3055555555555556,0.11904761904761904,0.625,1.0
references/R038409.jpg,queries/Q28925.jpg,disc21_neg,0,0.71875,0.47619047619047616,0.4583333333333333,0.07142857142857142,0.609375,0.25
references/R038409.jpg,queries/Q23488.jpg,disc21_neg,0,0.609375,0.5238095238095238,0.4444444444444444,0.11904761904761904,0.609375,0.265625
references/R038409.jpg,queries/Q56115.jpg,disc21_neg,0,0.78125,0.5873015873015873,0.4583333333333333,0.16666666666666666,0.609375,0.234375
references/R038409.jpg,queries/Q31732.jpg,disc21_neg,0,0.609375,0.5079365079365079,0.375,0.023809523809523808,0.5625,0.140625
references/R038409.jpg,queries/Q51102.jpg,disc21_neg,0,0.578125,0.5873015873015873,0.4861111111111111,0.21428571428571427,0.640625,0.34375
references/R038409.jpg,queries/Q59796.jpg,disc21_neg,0,0.609375,0.4603174603174603,0.4444444444444444,0.16666666666666666,0.625,1.0
references/R038409.jpg,queries/Q95768.jpg,disc21_neg,0,0.75,0.5555555555555556,0.5416666666666666,0.19047619047619047,0.5,0.5
references/R038409.jpg,queries/Q41027.jpg,disc21_neg,0,0.3125,0.36507936507936506,0.4722222222222222,0.11904761904761904,0.390625,0.1875
references/R038409.jpg,queries/Q60227.jpg,disc21_neg,0,0.578125,0.4444444444444444,0.4444444444444444,0.11904761904761904,0.421875,0.21875
references/R038409.jpg,queries/Q79950.jpg,disc21_neg,0,0.34375,0.49206349206349204,0.3888888888888889,0.14285714285714285,0.359375,0.1875
references/R038409.jpg,queries/Q81155.jpg,disc21_neg,0,0.46875,0.49206349206349204,0.4583333333333333,0.16666666666666666,0.5625,0.40625
references/R038409.jpg,queries/Q92346.jpg,disc21_neg,0,0.4375,0.4603174603174603,0.4444444444444444,0.11904761904761904,0.484375,0.359375
references/R038409.jpg,queries/Q43764.jpg,disc21_neg,0,0.21875,0.5238095238095238,0.4444444444444444,0.09523809523809523,0.34375,0.1875
references/R038409.jpg,queries/Q45862.jpg,disc21_neg,0,0.328125,0.4444444444444444,0.4305555555555556,0.07142857142857142,0.46875,0.15625
references/R038409.jpg,queries/Q83191.jpg,disc21_neg,0,0.625,0.4603174603174603,0.4027777777777778,0.07142857142857142,0.609375,1.0
references/R038409.jpg,queries/Q27549.jpg,disc21_neg,0,0.84375,0.5079365079365079,0.4305555555555556,0.11904761904761904,0.734375,0.5
references/R038409.jpg,queries/Q14483.jpg,disc21_neg,0,0.765625,0.5714285714285714,0.4583333333333333,0.09523809523809523,0.625,0.484375
references/R038409.jpg,queries/Q43816.jpg,disc21_neg,0,0.53125,0.5714285714285714,0.3888888888888889,0.09523809523809523,0.578125,0.21875
references/R038409.jpg,queries/Q82714.jpg,disc21_neg,0,0.515625,0.5714285714285714,0.5555555555555556,0.07142857142857142,0.40625,0.1875
references/R038409.jpg,queries/Q16680.jpg,disc21_neg,0,0.46875,0.5079365079365079,0.5,0.047619047619047616,0.328125,0.1875
references/R038409.jpg,queries/Q71953.jpg,disc21_neg,0,0.734375,0.5238095238095238,0.3611111111111111,0.16666666666666666,0.640625,0.109375
references/R038409.jpg,queries/Q72104.jpg,disc21_neg,0,0.359375,0.5238095238095238,0.5416666666666666,0.11904761904761904,0.375,1.0
references/R038409.jpg,queries/Q59224.jpg,disc21_neg,0,0.328125,0.5555555555555556,0.4722222222222222,0.0,0.59375,0.140625
references/R038409.jpg,queries/Q20492.jpg,disc21_neg,0,0.5625,0.49206349206349204,0.5,0.07142857142857142,0.5,1.0
references/R038409.jpg,queries/Q89945.jpg,disc21_neg,0,0.375,0.5079365079365079,0.4861111111111111,0.09523809523809523,0.453125,0.15625
references/R038409.jpg,queries/Q50060.jpg,disc21_neg,0,0.546875,0.5555555555555556,0.2777777777777778,0.14285714285714285,0.5,0.34375
references/R038409.jpg,queries/Q82331.jpg,disc21_neg,0,0.703125,0.42857142857142855,0.4583333333333333,0.07142857142857142,0.625,0.21875
references/R038409.jpg,queries/Q35997.jpg,disc21_neg,0,0.625,0.5238095238095238,0.3055555555555556,0.023809523809523808,0.671875,0.21875
references/R038409.jpg,queries/Q76583.jpg,disc21_neg,0,0.390625,0.47619047619047616,0.3611111111111111,0.11904761904761904,0.421875,0.125
references/R038409.jpg,queries/Q69460.jpg,disc21_neg,0,0.3125,0.6031746031746031,0.4861111111111111,0.09523809523809523,0.453125,0.25
references/R038409.jpg,queries/Q76418.jpg,disc21_neg,0,0.6875,0.47619047619047616,0.5833333333333334,0.07142857142857142,0.65625,0.03125
references/R038409.jpg,queries/Q57944.jpg,disc21_neg,0,0.28125,0.5238095238095238,0.5694444444444444,0.19047619047619047,0.53125,0.25
references/R038409.jpg,queries/Q06786.jpg,disc21_neg,0,0.515625,0.5396825396825397,0.5,0.14285714285714285,0.5625,0.078125
references/R038409.jpg,queries/Q03285.jpg,disc21_neg,0,0.8125,0.5396825396825397,0.625,0.21428571428571427,0.59375,0.21875
references/R038409.jpg,queries/Q63924.jpg,disc21_neg,0,0.578125,0.5238095238095238,0.2777777777777778,0.11904761904761904,0.765625,1.0
references/R038409.jpg,queries/Q98835.jpg,disc21_neg,0,0.390625,0.5238095238095238,0.3194444444444444,0.09523809523809523,0.453125,0.296875
references/R038409.jpg,queries/Q83414.jpg,disc21_neg,0,0.515625,0.5873015873015873,0.4305555555555556,0.23809523809523808,0.53125,0.125
references/R038409.jpg,queries/Q06835.jpg,disc21_neg,0,0.234375,0.42857142857142855,0.5,0.16666666666666666,0.375,0.171875
references/R038409.jpg,queries/Q58932.jpg,disc21_neg,0,0.75,0.5238095238095238,0.4166666666666667,0.14285714285714285,0.578125,0.296875
references/R038409.jpg,queries/Q00748.jpg,disc21_neg,0,0.109375,0.3968253968253968,0.375,0.19047619047619047,0.328125,0.15625
references/R038409.jpg,queries/Q42164.jpg,disc21_neg,0,0.34375,0.4126984126984127,0.5972222222222222,0.07142857142857142,0.421875,1.0
references/R038409.jpg,queries/Q47857.jpg,disc21_neg,0,0.78125,0.5238095238095238,0.4583333333333333,0.19047619047619047,0.390625,0.390625
references/R038409.jpg,queries/Q58452.jpg,disc21_neg,0,0.546875,0.47619047619047616,0.4444444444444444,0.2857142857142857,0.484375,0.375
references/R038409.jpg,queries/Q48394.jpg,disc21_neg,0,0.65625,0.4603174603174603,0.3472222222222222,0.19047619047619047,0.4375,0.1875
references/R038409.jpg,queries/Q33961.jpg,disc21_neg,0,0.703125,0.49206349206349204,0.4305555555555556,0.19047619047619047,0.703125,0.3125
references/R038409.jpg,queries/Q84551.jpg,disc21_neg,0,0.46875,0.4444444444444444,0.5972222222222222,0.11904761904761904,0.515625,0.25
references/R038409.jpg,queries/Q74442.jpg,disc21_neg,0,0.59375,0.6031746031746031,0.5694444444444444,0.11904761904761904,0.5625,0.09375
references/R038409.jpg,queries/Q75241.jpg,disc21_neg,0,0.40625,0.47619047619047616,0.4722222222222222,0.14285714285714285,0.375,0.125
references/R038409.jpg,queries/Q11877.jpg,disc21_neg,0,0.359375,0.6031746031746031,0.4861111111111111,0.14285714285714285,0.671875,0.390625
references/R038409.jpg,queries/Q33536.jpg,disc21_neg,0,0.6875,0.6825396825396826,0.5138888888888888,0.19047619047619047,0.640625,0.484375
references/R038409.jpg,queries/Q79068.jpg,disc21_neg,0,0.453125,0.5238095238095238,0.4444444444444444,0.19047619047619047,0.546875,0.34375
references/R038409.jpg,queries/Q67070.jpg,disc21_neg,0,0.75,0.5714285714285714,0.4444444444444444,0.09523809523809523,0.515625,0.390625
references/R038409.jpg,queries/Q01200.jpg,disc21_neg,0,0.171875,0.5238095238095238,0.3472222222222222,0.23809523809523808,0.421875,0.203125
references/R038409.jpg,queries/Q27346.jpg,disc21_neg,0,0.5625,0.5238095238095238,0.375,0.11904761904761904,0.5,0.46875
references/R038409.jpg,queries/Q49418.jpg,disc21_neg,0,0.484375,0.38095238095238093,0.5138888888888888,0.16666666666666666,0.578125,0.125
references/R038409.jpg,queries/Q32663.jpg,disc21_neg,0,0.3125,0.6031746031746031,0.3611111111111111,0.14285714285714285,0.53125,0.21875
references/R038409.jpg,queries/Q29254.jpg,disc21_neg,0,0.328125,0.47619047619047616,0.4583333333333333,0.19047619047619047,0.265625,0.453125
references/R038409.jpg,queries/Q87203.jpg,disc21_neg,0,0.6875,0.6666666666666666,0.5694444444444444,0.14285714285714285,0.546875,0.484375
references/R038409.jpg,queries/Q78171.jpg,disc21_neg,0,0.28125,0.4444444444444444,0.5555555555555556,0.16666666666666666,0.328125,0.28125
references/R038409.jpg,queries/Q80924.jpg,disc21_neg,0,0.546875,0.4603174603174603,0.4444444444444444,0.07142857142857142,0.546875,0.25
references/R038409.jpg,queries/Q50229.jpg,disc21_neg,0,0.578125,0.49206349206349204,0.4861111111111111,0.11904761904761904,0.734375,0.3125
references/R038409.jpg,queries/Q51175.jpg,disc21_neg,0,0.453125,0.5873015873015873,0.5,0.11904761904761904,0.390625,0.15625
references/R038409.jpg,queries/Q20831.jpg,disc21_neg,0,0.484375,0.49206349206349204,0.5,0.09523809523809523,0.640625,0.1875
references/R038409.jpg,queries/Q91045.jpg,disc21_neg,0,0.8125,0.4603174603174603,0.3333333333333333,0.11904761904761904,0.625,0.25
references/R038409.jpg,queries/Q10280.jpg,disc21_neg,0,0.640625,0.5238095238095238,0.4722222222222222,0.09523809523809523,0.34375,0.09375
references/R038409.jpg,queries/Q66917.jpg,disc21_neg,0,0.53125,0.4603174603174603,0.4305555555555556,0.16666666666666666,0.703125,0.21875
references/R038409.jpg,queries/Q12218.jpg,disc21_neg,0,0.59375,0.4603174603174603,0.4027777777777778,0.14285714285714285,0.625,0.5
references/R038409.jpg,queries/Q49007.jpg,disc21_neg,0,0.5,0.5396825396825397,0.4583333333333333,0.047619047619047616,0.4375,0.109375
references/R038409.jpg,queries/Q05562.jpg,disc21_neg,0,0.5,0.5238095238095238,0.4861111111111111,0.11904761904761904,0.703125,0.265625
references/R038409.jpg,queries/Q16654.jpg,disc21_neg,0,0.59375,0.5873015873015873,0.4166666666666667,0.19047619047619047,0.59375,0.296875
references/R038409.jpg,queries/Q69891.jpg,disc21_neg,0,0.421875,0.6031746031746031,0.4166666666666667,0.16666666666666666,0.546875,0.265625
references/R038409.jpg,queries/Q41235.jpg,disc21_neg,0,0.40625,0.5555555555555556,0.5138888888888888,0.09523809523809523,0.453125,0.421875
references/R038409.jpg,queries/Q64087.jpg,disc21_neg,0,0.34375,0.42857142857142855,0.4027777777777778,0.07142857142857142,0.421875,0.34375
references/R038409.jpg,queries/Q90145.jpg,disc21_neg,0,0.453125,0.5238095238095238,0.3472222222222222,0.23809523809523808,0.578125,0.265625
references/R038409.jpg,queries/Q41266.jpg,disc21_neg,0,0.734375,0.42857142857142855,0.3611111111111111,0.07142857142857142,0.609375,1.0
references/R038409.jpg,queries/Q10069.jpg,disc21_neg,0,0.828125,0.49206349206349204,0.4583333333333333,0.23809523809523808,0.6875,0.25
references/R038409.jpg,queries/Q83325.jpg,disc21_neg,0,0.609375,0.5079365079365079,0.4305555555555556,0.21428571428571427,0.546875,0.390625
references/R038409.jpg,queries/Q54043.jpg,disc21_neg,0,0.59375,0.5079365079365079,0.4444444444444444,0.11904761904761904,0.40625,0.28125
references/R038409.jpg,queries/Q07180.jpg,disc21_neg,0,0.59375,0.5396825396825397,0.4027777777777778,0.23809523809523808,0.4375,0.421875
references/R038409.jpg,queries/Q09536.jpg,disc21_neg,0,0.609375,0.6507936507936508,0.4722222222222222,0.11904761904761904,0.46875,0.265625
references/R038409.jpg,queries/Q24813.jpg,disc21_neg,0,0.4375,0.42857142857142855,0.4861111111111111,0.11904761904761904,0.46875,0.28125
references/R038409.jpg,queries/Q92477.jpg,disc21_neg,0,0.75,0.6031746031746031,0.3888888888888889,0.23809523809523808,0.484375,0.5
references/R038409.jpg,queries/Q63820.jpg,disc21_neg,0,0.796875,0.36507936507936506,0.5,0.16666666666666666,0.625,0.4375
references/R038409.jpg,queries/Q15842.jpg,disc21_neg,0,0.703125,0.5873015873015873,0.4583333333333333,0.16666666666666666,0.671875,0.546875
references/R038409.jpg,queries/Q13876.jpg,disc21_neg,0,0.609375,0.47619047619047616,0.4861111111111111,0.07142857142857142,0.6875,0.1875
references/R038409.jpg,queries/Q28280.jpg,disc21_neg,0,0.9375,0.5714285714285714,0.4444444444444444,0.23809523809523808,0.578125,0.375
references/R038409.jpg,queries/Q84130.jpg,disc21_neg,0,0.75,0.4126984126984127,0.4027777777777778,0.2619047619047619,0.703125,0.21875
references/R038409.jpg,queries/Q52942.jpg,disc21_neg,0,0.921875,0.49206349206349204,0.5138888888888888,0.21428571428571427,0.640625,0.203125
references/R038409.jpg,queries/Q35110.jpg,disc21_neg,0,0.703125,0.5873015873015873,0.5277777777777778,0.16666666666666666,0.65625,0.125
references/R038409.jpg,queries/Q89689.jpg,disc21_neg,0,0.671875,0.5714285714285714,0.4305555555555556,0.23809523809523808,0.625,0.265625
references/R038409.jpg,queries/Q20586.jpg,disc21_neg,0,0.59375,0.47619047619047616,0.4444444444444444,0.21428571428571427,0.375,0.046875
references/R038409.jpg,queries/Q36166.jpg,disc21_neg,0,0.53125,0.5555555555555556,0.5138888888888888,0.14285714285714285,0.515625,0.375
references/R038409.jpg,queries/Q88256.jpg,disc21_neg,0,0.734375,0.49206349206349204,0.5138888888888888,0.07142857142857142,0.625,1.0
references/R038409.jpg,queries/Q42233.jpg,disc21_neg,0,0.828125,0.5873015873015873,0.5694444444444444,0.16666666666666666,0.734375,0.328125
references/R038409.jpg,queries/Q16067.jpg,disc21_neg,0,0.65625,0.4603174603174603,0.3611111111111111,0.16666666666666666,0.59375,0.140625
references/R038409.jpg,queries/Q55439.jpg,disc21_neg,0,0.46875,0.5238095238095238,0.4583333333333333,0.23809523809523808,0.671875,0.5
references/R038409.jpg,queries/Q50845.jpg,disc21_neg,0,0.40625,0.5555555555555556,0.5,0.16666666666666666,0.53125,0.125
references/R038409.jpg,queries/Q32449.jpg,disc21_neg,0,0.421875,0.6031746031746031,0.5,0.11904761904761904,0.484375,0.28125
references/R038409.jpg,queries/Q65790.jpg,disc21_neg,0,0.578125,0.5873015873015873,0.5,0.19047619047619047,0.390625,0.359375
references/R038409.jpg,queries/Q90458.jpg,disc21_neg,0,0.4375,0.42857142857142855,0.5138888888888888,0.19047619047619047,0.53125,0.15625
references/R038409.jpg,queries/Q27365.jpg,disc21_neg,0,0.640625,0.47619047619047616,0.4861111111111111,0.11904761904761904,0.609375,0.25
references/R038409.jpg,queries/Q73145.jpg,disc21_neg,0,0.828125,0.4603174603174603,0.4166666666666667,0.21428571428571427,0.6875,0.234375
references/R038409.jpg,queries/Q03053.jpg,disc21_neg,0,0.5,0.47619047619047616,0.5,0.11904761904761904,0.5625,0.296875
references/R038409.jpg,queries/Q94916.jpg,disc21_neg,0,0.515625,0.5714285714285714,0.3611111111111111,0.23809523809523808,0.453125,0.125
references/R038409.jpg,queries/Q06240.jpg,disc21_neg,0,0.28125,0.49206349206349204,0.3888888888888889,0.09523809523809523,0.359375,0.296875
references/R038409.jpg,queries/Q39779.jpg,disc21_neg,0,0.515625,0.5714285714285714,0.4861111111111111,0.11904761904761904,0.71875,1.0
references/R038409.jpg,queries/Q16907.jpg,disc21_neg,0,0.359375,0.5555555555555556,0.4722222222222222,0.19047619047619047,0.5,0.25
references/R038409.jpg,queries/Q35710.jpg,disc21_neg,0,0.796875,0.5079365079365079,0.375,0.19047619047619047,0.703125,0.484375
references/R038409.jpg,queries/Q35782.jpg,disc21_neg,0,0.6875,0.4603174603174603,0.375,0.16666666666666666,0.6875,0.15625
references/R038409.jpg,queries/Q04602.jpg,disc21_neg,0,0.421875,0.6031746031746031,0.3611111111111111,0.16666666666666666,0.40625,0.328125
references/R038409.jpg,queries/Q54848.jpg,disc21_neg,0,0.546875,0.6190476190476191,0.4444444444444444,0.19047619047619047,0.65625,0.125
references/R038409.jpg,queries/Q74596.jpg,disc21_neg,0,0.25,0.4444444444444444,0.4583333333333333,0.14285714285714285,0.328125,0.453125
references/R038409.jpg,queries/Q04111.jpg,disc21_neg,0,0.578125,0.5714285714285714,0.4583333333333333,0.11904761904761904,0.6875,0.21875
references/R038409.jpg,queries/Q83885.jpg,disc21_neg,0,0.34375,0.42857142857142855,0.3611111111111111,0.16666666666666666,0.25,0.234375
references/R038409.jpg,queries/Q59439.jpg,disc21_neg,0,0.59375,0.5714285714285714,0.5416666666666666,0.11904761904761904,0.5,0.140625
references/R038409.jpg,queries/Q64716.jpg,disc21_neg,0,0.328125,0.5396825396825397,0.4305555555555556,0.14285714285714285,0.421875,0.421875
references/R038409.jpg,queries/Q67938.jpg,disc21_neg,0,0.65625,0.5079365079365079,0.5555555555555556,0.19047619047619047,0.53125,0.140625
references/R038409.jpg,queries/Q70383.jpg,disc21_neg,0,0.8125,0.5555555555555556,0.4305555555555556,0.19047619047619047,0.734375,0.171875
references/R038409.jpg,queries/Q33160.jpg,disc21_neg,0,0.421875,0.49206349206349204,0.5833333333333334,0.21428571428571427,0.484375,0.125
references/R038409.jpg,queries/Q07130.jpg,disc21_neg,0,0.671875,0.49206349206349204,0.375,0.23809523809523808,0.59375,0.125
references/R038409.jpg,queries/Q46118.jpg,disc21_neg,0,0.640625,0.49206349206349204,0.4027777777777778,0.11904761904761904,0.53125,0.46875
references/R038409.jpg,queries/Q16914.jpg,disc21_neg,0,0.46875,0.5396825396825397,0.4583333333333333,0.14285714285714285,0.453125,0.265625
references/R038409.jpg,queries/Q11315.jpg,disc21_neg,0,0.3125,0.3968253968253968,0.4583333333333333,0.07142857142857142,0.421875,1.0
references/R038409.jpg,queries/Q82407.jpg,disc21_neg,0,0.6875,0.5714285714285714,0.3194444444444444,0.0,0.5,0.09375
references/R038409.jpg,queries/Q76103.jpg,disc21_neg,0,0.46875,0.6190476190476191,0.4444444444444444,0.14285714285714285,0.5,0.21875
references/R038409.jpg,queries/Q20722.jpg,disc21_neg,0,0.734375,0.5238095238095238,0.5,0.16666666666666666,0.671875,1.0
references/R038409.jpg,queries/Q14036.jpg,disc21_neg,0,0.625,0.4444444444444444,0.4305555555555556,0.16666666666666666,0.4375,0.21875
references/R038409.jpg,queries/Q04580.jpg,disc21_neg,0,0.15625,0.47619047619047616,0.4722222222222222,0.21428571428571427,0.21875,0.34375
references/R038409.jpg,queries/Q93399.jpg,disc21_neg,0,0.46875,0.5714285714285714,0.4305555555555556,0.14285714285714285,0.65625,0.34375
references/R038409.jpg,queries/Q96342.jpg,disc21_neg,0,0.65625,0.49206349206349204,0.4861111111111111,0.14285714285714285,0.46875,0.21875
references/R038409.jpg,queries/Q18357.jpg,disc21_neg,0,0.671875,0.6349206349206349,0.6111111111111112,0.19047619047619047,0.515625,0.09375
references/R038409.jpg,queries/Q76280.jpg,disc21_neg,0,0.484375,0.5238095238095238,0.3888888888888889,0.11904761904761904,0.65625,0.453125
references/R038409.jpg,queries/Q90402.jpg,disc21_neg,0,0.546875,0.5079365079365079,0.5138888888888888,0.16666666666666666,0.453125,0.453125
references/R038409.jpg,queries/Q14921.jpg,disc21_neg,0,0.46875,0.47619047619047616,0.4166666666666667,0.21428571428571427,0.578125,0.375
references/R038409.jpg,queries/Q19962.jpg,disc21_neg,0,0.4375,0.49206349206349204,0.5277777777777778,0.30952380952380953,0.65625,0.34375
references/R038409.jpg,queries/Q51793.jpg,disc21_neg,0,0.375,0.49206349206349204,0.4861111111111111,0.21428571428571427,0.4375,0.25
references/R038409.jpg,queries/Q49947.jpg,disc21_neg,0,0.78125,0.6031746031746031,0.5138888888888888,0.07142857142857142,0.8125,1.0
references/R038409.jpg,queries/Q62332.jpg,disc21_neg,0,0.484375,0.47619047619047616,0.4722222222222222,0.07142857142857142,0.671875,1.0
references/R038409.jpg,queries/Q51121.jpg,disc21_neg,0,0.734375,0.5396825396825397,0.5972222222222222,0.23809523809523808,0.671875,0.1875
references/R038409.jpg,queries/Q20885.jpg,disc21_neg,0,0.421875,0.5238095238095238,0.4722222222222222,0.14285714285714285,0.46875,0.203125
references/R038409.jpg,queries/Q62930.jpg,disc21_neg,0,0.6875,0.5238095238095238,0.4861111111111111,0.19047619047619047,0.671875,0.375
references/R038409.jpg,queries/Q57445.jpg,disc21_neg,0,0.6875,0.5873015873015873,0.4444444444444444,0.2857142857142857,0.625,0.390625
references/R038409.jpg,queries/Q41890.jpg,disc21_neg,0,0.796875,0.5555555555555556,0.3472222222222222,0.14285714285714285,0.625,0.234375
references/R038409.jpg,queries/Q98663.jpg,disc21_neg,0,0.5625,0.5555555555555556,0.4861111111111111,0.21428571428571427,0.609375,0.109375
references/R038409.jpg,queries/Q28079.jpg,disc21_neg,0,0.53125,0.5396825396825397,0.4861111111111111,0.23809523809523808,0.515625,0.40625
references/R038409.jpg,queries/Q77455.jpg,disc21_neg,0,0.828125,0.42857142857142855,0.4027777777777778,0.09523809523809523,0.6875,0.484375
references/R038409.jpg,queries/Q73296.jpg,disc21_neg,0,0.296875,0.4444444444444444,0.375,0.21428571428571427,0.40625,0.125
references/R038409.jpg,queries/Q67223.jpg,disc21_neg,0,0.296875,0.4603174603174603,0.4027777777777778,0.19047619047619047,0.25,0.390625
references/R038409.jpg,queries/Q82628.jpg,disc21_neg,0,0.671875,0.6031746031746031,0.4444444444444444,0.19047619047619047,0.671875,0.34375
references/R038409.jpg,queries/Q06246.jpg,disc21_neg,0,0.75,0.49206349206349204,0.4583333333333333,0.11904761904761904,0.671875,0.234375
references/R038409.jpg,queries/Q96407.jpg,disc21_neg,0,0.71875,0.5555555555555556,0.5,0.16666666666666666,0.59375,0.28125
references/R038409.jpg,queries/Q95903.jpg,disc21_neg,0,0.34375,0.4126984126984127,0.4722222222222222,0.21428571428571427,0.453125,0.265625
references/R038409.jpg,queries/Q77157.jpg,disc21_neg,0,0.421875,0.5238095238095238,0.3472222222222222,0.07142857142857142,0.6875,0.15625
references/R038409.jpg,queries/Q87626.jpg,disc21_neg,0,0.671875,0.47619047619047616,0.4027777777777778,0.16666666666666666,0.609375,0.21875
references/R038409.jpg,queries/Q61003.jpg,disc21_neg,0,0.75,0.5079365079365079,0.5555555555555556,0.14285714285714285,0.5625,0.34375
references/R038409.jpg,queries/Q47688.jpg,disc21_neg,0,0.421875,0.5714285714285714,0.5,0.14285714285714285,0.6875,0.234375
references/R038409.jpg,queries/Q60894.jpg,disc21_neg,0,0.5625,0.4603174603174603,0.375,0.19047619047619047,0.5625,0.234375
references/R038409.jpg,queries/Q41505.jpg,disc21_neg,0,0.515625,0.3968253968253968,0.4027777777777778,0.09523809523809523,0.609375,0.296875
references/R038409.jpg,queries/Q39131.jpg,disc21_neg,0,0.125,0.5714285714285714,0.4861111111111111,0.19047619047619047,0.3125,0.375
references/R038409.jpg,queries/Q46302.jpg,disc21_neg,0,0.3125,0.47619047619047616,0.4027777777777778,0.11904761904761904,0.40625,1.0
references/R038409.jpg,queries/Q95798.jpg,disc21_neg,0,0.703125,0.5714285714285714,0.5555555555555556,0.19047619047619047,0.546875,0.234375
references/R038409.jpg,queries/Q03158.jpg,disc21_neg,0,0.859375,0.5238095238095238,0.4166666666666667,0.16666666666666666,0.390625,0.3125
references/R038409.jpg,queries/Q44526.jpg,disc21_neg,0,0.453125,0.5714285714285714,0.4027777777777778,0.11904761904761904,0.59375,1.0
references/R038409.jpg,queries/Q28374.jpg,disc21_neg,0,0.546875,0.5714285714285714,0.4305555555555556,0.11904761904761904,0.6875,0.390625
references/R038409.jpg,queries/Q50386.jpg,disc21_neg,0,0.703125,0.5396825396825397,0.3611111111111111,0.21428571428571427,0.734375,0.375
references/R038409.jpg,queries/Q80643.jpg,disc21_neg,0,0.75,0.5714285714285714,0.5,0.19047619047619047,0.640625,0.21875
references/R038409.jpg,queries/Q99763.jpg,disc21_neg,0,0.5,0.5555555555555556,0.3888888888888889,0.11904761904761904,0.59375,0.265625
references/R038409.jpg,queries/Q48948.jpg,disc21_neg,0,0.578125,0.42857142857142855,0.5277777777777778,0.23809523809523808,0.375,0.234375
references/R038409.jpg,queries/Q43931.jpg,disc21_neg,0,0.859375,0.49206349206349204,0.4305555555555556,0.14285714285714285,0.765625,0.25
references/R038409.jpg,queries/Q09788.jpg,disc21_neg,0,0.40625,0.5238095238095238,0.4166666666666667,0.14285714285714285,0.390625,0.3125
references/R038409.jpg,queries/Q49464.jpg,disc21_neg,0,0.515625,0.42857142857142855,0.5,0.16666666666666666,0.65625,0.359375
references/R038409.jpg,queries/Q89769.jpg,disc21_neg,0,0.46875,0.38095238095238093,0.4166666666666667,0.14285714285714285,0.484375,0.125
references/R038409.jpg,queries/Q43592.jpg,disc21_neg,0,0.78125,0.5079365079365079,0.4861111111111111,0.14285714285714285,0.6875,0.234375
references/R038409.jpg,queries/Q46047.jpg,disc21_neg,0,0.640625,0.5873015873015873,0.3611111111111111,0.16666666666666666,0.546875,0.34375
references/R038409.jpg,queries/Q06231.jpg,disc21_neg,0,0.640625,0.5079365079365079,0.3472222222222222,0.16666666666666666,0.578125,0.1875
references/R038409.jpg,queries/Q86376.jpg,disc21_neg,0,0.59375,0.4444444444444444,0.5138888888888888,0.023809523809523808,0.609375,0.15625
references/R038409.jpg,queries/Q78880.jpg,disc21_neg,0,0.46875,0.5079365079365079,0.5138888888888888,0.14285714285714285,0.59375,0.265625
references/R038409.jpg,queries/Q41104.jpg,disc21_neg,0,0.546875,0.38095238095238093,0.4305555555555556,0.21428571428571427,0.71875,0.28125
references/R038409.jpg,queries/Q79451.jpg,disc21_neg,0,0.65625,0.49206349206349204,0.4444444444444444,0.07142857142857142,0.65625,0.265625
references/R038409.jpg,queries/Q04978.jpg,disc21_neg,0,0.75,0.5555555555555556,0.375,0.14285714285714285,0.640625,0.1875
references/R038409.jpg,queries/Q77561.jpg,disc21_neg,0,0.609375,0.5555555555555556,0.4305555555555556,0.19047619047619047,0.640625,0.234375
references/R038409.jpg,queries/Q92018.jpg,disc21_neg,0,0.53125,0.4603174603174603,0.375,0.21428571428571427,0.5625,0.375
references/R038409.jpg,queries/Q01467.jpg,disc21_neg,0,0.8125,0.5396825396825397,0.4027777777777778,0.11904761904761904,0.71875,1.0
references/R038409.jpg,queries/Q91362.jpg,disc21_neg,0,0.53125,0.5396825396825397,0.5138888888888888,0.23809523809523808,0.515625,0.484375
references/R038409.jpg,queries/Q23004.jpg,disc21_neg,0,0.71875,0.5079365079365079,0.4444444444444444,0.16666666666666666,0.53125,0.34375
references/R038409.jpg,queries/Q34681.jpg,disc21_neg,0,0.359375,0.4444444444444444,0.4166666666666667,0.047619047619047616,0.421875,0.265625
references/R038409.jpg,queries/Q78419.jpg,disc21_neg,0,0.640625,0.4603174603174603,0.4583333333333333,0.16666666666666666,0.625,0.171875
references/R038409.jpg,queries/Q67363.jpg,disc21_neg,0,0.890625,0.5396825396825397,0.5833333333333334,0.14285714285714285,0.703125,0.328125
references/R038409.jpg,queries/Q97440.jpg,disc21_neg,0,0.53125,0.5238095238095238,0.4305555555555556,0.09523809523809523,0.40625,0.234375
references/R038409.jpg,queries/Q09847.jpg,disc21_neg,0,0.75,0.6190476190476191,0.5277777777777778,0.19047619047619047,0.796875,0.265625
references/R038409.jpg,queries/Q15744.jpg,disc21_neg,0,0.671875,0.5238095238095238,0.4444444444444444,0.0,0.609375,0.1875
references/R038409.jpg,queries/Q66374.jpg,disc21_neg,0,0.671875,0.38095238095238093,0.3333333333333333,0.16666666666666666,0.546875,0.59375
references/R038409.jpg,queries/Q58786.jpg,disc21_neg,0,0.625,0.5079365079365079,0.4722222222222222,0.19047619047619047,0.40625,0.421875
references/R038409.jpg,queries/Q11621.jpg,disc21_neg,0,0.484375,0.42857142857142855,0.4722222222222222,0.21428571428571427,0.65625,0.0625
references/R038409.jpg,queries/Q85001.jpg,disc21_neg,0,0.5,0.5714285714285714,0.3055555555555556,0.14285714285714285,0.53125,0.328125
references/R038409.jpg,queries/Q26645.jpg,disc21_neg,0,0.515625,0.5079365079365079,0.4305555555555556,0.09523809523809523,0.609375,0.453125
references/R038409.jpg,queries/Q83468.jpg,disc21_neg,0,0.546875,0.5396825396825397,0.4583333333333333,0.14285714285714285,0.703125,0.359375
references/R038409.jpg,queries/Q13264.jpg,disc21_neg,0,0.78125,0.5079365079365079,0.4166666666666667,0.16666666666666666,0.640625,0.203125
references/R038409.jpg,queries/Q80670.jpg,disc21_neg,0,0.75,0.5238095238095238,0.375,0.11904761904761904,0.65625,1.0
references/R038409.jpg,queries/Q22299.jpg,disc21_neg,0,0.8125,0.5238095238095238,0.4444444444444444,0.11904761904761904,0.609375,0.34375
references/R038409.jpg,queries/Q20920.jpg,disc21_neg,0,0.46875,0.5555555555555556,0.5138888888888888,0.14285714285714285,0.421875,0.328125
references/R038409.jpg,queries/Q20109.jpg,disc21_neg,0,0.328125,0.4126984126984127,0.5,0.09523809523809523,0.40625,0.109375
references/R038409.jpg,queries/Q53504.jpg,disc21_neg,0,0.78125,0.4603174603174603,0.5,0.11904761904761904,0.640625,0.234375
references/R038409.jpg,queries/Q75320.jpg,disc21_neg,0,0.28125,0.5396825396825397,0.4583333333333333,0.0,0.40625,0.046875
references/R038409.jpg,queries/Q19829.jpg,disc21_neg,0,0.828125,0.5555555555555556,0.4444444444444444,0.14285714285714285,0.59375,0.1875
references/R038409.jpg,queries/Q11119.jpg,disc21_neg,0,0.515625,0.5396825396825397,0.5416666666666666,0.16666666666666666,0.625,0.40625
references/R038409.jpg,queries/Q85387.jpg,disc21_neg,0,0.84375,0.5873015873015873,0.4583333333333333,0.023809523809523808,0.625,0.1875
references/R038409.jpg,queries/Q93551.jpg,disc21_neg,0,0.375,0.4444444444444444,0.375,0.16666666666666666,0.3125,0.265625
references/R038409.jpg,queries/Q04629.jpg,disc21_neg,0,0.671875,0.5238095238095238,0.4722222222222222,0.11904761904761904,0.5625,0.3125
references/R038409.jpg,queries/Q96392.jpg,disc21_neg,0,0.78125,0.42857142857142855,0.4444444444444444,0.16666666666666666,0.6875,0.203125
references/R038409.jpg,queries/Q20604.jpg,disc21_neg,0,0.453125,0.5238095238095238,0.3611111111111111,0.07142857142857142,0.40625,1.0
references/R038409.jpg,queries/Q94239.jpg,disc21_neg,0,0.484375,0.38095238095238093,0.4027777777777778,0.16666666666666666,0.421875,0.28125
references/R038409.jpg,queries/Q86075.jpg,disc21_neg,0,0.515625,0.5079365079365079,0.4583333333333333,0.11904761904761904,0.3125,0.359375
references/R038409.jpg,queries/Q11005.jpg,disc21_neg,0,0.546875,0.5873015873015873,0.5555555555555556,0.11904761904761904,0.625,0.3125
references/R038409.jpg,queries/Q66508.jpg,disc21_neg,0,0.515625,0.4603174603174603,0.5277777777777778,0.16666666666666666,0.515625,0.4375
references/R038409.jpg,queries/Q84207.jpg,disc21_neg,0,0.34375,0.5396825396825397,0.4444444444444444,0.11904761904761904,0.375,0.234375
references/R038409.jpg,queries/Q77441.jpg,disc21_neg,0,0.546875,0.49206349206349204,0.4583333333333333,0.14285714285714285,0.484375,0.234375
references/R038409.jpg,queries/Q06021.jpg,disc21_neg,0,0.59375,0.5714285714285714,0.4444444444444444,0.07142857142857142,0.65625,0.25
references/R038409.jpg,queries/Q67587.jpg,disc21_neg,0,0.65625,0.3968253968253968,0.3194444444444444,0.11904761904761904,0.6875,0.15625
references/R038409.jpg,queries/Q52619.jpg,disc21_neg,0,0.71875,0.4444444444444444,0.5138888888888888,0.19047619047619047,0.484375,0.390625
references/R038409.jpg,queries/Q35474.jpg,disc21_neg,0,0.671875,0.6666666666666666,0.5277777777777778,0.16666666666666666,0.421875,0.25
references/R038409.jpg,queries/Q58438.jpg,disc21_neg,0,0.5625,0.4603174603174603,0.5277777777777778,0.23809523809523808,0.484375,0.15625
references/R038409.jpg,queries/Q35225.jpg,disc21_neg,0,0.421875,0.4603174603174603,0.5138888888888888,0.21428571428571427,0.546875,0.09375
references/R038409.jpg,queries/Q22728.jpg,disc21_neg,0,0.734375,0.5873015873015873,0.4861111111111111,0.11904761904761904,0.578125,0.359375
references/R038409.jpg,queries/Q43188.jpg,disc21_neg,0,0.609375,0.3968253968253968,0.4861111111111111,0.14285714285714285,0.578125,0.328125
references/R038409.jpg,queries/Q74039.jpg,disc21_neg,0,0.5625,0.5079365079365079,0.4722222222222222,0.19047619047619047,0.578125,0.28125
references/R038409.jpg,queries/Q20927.jpg,disc21_neg,0,0.65625,0.6349206349206349,0.4722222222222222,0.14285714285714285,0.703125,0.296875
references/R038409.jpg,queries/Q58809.jpg,disc21_neg,0,0.734375,0.4126984126984127,0.5,0.16666666666666666,0.65625,0.28125
references/R038409.jpg,queries/Q03233.jpg,disc21_neg,0,0.5,0.5714285714285714,0.4027777777777778,0.19047619047619047,0.5625,0.125
references/R038409.jpg,queries/Q27356.jpg,disc21_neg,0,0.40625,0.4603174603174603,0.4166666666666667,0.19047619047619047,0.59375,0.296875
references/R038409.jpg,queries/Q86808.jpg,disc21_neg,0,0.296875,0.5396825396825397,0.5277777777777778,0.11904761904761904,0.453125,0.390625
references/R038409.jpg,queries/Q83042.jpg,disc21_neg,0,0.765625,0.5555555555555556,0.5694444444444444,0.11904761904761904,0.5,0.40625
references/R038409.jpg,queries/Q08740.jpg,disc21_neg,0,0.65625,0.5714285714285714,0.5277777777777778,0.14285714285714285,0.59375,0.53125
references/R038409.jpg,queries/Q84073.jpg,disc21_neg,0,0.5625,0.4603174603174603,0.4861111111111111,0.19047619047619047,0.375,0.375
references/R038409.jpg,queries/Q78034.jpg,disc21_neg,0,0.625,0.6507936507936508,0.5555555555555556,0.07142857142857142,0.46875,0.390625
references/R038409.jpg,queries/Q68987.jpg,disc21_neg,0,0.4375,0.47619047619047616,0.4583333333333333,0.14285714285714285,0.546875,0.140625
references/R038409.jpg,queries/Q41053.jpg,disc21_neg,0,0.921875,0.5873015873015873,0.375,0.11904761904761904,0.453125,0.390625
references/R038409.jpg,queries/Q52353.jpg,disc21_neg,0,0.296875,0.47619047619047616,0.3055555555555556,0.16666666666666666,0.5,0.328125
references/R038409.jpg,queries/Q35712.jpg,disc21_neg,0,0.296875,0.5396825396825397,0.4861111111111111,0.047619047619047616,0.375,0.109375
references/R038409.jpg,queries/Q43994.jpg,disc21_neg,0,0.578125,0.49206349206349204,0.3472222222222222,0.19047619047619047,0.546875,0.203125
references/R038409.jpg,queries/Q37489.jpg,disc21_neg,0,0.5,0.5238095238095238,0.5277777777777778,0.19047619047619047,0.421875,0.125
references/R038409.jpg,queries/Q12033.jpg,disc21_neg,0,0.734375,0.6031746031746031,0.4305555555555556,0.2619047619047619,0.65625,0.21875
references/R038409.jpg,queries/Q52043.jpg,disc21_neg,0,0.671875,0.5555555555555556,0.5277777777777778,0.19047619047619047,0.65625,0.25
references/R038409.jpg,queries/Q82327.jpg,disc21_neg,0,0.390625,0.6349206349206349,0.5138888888888888,0.16666666666666666,0.578125,0.328125
references/R038409.jpg,queries/Q66228.jpg,disc21_neg,0,0.3125,0.3968253968253968,0.3472222222222222,0.11904761904761904,0.40625,0.1875
references/R038409.jpg,queries/Q91104.jpg,disc21_neg,0,0.328125,0.49206349206349204,0.4305555555555556,0.16666666666666666,0.296875,0.171875
references/R038409.jpg,queries/Q47724.jpg,disc21_neg,0,0.28125,0.5555555555555556,0.3888888888888889,0.11904761904761904,0.3125,0.421875
references/R038409.jpg,queries/Q99313.jpg,disc21_neg,0,0.84375,0.5396825396825397,0.4583333333333333,0.16666666666666666,0.546875,0.4375
references/R038409.jpg,queries/Q03572.jpg,disc21_neg,0,0.8125,0.5555555555555556,0.4722222222222222,0.16666666666666666,0.671875,0.390625
references/R038409.jpg,queries/Q04414.jpg,disc21_neg,0,0.703125,0.49206349206349204,0.4444444444444444,0.07142857142857142,0.671875,1.0
references/R038409.jpg,queries/Q12405.jpg,disc21_neg,0,0.8125,0.4126984126984127,0.4166666666666667,0.16666666666666666,0.6875,0.078125
references/R038409.jpg,queries/Q10788.jpg,disc21_neg,0,0.515625,0.5238095238095238,0.5555555555555556,0.21428571428571427,0.65625,0.234375
references/R038409.jpg,queries/Q93882.jpg,disc21_neg,0,0.4375,0.5396825396825397,0.5138888888888888,0.07142857142857142,0.4375,0.265625
references/R038409.jpg,queries/Q99309.jpg,disc21_neg,0,0.828125,0.47619047619047616,0.4583333333333333,0.047619047619047616,0.40625,0.140625
references/R038409.jpg,queries/Q45318.jpg,disc21_neg,0,0.671875,0.49206349206349204,0.5277777777777778,0.14285714285714285,0.625,0.265625
references/R038409.jpg,queries/Q06214.jpg,disc21_neg,0,0.546875,0.47619047619047616,0.5138888888888888,0.14285714285714285,0.515625,0.28125
references/R038409.jpg,queries/Q21250.jpg,disc21_neg,0,0.171875,0.4603174603174603,0.5972222222222222,0.19047619047619047,0.359375,0.046875
references/R038409.jpg,queries/Q71855.jpg,disc21_neg,0,0.609375,0.5714285714285714,0.4722222222222222,0.19047619047619047,0.546875,0.375
references/R038409.jpg,queries/Q31549.jpg,disc21_neg,0,0.609375,0.47619047619047616,0.5,0.14285714285714285,0.609375,0.265625
references/R038409.jpg,queries/Q54918.jpg,disc21_neg,0,0.625,0.5714285714285714,0.4583333333333333,0.19047619047619047,0.671875,0.390625
references/R038409.jpg,queries/Q02275.jpg,disc21_neg,0,0.75,0.49206349206349204,0.3611111111111111,0.11904761904761904,0.421875,0.15625
references/R038409.jpg,queries/Q45804.jpg,disc21_neg,0,0.6875,0.6349206349206349,0.4722222222222222,0.19047619047619047,0.484375,0.21875
references/R038409.jpg,queries/Q80919.jpg,disc21_neg,0,0.4375,0.47619047619047616,0.3472222222222222,0.16666666666666666,0.359375,0.359375
references/R038409.jpg,queries/Q09665.jpg,disc21_neg,0,0.546875,0.5873015873015873,0.4027777777777778,0.21428571428571427,0.546875,0.46875
references/R038409.jpg,queries/Q35735.jpg,disc21_neg,0,0.59375,0.5555555555555556,0.4861111111111111,0.11904761904761904,0.609375,0.375
references/R038409.jpg,queries/Q73938.jpg,disc21_neg,0,0.515625,0.4444444444444444,0.2222222222222222,0.19047619047619047,0.609375,0.046875
references/R038409.jpg,queries/Q57734.jpg,disc21_neg,0,0.640625,0.3968253968253968,0.3888888888888889,0.19047619047619047,0.59375,0.171875
references/R038409.jpg,queries/Q25427.jpg,disc21_neg,0,0.59375,0.5396825396825397,0.4444444444444444,0.16666666666666666,0.65625,1.0
references/R038409.jpg,queries/Q35698.jpg,disc21_neg,0,0.515625,0.47619047619047616,0.5,0.19047619047619047,0.578125,0.28125
references/R038409.jpg,queries/Q91750.jpg,disc21_neg,0,0.65625,0.42857142857142855,0.5138888888888888,0.09523809523809523,0.546875,0.125
references/R038409.jpg,queries/Q11090.jpg,disc21_neg,0,0.828125,0.6190476190476191,0.5138888888888888,0.16666666666666666,0.828125,0.15625
references/R038409.jpg,queries/Q51831.jpg,disc21_neg,0,0.34375,0.49206349206349204,0.4027777777777778,0.11904761904761904,0.4375,0.296875
references/R038409.jpg,queries/Q25681.jpg,disc21_neg,0,0.890625,0.42857142857142855,0.5138888888888888,0.14285714285714285,0.703125,0.1875
references/R038409.jpg,queries/Q87002.jpg,disc21_neg,0,0.3125,0.6349206349206349,0.4305555555555556,0.16666666666666666,0.421875,0.28125
references/R038409.jpg,queries/Q38752.jpg,disc21_neg,0,0.578125,0.5873015873015873,0.4861111111111111,0.23809523809523808,0.375,0.234375
references/R038409.jpg,queries/Q90620.jpg,disc21_neg,0,0.703125,0.3968253968253968,0.375,0.14285714285714285,0.609375,0.421875
references/R038409.jpg,queries/Q77427.jpg,disc21_neg,0,0.34375,0.6031746031746031,0.4444444444444444,0.047619047619047616,0.46875,0.21875
references/R038409.jpg,queries/Q53931.jpg,disc21_neg,0,0.34375,0.6031746031746031,0.4027777777777778,0.21428571428571427,0.375,0.390625
references/R038409.jpg,queries/Q38881.jpg,disc21_neg,0,0.390625,0.5555555555555556,0.5,0.16666666666666666,0.421875,0.453125
references/R038409.jpg,queries/Q21795.jpg,disc21_neg,0,0.296875,0.5238095238095238,0.4444444444444444,0.11904761904761904,0.53125,1.0
references/R038409.jpg,queries/Q12458.jpg,disc21_neg,0,0.59375,0.42857142857142855,0.4444444444444444,0.14285714285714285,0.5,0.328125
references/R038409.jpg,queries/Q07078.jpg,disc21_neg,0,0.78125,0.5238095238095238,0.3888888888888889,0.16666666666666666,0.5625,0.390625
references/R038409.jpg,queries/Q99396.jpg,disc21_neg,0,0.5,0.5238095238095238,0.4583333333333333,0.2857142857142857,0.578125,0.0625
references/R038409.jpg,queries/Q10464.jpg,disc21_neg,0,0.4375,0.47619047619047616,0.5555555555555556,0.11904761904761904,0.484375,1.0
references/R038409.jpg,queries/Q77823.jpg,disc21_neg,0,0.4375,0.36507936507936506,0.4027777777777778,0.19047619047619047,0.40625,0.25
references/R038409.jpg,queries/Q64264.jpg,disc21_neg,0,0.421875,0.5555555555555556,0.5277777777777778,0.11904761904761904,0.484375,0.1875
references/R038409.jpg,queries/Q46811.jpg,disc21_neg,0,0.875,0.5079365079365079,0.4722222222222222,0.047619047619047616,0.578125,0.21875
references/R038409.jpg,queries/Q25224.jpg,disc21_neg,0,0.5,0.5714285714285714,0.5694444444444444,0.14285714285714285,0.515625,0.34375
references/R038409.jpg,queries/Q14569.jpg,disc21_neg,0,0.5,0.5396825396825397,0.4166666666666667,0.19047619047619047,0.453125,0.15625
references/R038409.jpg,queries/Q90957.jpg,disc21_neg,0,0.609375,0.5714285714285714,0.4305555555555556,0.11904761904761904,0.734375,1.0
references/R038409.jpg,queries/Q48755.jpg,disc21_neg,0,0.875,0.5238095238095238,0.4583333333333333,0.14285714285714285,0.5625,0.0625
references/R038409.jpg,queries/Q72821.jpg,disc21_neg,0,0.59375,0.42857142857142855,0.3333333333333333,0.16666666666666666,0.359375,0.234375
references/R038409.jpg,queries/Q35383.jpg,disc21_neg,0,0.671875,0.49206349206349204,0.4444444444444444,0.09523809523809523,0.796875,0.34375
references/R038409.jpg,queries/Q98934.jpg,disc21_neg,0,0.796875,0.6031746031746031,0.5833333333333334,0.23809523809523808,0.78125,0.40625
references/R038409.jpg,queries/Q11784.jpg,disc21_neg,0,0.78125,0.6825396825396826,0.5,0.07142857142857142,0.640625,1.0
references/R038409.jpg,queries/Q18479.jpg,disc21_neg,0,0.703125,0.42857142857142855,0.4444444444444444,0.19047619047619047,0.546875,0.171875
references/R038409.jpg,queries/Q71979.jpg,disc21_neg,0,0.15625,0.5396825396825397,0.4166666666666667,0.16666666666666666,0.34375,0.265625
references/R038409.jpg,queries/Q85662.jpg,disc21_neg,0,0.421875,0.4603174603174603,0.3888888888888889,0.07142857142857142,0.4375,1.0
references/R038409.jpg,queries/Q31528.jpg,disc21_neg,0,0.875,0.5714285714285714,0.5138888888888888,0.11904761904761904,0.640625,0.234375
references/R038409.jpg,queries/Q99375.jpg,disc21_neg,0,0.453125,0.5238095238095238,0.375,0.21428571428571427,0.5,0.203125
references/R038409.jpg,queries/Q74549.jpg,disc21_neg,0,0.671875,0.4603174603174603,0.4722222222222222,0.14285714285714285,0.625,0.359375
references/R038409.jpg,queries/Q88930.jpg,disc21_neg,0,0.265625,0.6031746031746031,0.3888888888888889,0.16666666666666666,0.40625,0.171875
references/R038409.jpg,queries/Q35352.jpg,disc21_neg,0,0.484375,0.5555555555555556,0.4027777777777778,0.21428571428571427,0.390625,0.59375
references/R038409.jpg,queries/Q83160.jpg,disc21_neg,0,0.609375,0.4444444444444444,0.3472222222222222,0.23809523809523808,0.65625,0.34375
references/R038409.jpg,queries/Q03273.jpg,disc21_neg,0,0.5,0.4603174603174603,0.4166666666666667,0.14285714285714285,0.375,0.171875
references/R038409.jpg,queries/Q42782.jpg,disc21_neg,0,0.328125,0.4126984126984127,0.4722222222222222,0.047619047619047616,0.4375,0.15625
references/R038409.jpg,queries/Q29504.jpg,disc21_neg,0,0.421875,0.5238095238095238,0.4861111111111111,0.11904761904761904,0.296875,0.296875
references/R038409.jpg,queries/Q98513.jpg,disc21_neg,0,0.671875,0.5396825396825397,0.5277777777777778,0.2857142857142857,0.59375,0.375
references/R038409.jpg,queries/Q63550.jpg,disc21_neg,0,0.515625,0.4603174603174603,0.4166666666666667,0.07142857142857142,0.5,1.0
references/R038409.jpg,queries/Q61416.jpg,disc21_neg,0,0.625,0.5714285714285714,0.4166666666666667,0.07142857142857142,0.640625,1.0
references/R038409.jpg,queries/Q08657.jpg,disc21_neg,0,0.328125,0.42857142857142855,0.5555555555555556,0.19047619047619047,0.5,0.1875
references/R038409.jpg,queries/Q61499.jpg,disc21_neg,0,0.46875,0.4603174603174603,0.4861111111111111,0.19047619047619047,0.53125,0.234375
references/R038409.jpg,queries/Q12058.jpg,disc21_neg,0,0.53125,0.49206349206349204,0.3055555555555556,0.19047619047619047,0.484375,0.390625
references/R038409.jpg,queries/Q85626.jpg,disc21_neg,0,0.796875,0.5714285714285714,0.3611111111111111,0.16666666666666666,0.75,0.375
references/R038409.jpg,queries/Q68569.jpg,disc21_neg,0,0.78125,0.6666666666666666,0.5138888888888888,0.14285714285714285,0.71875,0.28125
references/R038409.jpg,queries/Q60485.jpg,disc21_neg,0,0.875,0.5714285714285714,0.3888888888888889,0.11904761904761904,0.5,0.53125
references/R038409.jpg,queries/Q17202.jpg,disc21_neg,0,0.359375,0.49206349206349204,0.4305555555555556,0.09523809523809523,0.40625,0.40625
references/R038409.jpg,queries/Q62293.jpg,disc21_neg,0,0.640625,0.5873015873015873,0.4444444444444444,0.19047619047619047,0.703125,0.4375
references/R038409.jpg,queries/Q21060.jpg,disc21_neg,0,0.390625,0.4603174603174603,0.4027777777777778,0.11904761904761904,0.515625,1.0
references/R038409.jpg,queries/Q34035.jpg,disc21_neg,0,0.796875,0.6031746031746031,0.5138888888888888,0.16666666666666666,0.640625,0.515625
references/R038409.jpg,queries/Q59379.jpg,disc21_neg,0,0.6875,0.4603174603174603,0.5555555555555556,0.11904761904761904,0.5625,0.34375
references/R038409.jpg,queries/Q22020.jpg,disc21_neg,0,0.5625,0.5238095238095238,0.5138888888888888,0.16666666666666666,0.5,0.28125
references/R038409.jpg,queries/Q27651.jpg,disc21_neg,0,0.65625,0.3968253968253968,0.3333333333333333,0.07142857142857142,0.40625,1.0
references/R038409.jpg,queries/Q48110.jpg,disc21_neg,0,0.625,0.5396825396825397,0.4861111111111111,0.19047619047619047,0.671875,0.34375
references/R038409.jpg,queries/Q59266.jpg,disc21_neg,0,0.328125,0.49206349206349204,0.4166666666666667,0.14285714285714285,0.34375,0.375
references/R038409.jpg,queries/Q04618.jpg,disc21_neg,0,0.4375,0.5714285714285714,0.5277777777777778,0.11904761904761904,0.359375,0.25
references/R038409.jpg,queries/Q72623.jpg,disc21_neg,0,0.421875,0.5079365079365079,0.5416666666666666,0.16666666666666666,0.453125,0.375
references/R038409.jpg,queries/Q01094.jpg,disc21_neg,0,0.5625,0.5079365079365079,0.4861111111111111,0.07142857142857142,0.4375,1.0
references/R038409.jpg,queries/Q26536.jpg,disc21_neg,0,0.734375,0.49206349206349204,0.4722222222222222,0.21428571428571427,0.546875,0.40625
references/R038409.jpg,queries/Q38818.jpg,disc21_neg,0,0.890625,0.5238095238095238,0.4722222222222222,0.07142857142857142,0.75,1.0
references/R038409.jpg,queries/Q64541.jpg,disc21_neg,0,0.3125,0.5079365079365079,0.4861111111111111,0.11904761904761904,0.375,0.265625
references/R038409.jpg,queries/Q02033.jpg,disc21_neg,0,0.578125,0.6031746031746031,0.375,0.023809523809523808,0.625,0.15625
references/R038409.jpg,queries/Q68611.jpg,disc21_neg,0,0.8125,0.5873015873015873,0.5416666666666666,0.16666666666666666,0.703125,0.375
references/R038409.jpg,queries/Q28129.jpg,disc21_neg,0,0.6875,0.4444444444444444,0.4166666666666667,0.09523809523809523,0.578125,0.25
references/R038409.jpg,queries/Q56888.jpg,disc21_neg,0,0.421875,0.4444444444444444,0.4166666666666667,0.09523809523809523,0.34375,0.234375
references/R038409.jpg,queries/Q73143.jpg,disc21_neg,0,0.359375,0.4126984126984127,0.4305555555555556,0.09523809523809523,0.375,0.1875
references/R038409.jpg,queries/Q81033.jpg,disc21_neg,0,0.546875,0.5555555555555556,0.4027777777777778,0.11904761904761904,0.71875,1.0
references/R038409.jpg,queries/Q80036.jpg,disc21_neg,0,0.515625,0.5079365079365079,0.3888888888888889,0.19047619047619047,0.453125,0.109375
references/R038409.jpg,queries/Q22813.jpg,disc21_neg,0,0.5,0.49206349206349204,0.4305555555555556,0.11904761904761904,0.515625,0.25
references/R038409.jpg,queries/Q09663.jpg,disc21_neg,0,0.875,0.5396825396825397,0.4861111111111111,0.07142857142857142,0.796875,0.390625
references/R038409.jpg,queries/Q85543.jpg,disc21_neg,0,0.578125,0.5238095238095238,0.3333333333333333,0.16666666666666666,0.453125,0.15625
references/R038409.jpg,queries/Q37158.jpg,disc21_neg,0,0.328125,0.5238095238095238,0.4722222222222222,0.11904761904761904,0.5625,0.328125
references/R038409.jpg,queries/Q18274.jpg,disc21_neg,0,0.65625,0.5238095238095238,0.3472222222222222,0.19047619047619047,0.484375,0.390625
references/R038409.jpg,queries/Q28899.jpg,disc21_neg,0,0.6875,0.4603174603174603,0.4583333333333333,0.09523809523809523,0.546875,0.21875
references/R038409.jpg,queries/Q79930.jpg,disc21_neg,0,0.359375,0.47619047619047616,0.4583333333333333,0.14285714285714285,0.359375,0.15625
references/R038409.jpg,queries/Q97804.jpg,disc21_neg,0,0.546875,0.47619047619047616,0.4722222222222222,0.21428571428571427,0.328125,0.140625
references/R038409.jpg,queries/Q67461.jpg,disc21_neg,0,0.625,0.4444444444444444,0.375,0.23809523809523808,0.671875,0.390625
references/R038409.jpg,queries/Q41309.jpg,disc21_neg,0,0.65625,0.5873015873015873,0.5277777777777778,0.07142857142857142,0.75,0.1875
references/R038409.jpg,queries/Q62634.jpg,disc21_neg,0,0.71875,0.42857142857142855,0.375,0.14285714285714285,0.6875,0.1875
references/R038409.jpg,queries/Q73861.jpg,disc21_neg,0,0.4375,0.5079365079365079,0.3888888888888889,0.19047619047619047,0.59375,0.078125
references/R038409.jpg,queries/Q96866.jpg,disc21_neg,0,0.375,0.47619047619047616,0.4027777777777778,0.11904761904761904,0.328125,1.0
references/R038409.jpg,queries/Q82477.jpg,disc21_neg,0,0.515625,0.47619047619047616,0.4166666666666667,0.19047619047619047,0.625,0.203125
references/R038409.jpg,queries/Q89422.jpg,disc21_neg,0,0.265625,0.4603174603174603,0.4166666666666667,0.16666666666666666,0.296875,0.15625
references/R038409.jpg,queries/Q06997.jpg,disc21_neg,0,0.671875,0.5079365079365079,0.375,0.21428571428571427,0.5625,0.171875
references/R038409.jpg,queries/Q14078.jpg,disc21_neg,0,0.4375,0.5555555555555556,0.3888888888888889,0.21428571428571427,0.53125,0.4375
references/R038409.jpg,queries/Q52785.jpg,disc21_neg,0,0.515625,0.5079365079365079,0.4027777777777778,0.19047619047619047,0.453125,0.359375
references/R038409.jpg,queries/Q66801.jpg,disc21_neg,0,0.546875,0.5396825396825397,0.4166666666666667,0.16666666666666666,0.625,0.28125
references/R038409.jpg,queries/Q89419.jpg,disc21_neg,0,0.5,0.4603174603174603,0.375,0.11904761904761904,0.484375,0.28125
references/R038409.jpg,queries/Q45353.jpg,disc21_neg,0,0.765625,0.5555555555555556,0.4722222222222222,0.07142857142857142,0.734375,1.0
references/R038409.jpg,queries/Q01114.jpg,disc21_neg,0,0.46875,0.47619047619047616,0.4722222222222222,0.16666666666666666,0.546875,0.421875
references/R038409.jpg,queries/Q66195.jpg,disc21_neg,0,0.828125,0.4126984126984127,0.4583333333333333,0.16666666666666666,0.65625,0.125
references/R038409.jpg,queries/Q24978.jpg,disc21_neg,0,0.46875,0.3333333333333333,0.4861111111111111,0.2619047619047619,0.46875,0.34375
references/R038409.jpg,queries/Q44604.jpg,disc21_neg,0,0.53125,0.47619047619047616,0.25,0.023809523809523808,0.4375,0.125
references/R038409.jpg,queries/Q24837.jpg,disc21_neg,0,0.09375,0.4603174603174603,0.4861111111111111,0.14285714285714285,0.40625,0.046875
references/R038409.jpg,queries/Q62408.jpg,disc21_neg,0,0.6875,0.49206349206349204,0.4583333333333333,0.11904761904761904,0.5625,1.0
references/R038409.jpg,queries/Q86304.jpg,disc21_neg,0,0.703125,0.42857142857142855,0.4444444444444444,0.0,0.578125,0.328125
references/R038409.jpg,queries/Q22269.jpg,disc21_neg,0,0.515625,0.7142857142857143,0.4583333333333333,0.11904761904761904,0.671875,0.53125
references/R038409.jpg,queries/Q12667.jpg,disc21_neg,0,0.828125,0.6349206349206349,0.4722222222222222,0.09523809523809523,0.65625,0.21875
references/R038409.jpg,queries/Q57672.jpg,disc21_neg,0,0.8125,0.5396825396825397,0.4444444444444444,0.23809523809523808,0.515625,0.28125
references/R038409.jpg,queries/Q48167.jpg,disc21_neg,0,0.390625,0.4603174603174603,0.5138888888888888,0.14285714285714285,0.4375,0.125
references/R038409.jpg,queries/Q23293.jpg,disc21_neg,0,0.53125,0.49206349206349204,0.5,0.21428571428571427,0.5,0.28125
references/R038409.jpg,queries/Q67142.jpg,disc21_neg,0,0.203125,0.42857142857142855,0.5555555555555556,0.19047619047619047,0.28125,0.34375
references/R038409.jpg,queries/Q60369.jpg,disc21_neg,0,0.625,0.5555555555555556,0.4444444444444444,0.09523809523809523,0.390625,0.46875
references/R038409.jpg,queries/Q37085.jpg,disc21_neg,0,0.84375,0.5079365079365079,0.5277777777777778,0.14285714285714285,0.703125,0.390625
references/R038409.jpg,queries/Q59782.jpg,disc21_neg,0,0.765625,0.4444444444444444,0.4861111111111111,0.11904761904761904,0.5,0.296875
references/R038409.jpg,queries/Q07377.jpg,disc21_neg,0,0.4375,0.3968253968253968,0.2916666666666667,0.16666666666666666,0.359375,0.28125
references/R038409.jpg,queries/Q95607.jpg,disc21_neg,0,0.359375,0.5079365079365079,0.3472222222222222,0.19047619047619047,0.328125,0.59375
references/R038409.jpg,queries/Q15019.jpg,disc21_neg,0,0.453125,0.38095238095238093,0.5416666666666666,0.21428571428571427,0.5,0.265625
references/R038409.jpg,queries/Q16372.jpg,disc21_neg,0,0.703125,0.49206349206349204,0.4583333333333333,0.14285714285714285,0.578125,0.328125
references/R038409.jpg,queries/Q67120.jpg,disc21_neg,0,0.65625,0.6031746031746031,0.5555555555555556,0.23809523809523808,0.765625,0.109375
references/R038409.jpg,queries/Q55752.jpg,disc21_neg,0,0.453125,0.5079365079365079,0.4444444444444444,0.2619047619047619,0.46875,0.234375
references/R038409.jpg,queries/Q92925.jpg,disc21_neg,0,0.59375,0.47619047619047616,0.4444444444444444,0.14285714285714285,0.578125,0.171875
references/R038409.jpg,queries/Q51481.jpg,disc21_neg,0,0.296875,0.42857142857142855,0.4861111111111111,0.11904761904761904,0.375,0.0625
references/R038409.jpg,queries/Q23735.jpg,disc21_neg,0,0.5,0.4126984126984127,0.4166666666666667,0.09523809523809523,0.453125,0.296875
references/R038409.jpg,queries/Q13209.jpg,disc21_neg,0,0.5625,0.5396825396825397,0.3333333333333333,0.14285714285714285,0.703125,0.3125
references/R038409.jpg,queries/Q41963.jpg,disc21_neg,0,0.421875,0.47619047619047616,0.4861111111111111,0.047619047619047616,0.390625,0.171875
references/R038409.jpg,queries/Q36033.jpg,disc21_neg,0,0.46875,0.49206349206349204,0.4027777777777778,0.21428571428571427,0.59375,0.5625
references/R038409.jpg,queries/Q34935.jpg,disc21_neg,0,0.609375,0.42857142857142855,0.4166666666666667,0.09523809523809523,0.453125,0.375
references/R038409.jpg,queries/Q28035.jpg,disc21_neg,0,0.625,0.42857142857142855,0.4166666666666667,0.14285714285714285,0.484375,0.46875
references/R038409.jpg,queries/Q05388.jpg,disc21_neg,0,0.28125,0.49206349206349204,0.4027777777777778,0.16666666666666666,0.53125,0.109375
references/R038409.jpg,queries/Q31393.jpg,disc21_neg,0,0.3125,0.5555555555555556,0.4444444444444444,0.11904761904761904,0.515625,0.15625
references/R038409.jpg,queries/Q04572.jpg,disc21_neg,0,0.296875,0.4603174603174603,0.4027777777777778,0.11904761904761904,0.1875,0.359375
references/R038409.jpg,queries/Q88150.jpg,disc21_neg,0,0.5625,0.5238095238095238,0.5,0.21428571428571427,0.703125,0.46875
references/R038409.jpg,queries/Q28255.jpg,disc21_neg,0,0.375,0.5873015873015873,0.4305555555555556,0.16666666666666666,0.5,0.15625
references/R038409.jpg,queries/Q92880.jpg,disc21_neg,0,0.65625,0.42857142857142855,0.3611111111111111,0.11904761904761904,0.65625,0.25
references/R038409.jpg,queries/Q14726.jpg,disc21_neg,0,0.28125,0.5079365079365079,0.5694444444444444,0.07142857142857142,0.296875,0.171875
references/R038409.jpg,queries/Q43014.jpg,disc21_neg,0,0.84375,0.5555555555555556,0.5,0.11904761904761904,0.609375,0.296875
references/R038409.jpg,queries/Q78892.jpg,disc21_neg,0,0.640625,0.4444444444444444,0.4861111111111111,0.19047619047619047,0.59375,0.375
references/R038409.jpg,queries/Q68689.jpg,disc21_neg,0,0.625,0.5238095238095238,0.4861111111111111,0.14285714285714285,0.640625,0.234375
references/R038409.jpg,queries/Q62113.jpg,disc21_neg,0,0.71875,0.5396825396825397,0.5555555555555556,0.11904761904761904,0.59375,1.0
references/R038409.jpg,queries/Q08675.jpg,disc21_neg,0,0.90625,0.6349206349206349,0.5277777777777778,0.19047619047619047,0.734375,0.46875
references/R038409.jpg,queries/Q42116.jpg,disc21_neg,0,0.765625,0.6031746031746031,0.5694444444444444,0.09523809523809523,0.640625,0.21875
references/R038409.jpg,queries/Q08333.jpg,disc21_neg,0,0.640625,0.49206349206349204,0.625,0.16666666666666666,0.53125,0.15625
references/R038409.jpg,queries/Q84740.jpg,disc21_neg,0,0.28125,0.5873015873015873,0.5,0.11904761904761904,0.359375,0.0625
references/R038409.jpg,queries/Q21815.jpg,disc21_neg,0,0.609375,0.6031746031746031,0.4444444444444444,0.16666666666666666,0.671875,0.1875
references/R038409.jpg,queries/Q88626.jpg,disc21_neg,0,0.5625,0.49206349206349204,0.4861111111111111,0.19047619047619047,0.546875,0.4375
references/R038409.jpg,queries/Q67149.jpg,disc21_neg,0,0.453125,0.4444444444444444,0.4444444444444444,0.19047619047619047,0.296875,0.328125
references/R038409.jpg,queries/Q61916.jpg,disc21_neg,0,0.421875,0.5396825396825397,0.4027777777777778,0.23809523809523808,0.5,0.328125
references/R038409.jpg,queries/Q22533.jpg,disc21_neg,0,0.6875,0.47619047619047616,0.3611111111111111,0.07142857142857142,0.71875,1.0
references/R038409.jpg,queries/Q06313.jpg,disc21_neg,0,0.828125,0.5873015873015873,0.5277777777777778,0.09523809523809523,0.59375,0.421875
references/R038409.jpg,queries/Q60128.jpg,disc21_neg,0,0.5625,0.5238095238095238,0.5138888888888888,0.16666666666666666,0.4375,0.140625
references/R038409.jpg,queries/Q03364.jpg,disc21_neg,0,0.625,0.3968253968253968,0.4861111111111111,0.09523809523809523,0.484375,0.359375
references/R038409.jpg,queries/Q52443.jpg,disc21_neg,0,0.609375,0.49206349206349204,0.5,0.19047619047619047,0.578125,0.359375
references/R038409.jpg,queries/Q47591.jpg,disc21_neg,0,0.71875,0.49206349206349204,0.5138888888888888,0.09523809523809523,0.390625,0.3125
references/R038409.jpg,queries/Q74858.jpg,disc21_neg,0,0.421875,0.6984126984126984,0.5416666666666666,0.11904761904761904,0.484375,0.296875
references/R038409.jpg,queries/Q70017.jpg,disc21_neg,0,0.296875,0.4603174603174603,0.4583333333333333,0.09523809523809523,0.359375,0.21875
references/R038409.jpg,queries/Q61374.jpg,disc21_neg,0,0.734375,0.4603174603174603,0.4722222222222222,0.047619047619047616,0.75,0.25
references/R038409.jpg,queries/Q30152.jpg,disc21_neg,0,0.84375,0.49206349206349204,0.4722222222222222,0.16666666666666666,0.546875,0.390625
references/R038409.jpg,queries/Q36940.jpg,disc21_neg,0,0.59375,0.5396825396825397,0.5416666666666666,0.07142857142857142,0.421875,0.171875
references/R038409.jpg,queries/Q51725.jpg,disc21_neg,0,0.609375,0.3968253968253968,0.4305555555555556,0.14285714285714285,0.625,0.109375
references/R038409.jpg,queries/Q96891.jpg,disc21_neg,0,0.6875,0.5238095238095238,0.4444444444444444,0.19047619047619047,0.671875,0.390625
references/R038409.jpg,queries/Q31585.jpg,disc21_neg,0,0.625,0.5238095238095238,0.3611111111111111,0.047619047619047616,0.484375,0.125
references/R038409.jpg,queries/Q98796.jpg,disc21_neg,0,0.75,0.49206349206349204,0.375,0.11904761904761904,0.75,0.265625
references/R038409.jpg,queries/Q63721.jpg,disc21_neg,0,0.59375,0.5873015873015873,0.4444444444444444,0.19047619047619047,0.59375,0.15625
references/R038409.jpg,queries/Q38903.jpg,disc21_neg,0,0.265625,0.47619047619047616,0.375,0.047619047619047616,0.296875,0.265625
references/R038409.jpg,queries/Q67749.jpg,disc21_neg,0,0.65625,0.42857142857142855,0.5555555555555556,0.19047619047619047,0.71875,0.328125
references/R038409.jpg,queries/Q60991.jpg,disc21_neg,0,0.4375,0.4444444444444444,0.4722222222222222,0.11904761904761904,0.578125,1.0
references/R038409.jpg,queries/Q32679.jpg,disc21_neg,0,0.359375,0.5079365079365079,0.5555555555555556,0.0,0.375,0.3125
references/R038409.jpg,queries/Q25747.jpg,disc21_neg,0,0.625,0.5555555555555556,0.4027777777777778,0.07142857142857142,0.734375,0.171875
references/R038409.jpg,queries/Q77530.jpg,disc21_neg,0,0.59375,0.5079365079365079,0.3888888888888889,0.19047619047619047,0.5625,0.125
references/R038409.jpg,queries/Q45797.jpg,disc21_neg,0,0.578125,0.6190476190476191,0.5277777777777778,0.11904761904761904,0.515625,0.46875
references/R038409.jpg,queries/Q07059.jpg,disc21_neg,0,0.671875,0.5238095238095238,0.5138888888888888,0.09523809523809523,0.578125,0.46875
references/R038409.jpg,queries/Q13759.jpg,disc21_neg,0,0.875,0.47619047619047616,0.5138888888888888,0.21428571428571427,0.609375,0.53125
references/R038409.jpg,queries/Q64117.jpg,disc21_neg,0,0.78125,0.4603174603174603,0.4444444444444444,0.16666666666666666,0.546875,0.171875
references/R038409.jpg,queries/Q40099.jpg,disc21_neg,0,0.625,0.5079365079365079,0.4305555555555556,0.09523809523809523,0.359375,0.53125
references/R038409.jpg,queries/Q12905.jpg,disc21_neg,0,0.375,0.49206349206349204,0.3888888888888889,0.07142857142857142,0.34375,1.0
references/R038409.jpg,queries/Q70585.jpg,disc21_neg,0,0.65625,0.36507936507936506,0.5277777777777778,0.21428571428571427,0.609375,0.546875
references/R038409.jpg,queries/Q01351.jpg,disc21_neg,0,0.21875,0.47619047619047616,0.4861111111111111,0.23809523809523808,0.28125,0.375
references/R038409.jpg,queries/Q85040.jpg,disc21_neg,0,0.671875,0.4603174603174603,0.4722222222222222,0.21428571428571427,0.609375,0.15625
references/R038409.jpg,queries/Q50884.jpg,disc21_neg,0,0.59375,0.5079365079365079,0.5,0.11904761904761904,0.484375,0.25
references/R038409.jpg,queries/Q79225.jpg,disc21_neg,0,0.546875,0.5396825396825397,0.3611111111111111,0.09523809523809523,0.65625,0.5
references/R038409.jpg,queries/Q42497.jpg,disc21_neg,0,0.546875,0.5396825396825397,0.5,0.09523809523809523,0.546875,0.359375
references/R038409.jpg,queries/Q08853.jpg,disc21_neg,0,0.6875,0.5555555555555556,0.625,0.11904761904761904,0.515625,0.265625
references/R038409.jpg,queries/Q99915.jpg,disc21_neg,0,0.59375,0.5714285714285714,0.4722222222222222,0.21428571428571427,0.453125,0.234375
references/R038409.jpg,queries/Q58429.jpg,disc21_neg,0,0.46875,0.5238095238095238,0.4722222222222222,0.21428571428571427,0.4375,0.125
references/R038409.jpg,queries/Q48861.jpg,disc21_neg,0,0.703125,0.49206349206349204,0.3333333333333333,0.07142857142857142,0.796875,1.0
references/R038409.jpg,queries/Q11256.jpg,disc21_neg,0,0.578125,0.5555555555555556,0.4444444444444444,0.21428571428571427,0.625,0.296875
references/R038409.jpg,queries/Q91850.jpg,disc21_neg,0,0.625,0.5079365079365079,0.4583333333333333,0.0,0.390625,0.03125
references/R038409.jpg,queries/Q92742.jpg,disc21_neg,0,0.484375,0.5079365079365079,0.4166666666666667,0.14285714285714285,0.640625,0.375
references/R038409.jpg,queries/Q13385.jpg,disc21_neg,0,0.390625,0.5079365079365079,0.5694444444444444,0.0,0.25,0.203125
references/R038409.jpg,queries/Q95274.jpg,disc21_neg,0,0.765625,0.5396825396825397,0.4861111111111111,0.07142857142857142,0.75,1.0
references/R038409.jpg,queries/Q78481.jpg,disc21_neg,0,0.234375,0.3968253968253968,0.4027777777777778,0.23809523809523808,0.5625,0.28125
references/R038409.jpg,queries/Q65559.jpg,disc21_neg,0,0.28125,0.42857142857142855,0.375,0.11904761904761904,0.484375,0.21875
references/R038409.jpg,queries/Q37285.jpg,disc21_neg,0,0.515625,0.3968253968253968,0.3888888888888889,0.19047619047619047,0.453125,0.140625
references/R038409.jpg,queries/Q36962.jpg,disc21_neg,0,0.5625,0.5079365079365079,0.4027777777777778,0.23809523809523808,0.328125,0.375
references/R038409.jpg,queries/Q85688.jpg,disc21_neg,0,0.328125,0.47619047619047616,0.375,0.11904761904761904,0.421875,0.109375
references/R038409.jpg,queries/Q45848.jpg,disc21_neg,0,0.34375,0.3333333333333333,0.5,0.09523809523809523,0.453125,0.15625
references/R038409.jpg,queries/Q73160.jpg,disc21_neg,0,0.5,0.5873015873015873,0.4722222222222222,0.16666666666666666,0.59375,0.34375
references/R038409.jpg,queries/Q30396.jpg,disc21_neg,0,0.6875,0.5238095238095238,0.5138888888888888,0.19047619047619047,0.5625,0.140625
references/R038409.jpg,queries/Q04113.jpg,disc21_neg,0,0.796875,0.5396825396825397,0.5416666666666666,0.19047619047619047,0.703125,0.1875
references/R038409.jpg,queries/Q40213.jpg,disc21_neg,0,0.515625,0.5238095238095238,0.4444444444444444,0.16666666666666666,0.65625,1.0
references/R038409.jpg,queries/Q76860.jpg,disc21_neg,0,0.640625,0.5079365079365079,0.5138888888888888,0.07142857142857142,0.453125,1.0
references/R038409.jpg,queries/Q22411.jpg,disc21_neg,0,0.5,0.5396825396825397,0.4027777777777778,0.21428571428571427,0.5625,0.203125
references/R038409.jpg,queries/Q84998.jpg,disc21_neg,0,0.578125,0.5873015873015873,0.5416666666666666,0.14285714285714285,0.515625,0.296875
references/R038409.jpg,queries/Q56393.jpg,disc21_neg,0,0.6875,0.5714285714285714,0.4722222222222222,0.23809523809523808,0.515625,0.390625
references/R038409.jpg,queries/Q23016.jpg,disc21_neg,0,0.75,0.5238095238095238,0.5,0.11904761904761904,0.71875,0.1875
references/R038409.jpg,queries/Q68273.jpg,disc21_neg,0,0.78125,0.5873015873015873,0.4305555555555556,0.023809523809523808,0.703125,0.375
references/R038409.jpg,queries/Q17096.jpg,disc21_neg,0,0.390625,0.5238095238095238,0.4305555555555556,0.11904761904761904,0.421875,0.421875
references/R038409.jpg,queries/Q31019.jpg,disc21_neg,0,0.859375,0.47619047619047616,0.4444444444444444,0.14285714285714285,0.546875,0.265625
references/R038409.jpg,queries/Q44272.jpg,disc21_neg,0,0.453125,0.38095238095238093,0.3194444444444444,0.14285714285714285,0.453125,0.421875
references/R038409.jpg,queries/Q36498.jpg,disc21_neg,0,0.515625,0.49206349206349204,0.375,0.16666666666666666,0.421875,0.21875
references/R038409.jpg,queries/Q52579.jpg,disc21_neg,0,0.640625,0.5714285714285714,0.5,0.11904761904761904,0.75,0.234375
references/R038409.jpg,queries/Q95765.jpg,disc21_neg,0,0.546875,0.5396825396825397,0.4027777777777778,0.19047619047619047,0.625,0.140625
references/R038409.jpg,queries/Q88317.jpg,disc21_neg,0,0.328125,0.4603174603174603,0.3194444444444444,0.023809523809523808,0.3125,0.1875
references/R038409.jpg,queries/Q31899.jpg,disc21_neg,0,0.5625,0.5079365079365079,0.4722222222222222,0.19047619047619047,0.578125,0.28125
references/R038409.jpg,queries/Q33281.jpg,disc21_neg,0,0.296875,0.5396825396825397,0.4027777777777778,0.16666666666666666,0.328125,0.140625
references/R038409.jpg,queries/Q47219.jpg,disc21_neg,0,0.875,0.5238095238095238,0.4027777777777778,0.16666666666666666,0.59375,0.25
references/R038409.jpg,queries/Q52223.jpg,disc21_neg,0,0.40625,0.31746031746031744,0.3611111111111111,0.14285714285714285,0.296875,0.0625
references/R038409.jpg,queries/Q43436.jpg,disc21_neg,0,0.34375,0.5238095238095238,0.5972222222222222,0.21428571428571427,0.34375,0.140625
references/R038409.jpg,queries/Q13316.jpg,disc21_neg,0,0.734375,0.5079365079365079,0.4722222222222222,0.11904761904761904,0.65625,0.203125
references/R038409.jpg,queries/Q47667.jpg,disc21_neg,0,0.640625,0.5238095238095238,0.3888888888888889,0.16666666666666666,0.59375,0.140625
references/R038409.jpg,queries/Q64611.jpg,disc21_neg,0,0.6875,0.6190476190476191,0.3333333333333333,0.07142857142857142,0.59375,1.0
references/R038409.jpg,queries/Q57367.jpg,disc21_neg,0,0.5625,0.49206349206349204,0.4583333333333333,0.09523809523809523,0.5625,0.234375
references/R038409.jpg,queries/Q96439.jpg,disc21_neg,0,0.34375,0.5396825396825397,0.4166666666666667,0.23809523809523808,0.515625,0.171875
references/R038409.jpg,queries/Q28214.jpg,disc21_neg,0,0.328125,0.42857142857142855,0.3194444444444444,0.23809523809523808,0.40625,0.1875
references/R038409.jpg,queries/Q71083.jpg,disc21_neg,0,0.578125,0.5555555555555556,0.3888888888888889,0.09523809523809523,0.78125,0.1875
references/R038409.jpg,queries/Q27472.jpg,disc21_neg,0,0.28125,0.5079365079365079,0.25,0.09523809523809523,0.390625,0.15625
references/R038409.jpg,queries/Q00338.jpg,disc21_neg,0,0.65625,0.38095238095238093,0.375,0.16666666666666666,0.640625,0.28125
references/R038409.jpg,queries/Q81240.jpg,disc21_neg,0,0.71875,0.47619047619047616,0.4583333333333333,0.21428571428571427,0.5,0.546875
references/R038409.jpg,queries/Q89201.jpg,disc21_neg,0,0.828125,0.5714285714285714,0.4166666666666667,0.09523809523809523,0.703125,0.34375
references/R038409.jpg,queries/Q49077.jpg,disc21_neg,0,0.578125,0.5396825396825397,0.5694444444444444,0.14285714285714285,0.625,0.328125
references/R038409.jpg,queries/Q78080.jpg,disc21_neg,0,0.875,0.6031746031746031,0.4722222222222222,0.0,0.625,0.25
references/R038409.jpg,queries/Q32790.jpg,disc21_neg,0,0.640625,0.42857142857142855,0.3611111111111111,0.14285714285714285,0.703125,0.1875
references/R038409.jpg,queries/Q40671.jpg,disc21_neg,0,0.5625,0.5396825396825397,0.4444444444444444,0.11904761904761904,0.453125,0.546875
references/R038409.jpg,queries/Q78216.jpg,disc21_neg,0,0.625,0.5079365079365079,0.4583333333333333,0.16666666666666666,0.703125,0.453125
references/R038409.jpg,queries/Q91093.jpg,disc21_neg,0,0.671875,0.3333333333333333,0.3888888888888889,0.19047619047619047,0.53125,0.109375
references/R038409.jpg,queries/Q26560.jpg,disc21_neg,0,0.546875,0.5555555555555556,0.4861111111111111,0.19047619047619047,0.359375,0.203125
references/R038409.jpg,queries/Q12053.jpg,disc21_neg,0,0.6875,0.6349206349206349,0.4861111111111111,0.16666666666666666,0.578125,0.25
references/R038409.jpg,queries/Q73327.jpg,disc21_neg,0,0.25,0.36507936507936506,0.5,0.16666666666666666,0.40625,0.375
references/R038409.jpg,queries/Q49112.jpg,disc21_neg,0,0.5625,0.5555555555555556,0.5138888888888888,0.16666666666666666,0.5625,0.1875
references/R038409.jpg,queries/Q58920.jpg,disc21_neg,0,0.46875,0.4444444444444444,0.4861111111111111,0.11904761904761904,0.453125,0.4375
references/R038409.jpg,queries/Q17276.jpg,disc21_neg,0,0.703125,0.6349206349206349,0.5277777777777778,0.19047619047619047,0.71875,0.046875
references/R038409.jpg,queries/Q37121.jpg,disc21_neg,0,0.734375,0.6031746031746031,0.6111111111111112,0.11904761904761904,0.640625,0.3125
references/R038409.jpg,queries/Q12994.jpg,disc21_neg,0,0.359375,0.6984126984126984,0.4027777777777778,0.11904761904761904,0.578125,1.0
references/R038409.jpg,queries/Q87193.jpg,disc21_neg,0,0.453125,0.5555555555555556,0.4444444444444444,0.14285714285714285,0.453125,0.296875
references/R038409.jpg,queries/Q44295.jpg,disc21_neg,0,0.578125,0.6507936507936508,0.5138888888888888,0.19047619047619047,0.6875,0.25
references/R038409.jpg,queries/Q23649.jpg,disc21_neg,0,0.703125,0.4126984126984127,0.4861111111111111,0.09523809523809523,0.546875,0.40625
references/R038409.jpg,queries/Q45816.jpg,disc21_neg,0,0.59375,0.42857142857142855,0.4583333333333333,0.14285714285714285,0.390625,0.140625
references/R038409.jpg,queries/Q47025.jpg,disc21_neg,0,0.703125,0.5555555555555556,0.4583333333333333,0.11904761904761904,0.765625,0.390625
references/R038409.jpg,queries/Q83097.jpg,disc21_neg,0,0.578125,0.4444444444444444,0.5,0.19047619047619047,0.609375,0.40625
references/R038409.jpg,queries/Q40757.jpg,disc21_neg,0,0.671875,0.47619047619047616,0.4027777777777778,0.14285714285714285,0.453125,0.1875
references/R038409.jpg,queries/Q26482.jpg,disc21_neg,0,0.53125,0.3968253968253968,0.4305555555555556,0.09523809523809523,0.390625,0.125
references/R038409.jpg,queries/Q68917.jpg,disc21_neg,0,0.28125,0.6031746031746031,0.5,0.14285714285714285,0.40625,0.15625
references/R038409.jpg,queries/Q49190.jpg,disc21_neg,0,0.484375,0.42857142857142855,0.3611111111111111,0.16666666666666666,0.5,0.140625
references/R038409.jpg,queries/Q27901.jpg,disc21_neg,0,0.71875,0.49206349206349204,0.5277777777777778,0.16666666666666666,0.609375,0.171875
references/R038409.jpg,queries/Q69968.jpg,disc21_neg,0,0.796875,0.5396825396825397,0.4027777777777778,0.11904761904761904,0.453125,0.125
references/R038409.jpg,queries/Q89494.jpg,disc21_neg,0,0.59375,0.4603174603174603,0.4583333333333333,0.07142857142857142,0.359375,1.0
references/R038409.jpg,queries/Q13532.jpg,disc21_neg,0,0.40625,0.4603174603174603,0.5555555555555556,0.16666666666666666,0.578125,0.34375
references/R038409.jpg,queries/Q82972.jpg,disc21_neg,0,0.671875,0.5238095238095238,0.4722222222222222,0.21428571428571427,0.546875,0.0625
references/R038409.jpg,queries/Q63657.jpg,disc21_neg,0,0.6875,0.5714285714285714,0.5,0.16666666666666666,0.640625,0.265625
references/R038409.jpg,queries/Q10790.jpg,disc21_neg,0,0.5625,0.5714285714285714,0.4166666666666667,0.11904761904761904,0.375,0.1875
references/R038409.jpg,queries/Q45090.jpg,disc21_neg,0,0.546875,0.5555555555555556,0.5277777777777778,0.07142857142857142,0.515625,0.140625
references/R038409.jpg,queries/Q10426.jpg,disc21_neg,0,0.640625,0.42857142857142855,0.5138888888888888,0.21428571428571427,0.40625,0.453125
references/R038409.jpg,queries/Q83520.jpg,disc21_neg,0,0.640625,0.6190476190476191,0.375,0.14285714285714285,0.546875,0.3125
references/R038409.jpg,queries/Q21760.jpg,disc21_neg,0,0.65625,0.6507936507936508,0.5138888888888888,0.19047619047619047,0.625,0.25
references/R038409.jpg,queries/Q08496.jpg,disc21_neg,0,0.578125,0.5238095238095238,0.5138888888888888,0.16666666666666666,0.546875,0.390625
references/R038409.jpg,queries/Q39862.jpg,disc21_neg,0,0.71875,0.5238095238095238,0.4305555555555556,0.19047619047619047,0.671875,0.46875
references/R038409.jpg,queries/Q53328.jpg,disc21_neg,0,0.40625,0.4603174603174603,0.3472222222222222,0.14285714285714285,0.34375,0.109375
references/R038409.jpg,queries/Q01204.jpg,disc21_neg,0,0.734375,0.3968253968253968,0.5138888888888888,0.07142857142857142,0.640625,0.28125
references/R038409.jpg,queries/Q53154.jpg,disc21_neg,0,0.734375,0.49206349206349204,0.4583333333333333,0.09523809523809523,0.4375,0.328125
references/R038409.jpg,queries/Q29845.jpg,disc21_neg,0,0.8125,0.4603174603174603,0.4861111111111111,0.11904761904761904,0.703125,0.234375
references/R038409.jpg,queries/Q14109.jpg,disc21_neg,0,0.578125,0.47619047619047616,0.4722222222222222,0.23809523809523808,0.75,0.390625
references/R038409.jpg,queries/Q69072.jpg,disc21_neg,0,0.671875,0.5873015873015873,0.5277777777777778,0.21428571428571427,0.734375,0.390625
references/R038409.jpg,queries/Q23063.jpg,disc21_neg,0,0.625,0.49206349206349204,0.4027777777777778,0.16666666666666666,0.5,0.234375
references/R038409.jpg,queries/Q79346.jpg,disc21_neg,0,0.4375,0.4444444444444444,0.4722222222222222,0.21428571428571427,0.390625,0.21875
references/R038409.jpg,queries/Q59535.jpg,disc21_neg,0,0.5,0.6349206349206349,0.4861111111111111,0.14285714285714285,0.5,0.078125
references/R038409.jpg,queries/Q61779.jpg,disc21_neg,0,0.53125,0.49206349206349204,0.4027777777777778,0.23809523809523808,0.578125,0.078125
references/R038409.jpg,queries/Q02945.jpg,disc21_neg,0,0.828125,0.5079365079365079,0.5,0.16666666666666666,0.53125,0.359375
references/R038409.jpg,queries/Q10998.jpg,disc21_neg,0,0.53125,0.49206349206349204,0.5,0.09523809523809523,0.65625,0.234375
references/R038409.jpg,queries/Q47298.jpg,disc21_neg,0,0.859375,0.36507936507936506,0.4027777777777778,0.21428571428571427,0.546875,0.265625
references/R038409.jpg,queries/Q68481.jpg,disc21_neg,0,0.25,0.3968253968253968,0.5,0.11904761904761904,0.28125,0.46875
references/R038409.jpg,queries/Q86979.jpg,disc21_neg,0,0.5625,0.3968253968253968,0.4583333333333333,0.14285714285714285,0.671875,0.546875
references/R038409.jpg,queries/Q98829.jpg,disc21_neg,0,0.8125,0.5873015873015873,0.4861111111111111,0.11904761904761904,0.703125,0.375
references/R038409.jpg,queries/Q27658.jpg,disc21_neg,0,0.625,0.5714285714285714,0.4722222222222222,0.21428571428571427,0.640625,0.140625
references/R038409.jpg,queries/Q11730.jpg,disc21_neg,0,0.359375,0.49206349206349204,0.4583333333333333,0.16666666666666666,0.515625,0.15625
references/R038409.jpg,queries/Q53015.jpg,disc21_neg,0,0.828125,0.5714285714285714,0.4722222222222222,0.11904761904761904,0.859375,0.34375
references/R038409.jpg,queries/Q25829.jpg,disc21_neg,0,0.34375,0.4126984126984127,0.4444444444444444,0.11904761904761904,0.296875,0.109375
references/R038409.jpg,queries/Q19053.jpg,disc21_neg,0,0.390625,0.47619047619047616,0.4861111111111111,0.07142857142857142,0.359375,0.203125
references/R038409.jpg,queries/Q04872.jpg,disc21_neg,0,0.453125,0.4126984126984127,0.4166666666666667,0.11904761904761904,0.375,0.265625
references/R038409.jpg,queries/Q92055.jpg,disc21_neg,0,0.84375,0.6349206349206349,0.4305555555555556,0.07142857142857142,0.578125,1.0
references/R038409.jpg,queries/Q95117.jpg,disc21_neg,0,0.609375,0.5238095238095238,0.5138888888888888,0.19047619047619047,0.84375,0.328125
references/R038409.jpg,queries/Q61154.jpg,disc21_neg,0,0.421875,0.6031746031746031,0.4027777777777778,0.09523809523809523,0.5,0.1875
references/R038409.jpg,queries/Q48393.jpg,disc21_neg,0,0.625,0.6031746031746031,0.4861111111111111,0.21428571428571427,0.734375,0.265625
references/R038409.jpg,queries/Q96950.jpg,disc21_neg,0,0.703125,0.5555555555555556,0.5138888888888888,0.19047619047619047,0.5625,0.421875
references/R038409.jpg,queries/Q60919.jpg,disc21_neg,0,0.71875,0.49206349206349204,0.4166666666666667,0.14285714285714285,0.671875,0.28125
references/R038409.jpg,queries/Q35138.jpg,disc21_neg,0,0.765625,0.6349206349206349,0.5555555555555556,0.07142857142857142,0.71875,1.0
references/R038409.jpg,queries/Q50095.jpg,disc21_neg,0,0.59375,0.5714285714285714,0.5138888888888888,0.11904761904761904,0.4375,0.296875
references/R038409.jpg,queries/Q16956.jpg,disc21_neg,0,0.34375,0.4126984126984127,0.3888888888888889,0.023809523809523808,0.59375,0.109375
references/R038409.jpg,queries/Q05306.jpg,disc21_neg,0,0.125,0.49206349206349204,0.4305555555555556,0.21428571428571427,0.34375,0.0625
references/R038409.jpg,queries/Q40465.jpg,disc21_neg,0,0.65625,0.49206349206349204,0.3611111111111111,0.14285714285714285,0.671875,0.390625
references/R038409.jpg,queries/Q45092.jpg,disc21_neg,0,0.734375,0.5396825396825397,0.4166666666666667,0.09523809523809523,0.53125,0.296875
references/R038409.jpg,queries/Q52457.jpg,disc21_neg,0,0.828125,0.5238095238095238,0.5416666666666666,0.11904761904761904,0.640625,0.40625
references/R038409.jpg,queries/Q86192.jpg,disc21_neg,0,0.453125,0.3968253968253968,0.4583333333333333,0.16666666666666666,0.59375,0.421875
references/R038409.jpg,queries/Q64277.jpg,disc21_neg,0,0.640625,0.47619047619047616,0.4444444444444444,0.07142857142857142,0.578125,1.0
references/R038409.jpg,queries/Q00324.jpg,disc21_neg,0,0.640625,0.5238095238095238,0.4166666666666667,0.14285714285714285,0.671875,0.140625
references/R038409.jpg,queries/Q82046.jpg,disc21_neg,0,0.3125,0.4603174603174603,0.5416666666666666,0.11904761904761904,0.421875,0.25
references/R038409.jpg,queries/Q49873.jpg,disc21_neg,0,0.59375,0.5555555555555556,0.4444444444444444,0.21428571428571427,0.484375,0.25
references/R038409.jpg,queries/Q85675.jpg,disc21_neg,0,0.78125,0.5079365079365079,0.4444444444444444,0.16666666666666666,0.609375,0.234375
references/R038409.jpg,queries/Q39353.jpg,disc21_neg,0,0.46875,0.5079365079365079,0.3472222222222222,0.14285714285714285,0.515625,0.234375
references/R038409.jpg,queries/Q76553.jpg,disc21_neg,0,0.1875,0.42857142857142855,0.4305555555555556,0.16666666666666666,0.328125,0.296875
references/R038409.jpg,queries/Q10610.jpg,disc21_neg,0,0.5,0.49206349206349204,0.4027777777777778,0.16666666666666666,0.53125,0.3125
references/R038409.jpg,queries/Q31245.jpg,disc21_neg,0,0.3125,0.5079365079365079,0.4166666666666667,0.21428571428571427,0.421875,0.234375
references/R038409.jpg,queries/Q24551.jpg,disc21_neg,0,0.671875,0.6031746031746031,0.5555555555555556,0.16666666666666666,0.46875,0.171875
references/R038409.jpg,queries/Q30030.jpg,disc21_neg,0,0.265625,0.4444444444444444,0.3611111111111111,0.16666666666666666,0.328125,0.09375
references/R038409.jpg,queries/Q08257.jpg,disc21_neg,0,0.3125,0.47619047619047616,0.4305555555555556,0.14285714285714285,0.421875,0.34375
references/R038409.jpg,queries/Q44027.jpg,disc21_neg,0,0.703125,0.5873015873015873,0.5416666666666666,0.11904761904761904,0.59375,0.359375
references/R038409.jpg,queries/Q03440.jpg,disc21_neg,0,0.796875,0.49206349206349204,0.5277777777777778,0.14285714285714285,0.484375,0.3125
references/R038409.jpg,queries/Q53032.jpg,disc21_neg,0,0.65625,0.5396825396825397,0.5138888888888888,0.14285714285714285,0.453125,0.3125
references/R038409.jpg,queries/Q74871.jpg,disc21_neg,0,0.625,0.4444444444444444,0.4861111111111111,0.23809523809523808,0.5,0.484375
references/R038409.jpg,queries/Q94353.jpg,disc21_neg,0,0.46875,0.47619047619047616,0.4027777777777778,0.21428571428571427,0.390625,0.140625
references/R038409.jpg,queries/Q38972.jpg,disc21_neg,0,0.5,0.49206349206349204,0.4166666666666667,0.19047619047619047,0.578125,0.21875
references/R038409.jpg,queries/Q64937.jpg,disc21_neg,0,0.5,0.49206349206349204,0.4583333333333333,0.09523809523809523,0.671875,0.1875
references/R038409.jpg,queries/Q27775.jpg,disc21_neg,0,0.59375,0.5396825396825397,0.5,0.11904761904761904,0.46875,1.0
references/R038409.jpg,queries/Q47885.jpg,disc21_neg,0,0.71875,0.5873015873015873,0.4166666666666667,0.14285714285714285,0.578125,0.15625
references/R038409.jpg,queries/Q67829.jpg,disc21_neg,0,0.78125,0.5238095238095238,0.5833333333333334,0.11904761904761904,0.390625,0.1875
references/R038409.jpg,queries/Q40265.jpg,disc21_neg,0,0.546875,0.5396825396825397,0.5138888888888888,0.19047619047619047,0.65625,0.25
references/R038409.jpg,queries/Q31713.jpg,disc21_neg,0,0.53125,0.5238095238095238,0.4583333333333333,0.21428571428571427,0.578125,0.375
references/R038409.jpg,queries/Q14409.jpg,disc21_neg,0,0.5,0.5714285714285714,0.4166666666666667,0.23809523809523808,0.53125,0.375
references/R038409.jpg,queries/Q85006.jpg,disc21_neg,0,0.734375,0.5555555555555556,0.4166666666666667,0.21428571428571427,0.65625,0.515625
references/R038409.jpg,queries/Q09136.jpg,disc21_neg,0,0.75,0.6190476190476191,0.6111111111111112,0.09523809523809523,0.625,0.203125
references/R038409.jpg,queries/Q66324.jpg,disc21_neg,0,0.453125,0.6190476190476191,0.5,0.16666666666666666,0.375,0.109375
references/R038409.jpg,queries/Q30904.jpg,disc21_neg,0,0.40625,0.38095238095238093,0.4722222222222222,0.14285714285714285,0.296875,0.25
references/R038409.jpg,queries/Q31934.jpg,disc21_neg,0,0.640625,0.5873015873015873,0.5277777777777778,0.09523809523809523,0.5625,0.25
references/R038409.jpg,queries/Q40055.jpg,disc21_neg,0,0.65625,0.47619047619047616,0.4305555555555556,0.09523809523809523,0.53125,0.1875
references/R038409.jpg,queries/Q33567.jpg,disc21_neg,0,0.5,0.5873015873015873,0.5555555555555556,0.09523809523809523,0.71875,0.125
references/R038409.jpg,queries/Q95601.jpg,disc21_neg,0,0.828125,0.5079365079365079,0.4166666666666667,0.14285714285714285,0.734375,0.1875
references/R038409.jpg,queries/Q97395.jpg,disc21_neg,0,0.625,0.5714285714285714,0.4305555555555556,0.09523809523809523,0.4375,0.390625
references/R038409.jpg,queries/Q47708.jpg,disc21_neg,0,0.1875,0.6190476190476191,0.4722222222222222,0.07142857142857142,0.453125,0.265625
references/R038409.jpg,queries/Q80665.jpg,disc21_neg,0,0.359375,0.42857142857142855,0.3472222222222222,0.047619047619047616,0.296875,0.21875
references/R038409.jpg,queries/Q62159.jpg,disc21_neg,0,0.59375,0.49206349206349204,0.4305555555555556,0.047619047619047616,0.5625,0.359375
references/R038409.jpg,queries/Q42179.jpg,disc21_neg,0,0.65625,0.5396825396825397,0.5138888888888888,0.09523809523809523,0.5625,0.109375
references/R038409.jpg,queries/Q57834.jpg,disc21_neg,0,0.625,0.4603174603174603,0.4444444444444444,0.09523809523809523,0.734375,0.40625
references/R038409.jpg,queries/Q16515.jpg,disc21_neg,0,0.546875,0.49206349206349204,0.4166666666666667,0.07142857142857142,0.453125,0.109375
references/R038409.jpg,queries/Q27288.jpg,disc21_neg,0,0.59375,0.49206349206349204,0.3611111111111111,0.11904761904761904,0.53125,0.296875
references/R038409.jpg,queries/Q90899.jpg,disc21_neg,0,0.515625,0.4126984126984127,0.3888888888888889,0.19047619047619047,0.546875,0.296875
references/R038409.jpg,queries/Q42875.jpg,disc21_neg,0,0.375,0.3968253968253968,0.4305555555555556,0.07142857142857142,0.3125,1.0
references/R038409.jpg,queries/Q63841.jpg,disc21_neg,0,0.578125,0.5079365079365079,0.4861111111111111,0.09523809523809523,0.46875,0.125
references/R038409.jpg,queries/Q50186.jpg,disc21_neg,0,0.71875,0.5396825396825397,0.3888888888888889,0.11904761904761904,0.625,0.390625
references/R038409.jpg,queries/Q45798.jpg,disc21_neg,0,0.78125,0.30158730158730157,0.4583333333333333,0.23809523809523808,0.640625,0.1875
references/R038409.jpg,queries/Q15761.jpg,disc21_neg,0,0.375,0.5555555555555556,0.4166666666666667,0.14285714285714285,0.640625,0.0625
references/R038409.jpg,queries/Q74516.jpg,disc21_neg,0,0.71875,0.5396825396825397,0.4861111111111111,0.19047619047619047,0.703125,0.296875
references/R038409.jpg,queries/Q75286.jpg,disc21_neg,0,0.296875,0.42857142857142855,0.4444444444444444,0.07142857142857142,0.328125,0.09375
references/R038409.jpg,queries/Q03961.jpg,disc21_neg,0,0.6875,0.49206349206349204,0.4305555555555556,0.16666666666666666,0.59375,0.1875
references/R038409.jpg,queries/Q57104.jpg,disc21_neg,0,0.734375,0.4603174603174603,0.4444444444444444,0.07142857142857142,0.640625,1.0
references/R038409.jpg,queries/Q25898.jpg,disc21_neg,0,0.390625,0.47619047619047616,0.5,0.07142857142857142,0.5625,0.265625
references/R038409.jpg,queries/Q81335.jpg,disc21_neg,0,0.890625,0.6984126984126984,0.4861111111111111,0.14285714285714285,0.75,0.171875
references/R038409.jpg,queries/Q66437.jpg,disc21_neg,0,0.5,0.6349206349206349,0.3472222222222222,0.14285714285714285,0.53125,0.21875
references/R038409.jpg,queries/Q75329.jpg,disc21_neg,0,0.5625,0.6031746031746031,0.4722222222222222,0.16666666666666666,0.625,0.359375
references/R038409.jpg,queries/Q01893.jpg,disc21_neg,0,0.53125,0.5396825396825397,0.4722222222222222,0.07142857142857142,0.46875,0.125
references/R038409.jpg,queries/Q94517.jpg,disc21_neg,0,0.640625,0.36507936507936506,0.4305555555555556,0.21428571428571427,0.46875,0.234375
references/R038409.jpg,queries/Q57964.jpg,disc21_neg,0,0.828125,0.5396825396825397,0.4166666666666667,0.21428571428571427,0.65625,0.359375
references/R038409.jpg,queries/Q56961.jpg,disc21_neg,0,0.6875,0.4444444444444444,0.5138888888888888,0.09523809523809523,0.453125,0.359375
references/R038409.jpg,queries/Q85438.jpg,disc21_neg,0,0.609375,0.6031746031746031,0.4861111111111111,0.19047619047619047,0.546875,0.296875
references/R038409.jpg,queries/Q83179.jpg,disc21_neg,0,0.390625,0.5079365079365079,0.4305555555555556,0.07142857142857142,0.34375,1.0
references/R038409.jpg,queries/Q66551.jpg,disc21_neg,0,0.453125,0.5396825396825397,0.5277777777777778,0.14285714285714285,0.609375,0.4375
references/R038409.jpg,queries/Q95639.jpg,disc21_neg,0,0.359375,0.5555555555555556,0.3333333333333333,0.19047619047619047,0.484375,0.40625
references/R038409.jpg,queries/Q21995.jpg,disc21_neg,0,0.609375,0.49206349206349204,0.4166666666666667,0.07142857142857142,0.46875,1.0
references/R038409.jpg,queries/Q08463.jpg,disc21_neg,0,0.609375,0.5238095238095238,0.4027777777777778,0.047619047619047616,0.59375,0.265625
references/R038409.jpg,queries/Q02651.jpg,disc21_neg,0,0.546875,0.5079365079365079,0.5972222222222222,0.19047619047619047,0.515625,0.40625
references/R038409.jpg,queries/Q24387.jpg,disc21_neg,0,0.5625,0.5873015873015873,0.5694444444444444,0.11904761904761904,0.53125,0.421875
references/R038409.jpg,queries/Q59097.jpg,disc21_neg,0,0.796875,0.6190476190476191,0.5833333333333334,0.16666666666666666,0.609375,0.328125
references/R038409.jpg,queries/Q31061.jpg,disc21_neg,0,0.484375,0.4444444444444444,0.5138888888888888,0.16666666666666666,0.46875,0.375
references/R038409.jpg,queries/Q72430.jpg,disc21_neg,0,0.375,0.47619047619047616,0.4444444444444444,0.09523809523809523,0.390625,0.21875
references/R038409.jpg,queries/Q41984.jpg,disc21_neg,0,0.34375,0.3968253968253968,0.3888888888888889,0.11904761904761904,0.28125,0.375
references/R038409.jpg,queries/Q88099.jpg,disc21_neg,0,0.4375,0.5238095238095238,0.375,0.11904761904761904,0.703125,0.25
references/R038409.jpg,queries/Q03854.jpg,disc21_neg,0,0.5,0.5555555555555556,0.375,0.14285714285714285,0.625,0.328125
references/R038409.jpg,queries/Q58812.jpg,disc21_neg,0,0.640625,0.5079365079365079,0.4861111111111111,0.16666666666666666,0.609375,0.40625
references/R038409.jpg,queries/Q07423.jpg,disc21_neg,0,0.421875,0.5714285714285714,0.4166666666666667,0.11904761904761904,0.515625,0.234375
references/R038409.jpg,queries/Q42369.jpg,disc21_neg,0,0.515625,0.5238095238095238,0.5,0.19047619047619047,0.59375,0.3125
references/R038409.jpg,queries/Q47855.jpg,disc21_neg,0,0.921875,0.3968253968253968,0.4722222222222222,0.16666666666666666,0.703125,0.3125
references/R038409.jpg,queries/Q52348.jpg,disc21_neg,0,0.671875,0.5555555555555556,0.4027777777777778,0.09523809523809523,0.6875,0.375
references/R038409.jpg,queries/Q48600.jpg,disc21_neg,0,0.734375,0.5555555555555556,0.4444444444444444,0.14285714285714285,0.796875,0.203125
references/R038409.jpg,queries/Q26270.jpg,disc21_neg,0,0.59375,0.5555555555555556,0.5416666666666666,0.07142857142857142,0.484375,0.1875
references/R038409.jpg,queries/Q93408.jpg,disc21_neg,0,0.4375,0.49206349206349204,0.4305555555555556,0.11904761904761904,0.515625,0.171875
references/R038409.jpg,queries/Q39177.jpg,disc21_neg,0,0.859375,0.5873015873015873,0.5277777777777778,0.16666666666666666,0.5,0.28125
references/R038409.jpg,queries/Q68530.jpg,disc21_neg,0,0.4375,0.49206349206349204,0.4027777777777778,0.09523809523809523,0.265625,0.21875
references/R038409.jpg,queries/Q28945.jpg,disc21_neg,0,0.625,0.4126984126984127,0.2638888888888889,0.14285714285714285,0.578125,0.109375
references/R038409.jpg,queries/Q67455.jpg,disc21_neg,0,0.5625,0.4603174603174603,0.4722222222222222,0.16666666666666666,0.625,0.21875
references/R038409.jpg,queries/Q45787.jpg,disc21_neg,0,0.9375,0.5714285714285714,0.4722222222222222,0.047619047619047616,0.703125,0.203125
references/R038409.jpg,queries/Q24145.jpg,disc21_neg,0,0.671875,0.5079365079365079,0.4305555555555556,0.16666666666666666,0.75,0.53125
references/R038409.jpg,queries/Q86794.jpg,disc21_neg,0,0.671875,0.5238095238095238,0.5277777777777778,0.21428571428571427,0.640625,0.203125
references/R038409.jpg,queries/Q57205.jpg,disc21_neg,0,0.46875,0.5238095238095238,0.5416666666666666,0.19047619047619047,0.59375,0.296875
references/R038409.jpg,queries/Q60014.jpg,disc21_neg,0,0.640625,0.5396825396825397,0.4722222222222222,0.19047619047619047,0.53125,0.109375
references/R038409.jpg,queries/Q31791.jpg,disc21_neg,0,0.3125,0.5873015873015873,0.4444444444444444,0.07142857142857142,0.4375,0.1875
references/R038409.jpg,queries/Q10911.jpg,disc21_neg,0,0.4375,0.49206349206349204,0.4722222222222222,0.16666666666666666,0.5625,0.34375
references/R014977.jpg,queries/Q67030.jpg,disc21_neg,0,0.1875,0.4603174603174603,0.3611111111111111,0.16666666666666666,0.328125,0.421875
