image_a,image_b,transformation,label,ahash_dist,phash_dist,dhash_dist,hsvhash_dist,rhash_dist,chash_dist,dinov2_dist
images/dragon-bridge.png,images_variants/dragon-bridge/altered.png,altered_20%,1,0.03125,0.015873015873015872,0.027777777777777776,0.047619047619047616,0.03125,0.0625,0.069329
images/dragon-bridge.png,images_variants/dragon-bridge/grayscale.png,grayscale,1,0.0,0.0,0.0,0.11904761904761904,0.0,1.0,0.033350
images/dragon-bridge.png,images_variants/dragon-bridge/covered.png,covered_30%,1,0.25,0.2698412698412698,0.041666666666666664,0.023809523809523808,0.234375,0.03125,0.014626
images/dragon-bridge.png,images_variants/dragon-bridge/dropout.png,grid_dropout_20%,1,0.125,0.25396825396825395,0.2638888888888889,0.07142857142857142,0.21875,0.03125,0.133626
images/dragon-bridge.png,images_variants/dragon-bridge/blurred.png,blur_radius_2,1,0.0,0.0,0.0,0.047619047619047616,0.0,0.015625,0.025502
images/dragon-bridge.png,images_variants/dragon-bridge/brightened.png,brightened_1.5x,1,0.046875,0.031746031746031744,0.041666666666666664,0.023809523809523808,0.046875,0.0,0.009216
images/dragon-bridge.png,images_variants/dragon-bridge/darkened.png,darkened_0.5x,1,0.0,0.0,0.041666666666666664,0.09523809523809523,0.0,0.0,0.006659
images/dragon-bridge.png,images_variants/dragon-bridge/resized.png,resized_50%,1,0.0,0.0,0.013888888888888888,0.047619047619047616,0.0,0.0,0.001802
images/dragon-bridge.png,images_variants/dragon-bridge/resized_up.png,resized_up_200%,1,0.0,0.0,0.013888888888888888,0.0,0.0,0.0,0.000059
images/dragon-bridge.png,images_variants/dragon-bridge/contrasted.png,contrast_1.5x,1,0.046875,0.015873015873015872,0.05555555555555555,0.19047619047619047,0.109375,0.0,0.008664
images/dragon-bridge.png,images_variants/dragon-bridge/filtered.png,edge_filter,1,0.03125,0.047619047619047616,0.027777777777777776,0.023809523809523808,0.09375,0.015625,0.033629
images/dragon-bridge.png,images_variants/dragon-bridge/channel_shifted.png,channel_shift_1,1,0.03125,0.047619047619047616,0.08333333333333333,0.14285714285714285,0.203125,0.15625,0.043778
images/dragon-bridge.png,images_variants/dragon-bridge/cropped10.png,cropped_10%,1,0.25,0.4603174603174603,0.4166666666666667,0.0,0.203125,0.21875,0.040344
images/dragon-bridge.png,images_variants/dragon-bridge/cropped20.png,cropped_20%,1,0.4375,0.3492063492063492,0.4305555555555556,0.023809523809523808,0.3125,0.3125,0.052266
images/dragon-bridge.png,images_variants/dragon-bridge/cropped30.png,cropped_30%,1,0.46875,0.4603174603174603,0.4166666666666667,0.023809523809523808,0.34375,0.21875,0.110981
images/dragon-bridge.png,images_variants/dragon-bridge/quality_adjusted_20.jpg,quality_20%,1,0.0,0.0,0.0,0.0,0.0,0.03125,0.014108
images/dragon-bridge.png,images_variants/dragon-bridge/quality_adjusted_50.jpg,quality_50%,1,0.0,0.0,0.013888888888888888,0.0,0.0,0.015625,0.004971
images/dragon-bridge.png,images_variants/dragon-bridge/quality_adjusted_80.jpg,quality_80%,1,0.0,0.0,0.027777777777777776,0.0,0.0,0.015625,0.001739
images/golden_bridge.webp,images_variants/golden_bridge/altered.png,altered_20%,1,0.0,0.0,0.0,0.023809523809523808,0.03125,0.046875,0.068058
images/golden_bridge.webp,images_variants/golden_bridge/grayscale.png,grayscale,1,0.0,0.0,0.0,0.11904761904761904,0.0,1.0,0.076073
images/golden_bridge.webp,images_variants/golden_bridge/covered.png,covered_30%,1,0.0625,0.14285714285714285,0.1388888888888889,0.0,0.078125,0.0,0.016832
images/golden_bridge.webp,images_variants/golden_bridge/dropout.png,grid_dropout_20%,1,0.078125,0.14285714285714285,0.20833333333333334,0.023809523809523808,0.109375,0.015625,0.365271
images/golden_bridge.webp,images_variants/golden_bridge/blurred.png,blur_radius_2,1,0.0,0.0,0.0,0.023809523809523808,0.0,0.0,0.014085
images/golden_bridge.webp,images_variants/golden_bridge/brightened.png,brightened_1.5x,1,0.046875,0.047619047619047616,0.05555555555555555,0.07142857142857142,0.046875,0.296875,0.022870
images/golden_bridge.webp,images_variants/golden_bridge/darkened.png,darkened_0.5x,1,0.0,0.0,0.0,0.047619047619047616,0.0,0.0,0.005471
images/golden_bridge.webp,images_variants/golden_bridge/resized.png,resized_50%,1,0.0,0.0,0.0,0.0,0.0,0.0,0.000294
images/golden_bridge.webp,images_variants/golden_bridge/resized_up.png,resized_up_200%,1,0.0,0.0,0.0,0.0,0.0,0.0,0.000049
images/golden_bridge.webp,images_variants/golden_bridge/contrasted.png,contrast_1.5x,1,0.0,0.015873015873015872,0.013888888888888888,0.11904761904761904,0.09375,0.046875,0.011577
images/golden_bridge.webp,images_variants/golden_bridge/filtered.png,edge_filter,1,0.0,0.031746031746031744,0.0,0.047619047619047616,0.015625,0.03125,0.010842
images/golden_bridge.webp,images_variants/golden_bridge/channel_shifted.png,channel_shift_1,1,0.015625,0.015873015873015872,0.0,0.14285714285714285,0.046875,0.078125,0.145176
images/golden_bridge.webp,images_variants/golden_bridge/cropped10.png,cropped_10%,1,0.0625,0.25396825396825395,0.3333333333333333,0.0,0.125,0.078125,0.260625
images/golden_bridge.webp,images_variants/golden_bridge/cropped20.png,cropped_20%,1,0.140625,0.4444444444444444,0.4027777777777778,0.0,0.28125,0.140625,0.277238
images/golden_bridge.webp,images_variants/golden_bridge/cropped30.png,cropped_30%,1,0.40625,0.4126984126984127,0.4305555555555556,0.023809523809523808,0.484375,0.15625,0.276425
images/golden_bridge.webp,images_variants/golden_bridge/quality_adjusted_20.jpg,quality_20%,1,0.0,0.0,0.0,0.047619047619047616,0.0,0.0,0.009553
images/golden_bridge.webp,images_variants/golden_bridge/quality_adjusted_50.jpg,quality_50%,1,0.0,0.0,0.0,0.047619047619047616,0.0,0.0,0.002280
images/golden_bridge.webp,images_variants/golden_bridge/quality_adjusted_80.jpg,quality_80%,1,0.0,0.0,0.0,0.0,0.0,0.0,0.000468
images/beach.jpg,images_variants/beach/altered.png,altered_20%,1,0.0,0.015873015873015872,0.027777777777777776,0.047619047619047616,0.09375,0.03125,0.060866
images/beach.jpg,images_variants/beach/grayscale.png,grayscale,1,0.0,0.0,0.0,0.09523809523809523,0.0,1.0,0.045947
images/beach.jpg,images_variants/beach/covered.png,covered_30%,1,0.09375,0.15873015873015872,0.027777777777777776,0.0,0.234375,0.015625,0.011724
images/beach.jpg,images_variants/beach/dropout.png,grid_dropout_20%,1,0.078125,0.2698412698412698,0.2916666666666667,0.047619047619047616,0.25,0.0,0.138368
images/beach.jpg,images_variants/beach/blurred.png,blur_radius_2,1,0.0,0.0,0.013888888888888888,0.0,0.0,0.0,0.013628
images/beach.jpg,images_variants/beach/brightened.png,brightened_1.5x,1,0.03125,0.047619047619047616,0.027777777777777776,0.07142857142857142,0.0625,0.015625,0.014989
images/beach.jpg,images_variants/beach/darkened.png,darkened_0.5x,1,0.0,0.0,0.013888888888888888,0.023809523809523808,0.0,0.0,0.001549
images/beach.jpg,images_variants/beach/resized.png,resized_50%,1,0.0,0.0,0.0,0.0,0.0,0.0,0.000461
images/beach.jpg,images_variants/beach/resized_up.png,resized_up_200%,1,0.0,0.0,0.0,0.0,0.0,0.0,0.000024
images/beach.jpg,images_variants/beach/contrasted.png,contrast_1.5x,1,0.015625,0.047619047619047616,0.05555555555555555,0.09523809523809523,0.078125,0.015625,0.002573
images/beach.jpg,images_variants/beach/filtered.png,edge_filter,1,0.0,0.031746031746031744,0.013888888888888888,0.0,0.0625,0.0,0.006038
images/beach.jpg,images_variants/beach/channel_shifted.png,channel_shift_1,1,0.046875,0.047619047619047616,0.041666666666666664,0.14285714285714285,0.046875,0.171875,0.063313
images/beach.jpg,images_variants/beach/cropped10.png,cropped_10%,1,0.125,0.23809523809523808,0.09722222222222222,0.0,0.109375,0.015625,0.024529
images/beach.jpg,images_variants/beach/cropped20.png,cropped_20%,1,0.21875,0.6031746031746031,0.2916666666666667,0.07142857142857142,0.234375,0.078125,0.091610
images/beach.jpg,images_variants/beach/cropped30.png,cropped_30%,1,0.25,0.47619047619047616,0.375,0.14285714285714285,0.3125,0.125,0.354395
images/beach.jpg,images_variants/beach/quality_adjusted_20.jpg,quality_20%,1,0.0,0.0,0.0,0.0,0.015625,0.0,0.007439
images/beach.jpg,images_variants/beach/quality_adjusted_50.jpg,quality_50%,1,0.0,0.0,0.0,0.0,0.0,0.0,0.001981
images/beach.jpg,images_variants/beach/quality_adjusted_80.jpg,quality_80%,1,0.0,0.0,0.0,0.0,0.0,0.0,0.000654
images/dragon-bridge.png,images/golden_bridge.webp,cross_image,0,0.453125,0.6190476190476191,0.4722222222222222,0.19047619047619047,0.578125,0.3125,0.705751
images/dragon-bridge.png,images_variants/golden_bridge/altered.png,cross_image,0,0.453125,0.6190476190476191,0.4722222222222222,0.16666666666666666,0.546875,0.265625,0.691882
images/dragon-bridge.png,images_variants/golden_bridge/grayscale.png,cross_image,0,0.453125,0.6190476190476191,0.4722222222222222,0.16666666666666666,0.578125,1.0,0.738191
images/dragon-bridge.png,images_variants/golden_bridge/covered.png,cross_image,0,0.453125,0.5714285714285714,0.4722222222222222,0.19047619047619047,0.59375,0.3125,0.712579
images/dragon-bridge.png,images_variants/golden_bridge/dropout.png,cross_image,0,0.5,0.5714285714285714,0.5138888888888888,0.16666666666666666,0.53125,0.328125,0.720141
images/dragon-bridge.png,images_variants/golden_bridge/blurred.png,cross_image,0,0.453125,0.6190476190476191,0.4722222222222222,0.16666666666666666,0.578125,0.3125,0.712214
images/dragon-bridge.png,images_variants/golden_bridge/brightened.png,cross_image,0,0.46875,0.6031746031746031,0.4722222222222222,0.21428571428571427,0.5625,0.453125,0.711857
images/dragon-bridge.png,images_variants/golden_bridge/darkened.png,cross_image,0,0.453125,0.6190476190476191,0.4722222222222222,0.14285714285714285,0.578125,0.3125,0.712956
images/dragon-bridge.png,images_variants/golden_bridge/resized.png,cross_image,0,0.453125,0.6190476190476191,0.4722222222222222,0.19047619047619047,0.578125,0.3125,0.705107
images/dragon-bridge.png,images_variants/golden_bridge/resized_up.png,cross_image,0,0.453125,0.6190476190476191,0.4722222222222222,0.19047619047619047,0.578125,0.3125,0.706441
images/dragon-bridge.png,images_variants/golden_bridge/contrasted.png,cross_image,0,0.453125,0.6031746031746031,0.4861111111111111,0.16666666666666666,0.609375,0.359375,0.685865
images/dragon-bridge.png,images_variants/golden_bridge/filtered.png,cross_image,0,0.453125,0.5873015873015873,0.4722222222222222,0.19047619047619047,0.59375,0.28125,0.722704
images/dragon-bridge.png,images_variants/golden_bridge/channel_shifted.png,cross_image,0,0.4375,0.6031746031746031,0.4722222222222222,0.19047619047619047,0.625,0.359375,0.734705
images/dragon-bridge.png,images_variants/golden_bridge/cropped10.png,cross_image,0,0.515625,0.6190476190476191,0.5,0.19047619047619047,0.515625,0.265625,0.676437
images/dragon-bridge.png,images_variants/golden_bridge/cropped20.png,cross_image,0,0.53125,0.49206349206349204,0.5138888888888888,0.19047619047619047,0.453125,0.296875,0.672700
images/dragon-bridge.png,images_variants/golden_bridge/cropped30.png,cross_image,0,0.515625,0.49206349206349204,0.4583333333333333,0.21428571428571427,0.46875,0.34375,0.642427
images/dragon-bridge.png,images_variants/golden_bridge/quality_adjusted_20.jpg,cross_image,0,0.453125,0.6190476190476191,0.4722222222222222,0.19047619047619047,0.578125,0.3125,0.707836
images/dragon-bridge.png,images_variants/golden_bridge/quality_adjusted_50.jpg,cross_image,0,0.453125,0.6190476190476191,0.4722222222222222,0.19047619047619047,0.578125,0.3125,0.701850
images/dragon-bridge.png,images_variants/golden_bridge/quality_adjusted_80.jpg,cross_image,0,0.453125,0.6190476190476191,0.4722222222222222,0.19047619047619047,0.578125,0.3125,0.706491
images/golden_bridge.webp,images_variants/dragon-bridge/altered.png,cross_image,0,0.453125,0.6031746031746031,0.4722222222222222,0.14285714285714285,0.578125,0.34375,0.707122
images/golden_bridge.webp,images_variants/dragon-bridge/grayscale.png,cross_image,0,0.453125,0.6190476190476191,0.4722222222222222,0.11904761904761904,0.578125,1.0,0.726157
images/golden_bridge.webp,images_variants/dragon-bridge/covered.png,cross_image,0,0.484375,0.4444444444444444,0.4583333333333333,0.21428571428571427,0.625,0.3125,0.715083
images/golden_bridge.webp,images_variants/dragon-bridge/dropout.png,cross_image,0,0.390625,0.49206349206349204,0.4861111111111111,0.21428571428571427,0.578125,0.3125,0.672768
images/golden_bridge.webp,images_variants/dragon-bridge/blurred.png,cross_image,0,0.453125,0.6190476190476191,0.4722222222222222,0.14285714285714285,0.578125,0.296875,0.713885
images/golden_bridge.webp,images_variants/dragon-bridge/brightened.png,cross_image,0,0.4375,0.5873015873015873,0.4861111111111111,0.16666666666666666,0.59375,0.3125,0.697505
images/golden_bridge.webp,images_variants/dragon-bridge/darkened.png,cross_image,0,0.453125,0.6190476190476191,0.4305555555555556,0.14285714285714285,0.578125,0.3125,0.694955
images/golden_bridge.webp,images_variants/dragon-bridge/resized.png,cross_image,0,0.453125,0.6190476190476191,0.4583333333333333,0.14285714285714285,0.578125,0.3125,0.701187
images/golden_bridge.webp,images_variants/dragon-bridge/resized_up.png,cross_image,0,0.453125,0.6190476190476191,0.4583333333333333,0.19047619047619047,0.578125,0.3125,0.705231
images/golden_bridge.webp,images_variants/dragon-bridge/contrasted.png,cross_image,0,0.4375,0.6031746031746031,0.4722222222222222,0.14285714285714285,0.625,0.3125,0.697420
images/golden_bridge.webp,images_variants/dragon-bridge/filtered.png,cross_image,0,0.453125,0.5714285714285714,0.4444444444444444,0.21428571428571427,0.640625,0.328125,0.675610
images/golden_bridge.webp,images_variants/dragon-bridge/channel_shifted.png,cross_image,0,0.453125,0.6031746031746031,0.4166666666666667,0.09523809523809523,0.46875,0.40625,0.706936
images/golden_bridge.webp,images_variants/dragon-bridge/cropped10.png,cross_image,0,0.484375,0.38095238095238093,0.4444444444444444,0.19047619047619047,0.65625,0.3125,0.748828
images/golden_bridge.webp,images_variants/dragon-bridge/cropped20.png,cross_image,0,0.578125,0.5555555555555556,0.4861111111111111,0.16666666666666666,0.640625,0.25,0.717597
images/golden_bridge.webp,images_variants/dragon-bridge/cropped30.png,cross_image,0,0.640625,0.5396825396825397,0.4166666666666667,0.16666666666666666,0.765625,0.3125,0.739903
images/golden_bridge.webp,images_variants/dragon-bridge/quality_adjusted_20.jpg,cross_image,0,0.453125,0.6190476190476191,0.4722222222222222,0.19047619047619047,0.578125,0.3125,0.681649
images/golden_bridge.webp,images_variants/dragon-bridge/quality_adjusted_50.jpg,cross_image,0,0.453125,0.6190476190476191,0.4583333333333333,0.19047619047619047,0.578125,0.328125,0.692158
images/golden_bridge.webp,images_variants/dragon-bridge/quality_adjusted_80.jpg,cross_image,0,0.453125,0.6190476190476191,0.4444444444444444,0.19047619047619047,0.578125,0.328125,0.700458
images/dragon-bridge.png,images/beach.jpg,cross_image,0,0.484375,0.5396825396825397,0.5138888888888888,0.21428571428571427,0.53125,0.4375,0.589911
images/dragon-bridge.png,images_variants/beach/altered.png,cross_image,0,0.484375,0.5555555555555556,0.5138888888888888,0.21428571428571427,0.5625,0.4375,0.641463
images/dragon-bridge.png,images_variants/beach/grayscale.png,cross_image,0,0.484375,0.5396825396825397,0.5138888888888888,0.16666666666666666,0.53125,1.0,0.614988
images/dragon-bridge.png,images_variants/beach/covered.png,cross_image,0,0.453125,0.5714285714285714,0.5138888888888888,0.21428571428571427,0.578125,0.453125,0.592488
images/dragon-bridge.png,images_variants/beach/dropout.png,cross_image,0,0.46875,0.5238095238095238,0.5,0.16666666666666666,0.4375,0.4375,0.682317
images/dragon-bridge.png,images_variants/beach/blurred.png,cross_image,0,0.484375,0.5396825396825397,0.5,0.21428571428571427,0.53125,0.4375,0.612924
images/dragon-bridge.png,images_variants/beach/brightened.png,cross_image,0,0.453125,0.5555555555555556,0.5138888888888888,0.19047619047619047,0.5,0.421875,0.622451
images/dragon-bridge.png,images_variants/beach/darkened.png,cross_image,0,0.484375,0.5396825396825397,0.5,0.23809523809523808,0.53125,0.4375,0.591649
images/dragon-bridge.png,images_variants/beach/resized.png,cross_image,0,0.484375,0.5396825396825397,0.5138888888888888,0.21428571428571427,0.53125,0.4375,0.591934
images/dragon-bridge.png,images_variants/beach/resized_up.png,cross_image,0,0.484375,0.5396825396825397,0.5138888888888888,0.21428571428571427,0.53125,0.4375,0.590025
images/dragon-bridge.png,images_variants/beach/contrasted.png,cross_image,0,0.46875,0.5555555555555556,0.5416666666666666,0.21428571428571427,0.515625,0.453125,0.592910
images/dragon-bridge.png,images_variants/beach/filtered.png,cross_image,0,0.484375,0.5714285714285714,0.5,0.21428571428571427,0.53125,0.4375,0.583494
images/dragon-bridge.png,images_variants/beach/channel_shifted.png,cross_image,0,0.5,0.5238095238095238,0.5277777777777778,0.21428571428571427,0.515625,0.546875,0.597283
images/dragon-bridge.png,images_variants/beach/cropped10.png,cross_image,0,0.515625,0.6507936507936508,0.4722222222222222,0.21428571428571427,0.515625,0.453125,0.605490
images/dragon-bridge.png,images_variants/beach/cropped20.png,cross_image,0,0.453125,0.5714285714285714,0.5277777777777778,0.23809523809523808,0.578125,0.453125,0.659476
images/dragon-bridge.png,images_variants/beach/cropped30.png,cross_image,0,0.453125,0.5396825396825397,0.5277777777777778,0.21428571428571427,0.59375,0.4375,0.763571
images/dragon-bridge.png,images_variants/beach/quality_adjusted_20.jpg,cross_image,0,0.484375,0.5396825396825397,0.5138888888888888,0.21428571428571427,0.515625,0.4375,0.600153
images/dragon-bridge.png,images_variants/beach/quality_adjusted_50.jpg,cross_image,0,0.484375,0.5396825396825397,0.5138888888888888,0.21428571428571427,0.53125,0.4375,0.596960
images/dragon-bridge.png,images_variants/beach/quality_adjusted_80.jpg,cross_image,0,0.484375,0.5396825396825397,0.5138888888888888,0.21428571428571427,0.53125,0.4375,0.594442
images/beach.jpg,images_variants/dragon-bridge/altered.png,cross_image,0,0.515625,0.5238095238095238,0.4861111111111111,0.16666666666666666,0.5,0.4375,0.630164
images/beach.jpg,images_variants/dragon-bridge/grayscale.png,cross_image,0,0.484375,0.5396825396825397,0.5138888888888888,0.14285714285714285,0.53125,1.0,0.568701
images/beach.jpg,images_variants/dragon-bridge/covered.png,cross_image,0,0.484375,0.49206349206349204,0.5555555555555556,0.23809523809523808,0.546875,0.4375,0.586522
images/beach.jpg,images_variants/dragon-bridge/dropout.png,cross_image,0,0.453125,0.47619047619047616,0.4722222222222222,0.23809523809523808,0.5,0.4375,0.622797
images/beach.jpg,images_variants/dragon-bridge/blurred.png,cross_image,0,0.484375,0.5396825396825397,0.5138888888888888,0.16666666666666666,0.53125,0.453125,0.593459
images/beach.jpg,images_variants/dragon-bridge/brightened.png,cross_image,0,0.5,0.5396825396825397,0.5,0.19047619047619047,0.546875,0.4375,0.584649
images/beach.jpg,images_variants/dragon-bridge/darkened.png,cross_image,0,0.484375,0.5396825396825397,0.5,0.21428571428571427,0.53125,0.4375,0.616871
images/beach.jpg,images_variants/dragon-bridge/resized.png,cross_image,0,0.484375,0.5396825396825397,0.5,0.21428571428571427,0.53125,0.4375,0.591579
images/beach.jpg,images_variants/dragon-bridge/resized_up.png,cross_image,0,0.484375,0.5396825396825397,0.5,0.21428571428571427,0.53125,0.4375,0.590565
images/beach.jpg,images_variants/dragon-bridge/contrasted.png,cross_image,0,0.53125,0.5238095238095238,0.5416666666666666,0.21428571428571427,0.546875,0.4375,0.586722
images/beach.jpg,images_variants/dragon-bridge/filtered.png,cross_image,0,0.515625,0.5238095238095238,0.5416666666666666,0.23809523809523808,0.5,0.453125,0.574548
images/beach.jpg,images_variants/dragon-bridge/channel_shifted.png,cross_image,0,0.484375,0.5555555555555556,0.4861111111111111,0.16666666666666666,0.484375,0.46875,0.585913
images/beach.jpg,images_variants/dragon-bridge/cropped10.png,cross_image,0,0.578125,0.5238095238095238,0.4861111111111111,0.21428571428571427,0.546875,0.375,0.562682
images/beach.jpg,images_variants/dragon-bridge/cropped20.png,cross_image,0,0.578125,0.5396825396825397,0.4444444444444444,0.19047619047619047,0.53125,0.34375,0.594255
images/beach.jpg,images_variants/dragon-bridge/cropped30.png,cross_image,0,0.609375,0.5555555555555556,0.4583333333333333,0.19047619047619047,0.5625,0.40625,0.626569
images/beach.jpg,images_variants/dragon-bridge/quality_adjusted_20.jpg,cross_image,0,0.484375,0.5396825396825397,0.5138888888888888,0.21428571428571427,0.53125,0.4375,0.595708
images/beach.jpg,images_variants/dragon-bridge/quality_adjusted_50.jpg,cross_image,0,0.484375,0.5396825396825397,0.5,0.21428571428571427,0.53125,0.453125,0.594471
images/beach.jpg,images_variants/dragon-bridge/quality_adjusted_80.jpg,cross_image,0,0.484375,0.5396825396825397,0.5138888888888888,0.21428571428571427,0.53125,0.453125,0.597997
images/golden_bridge.webp,images/beach.jpg,cross_image,0,0.21875,0.42857142857142855,0.5138888888888888,0.16666666666666666,0.328125,0.21875,0.793271
images/golden_bridge.webp,images_variants/beach/altered.png,cross_image,0,0.21875,0.4126984126984127,0.5138888888888888,0.16666666666666666,0.328125,0.25,0.813364
images/golden_bridge.webp,images_variants/beach/grayscale.png,cross_image,0,0.21875,0.42857142857142855,0.5138888888888888,0.11904761904761904,0.328125,1.0,0.798545
images/golden_bridge.webp,images_variants/beach/covered.png,cross_image,0,0.15625,0.42857142857142855,0.5138888888888888,0.16666666666666666,0.375,0.234375,0.795692
images/golden_bridge.webp,images_variants/beach/dropout.png,cross_image,0,0.234375,0.4126984126984127,0.4166666666666667,0.16666666666666666,0.359375,0.21875,0.801883
images/golden_bridge.webp,images_variants/beach/blurred.png,cross_image,0,0.21875,0.42857142857142855,0.5,0.16666666666666666,0.328125,0.21875,0.774181
images/golden_bridge.webp,images_variants/beach/brightened.png,cross_image,0,0.1875,0.4444444444444444,0.4861111111111111,0.19047619047619047,0.359375,0.203125,0.789085
images/golden_bridge.webp,images_variants/beach/darkened.png,cross_image,0,0.21875,0.42857142857142855,0.5,0.19047619047619047,0.328125,0.21875,0.793587
images/golden_bridge.webp,images_variants/beach/resized.png,cross_image,0,0.21875,0.42857142857142855,0.5138888888888888,0.16666666666666666,0.328125,0.21875,0.791485
images/golden_bridge.webp,images_variants/beach/resized_up.png,cross_image,0,0.21875,0.42857142857142855,0.5138888888888888,0.16666666666666666,0.328125,0.21875,0.792761
images/golden_bridge.webp,images_variants/beach/contrasted.png,cross_image,0,0.234375,0.4444444444444444,0.5138888888888888,0.16666666666666666,0.375,0.234375,0.795143
images/golden_bridge.webp,images_variants/beach/filtered.png,cross_image,0,0.21875,0.42857142857142855,0.5,0.16666666666666666,0.328125,0.21875,0.789465
images/golden_bridge.webp,images_variants/beach/channel_shifted.png,cross_image,0,0.203125,0.4444444444444444,0.4722222222222222,0.16666666666666666,0.34375,0.265625,0.763173
images/golden_bridge.webp,images_variants/beach/cropped10.png,cross_image,0,0.25,0.38095238095238093,0.4722222222222222,0.16666666666666666,0.34375,0.234375,0.788161
images/golden_bridge.webp,images_variants/beach/cropped20.png,cross_image,0,0.25,0.4603174603174603,0.4444444444444444,0.14285714285714285,0.28125,0.203125,0.824904
images/golden_bridge.webp,images_variants/beach/cropped30.png,cross_image,0,0.28125,0.5238095238095238,0.5277777777777778,0.11904761904761904,0.140625,0.1875,0.837574
images/golden_bridge.webp,images_variants/beach/quality_adjusted_20.jpg,cross_image,0,0.21875,0.42857142857142855,0.5138888888888888,0.16666666666666666,0.34375,0.21875,0.794170
images/golden_bridge.webp,images_variants/beach/quality_adjusted_50.jpg,cross_image,0,0.21875,0.42857142857142855,0.5138888888888888,0.16666666666666666,0.328125,0.21875,0.793313
images/golden_bridge.webp,images_variants/beach/quality_adjusted_80.jpg,cross_image,0,0.21875,0.42857142857142855,0.5138888888888888,0.16666666666666666,0.328125,0.21875,0.792602
images/beach.jpg,images_variants/golden_bridge/altered.png,cross_image,0,0.21875,0.42857142857142855,0.5138888888888888,0.14285714285714285,0.359375,0.265625,0.789692
images/beach.jpg,images_variants/golden_bridge/grayscale.png,cross_image,0,0.21875,0.42857142857142855,0.5138888888888888,0.09523809523809523,0.328125,1.0,0.809921
images/beach.jpg,images_variants/golden_bridge/covered.png,cross_image,0,0.21875,0.4444444444444444,0.4305555555555556,0.16666666666666666,0.28125,0.21875,0.790395
images/beach.jpg,images_variants/golden_bridge/dropout.png,cross_image,0,0.234375,0.4126984126984127,0.4444444444444444,0.19047619047619047,0.34375,0.203125,0.725996
images/beach.jpg,images_variants/golden_bridge/blurred.png,cross_image,0,0.21875,0.42857142857142855,0.5138888888888888,0.14285714285714285,0.328125,0.21875,0.791600
images/beach.jpg,images_variants/golden_bridge/brightened.png,cross_image,0,0.203125,0.4444444444444444,0.4861111111111111,0.09523809523809523,0.375,0.296875,0.783152
images/beach.jpg,images_variants/golden_bridge/darkened.png,cross_image,0,0.21875,0.42857142857142855,0.5138888888888888,0.16666666666666666,0.328125,0.21875,0.798793
images/beach.jpg,images_variants/golden_bridge/resized.png,cross_image,0,0.21875,0.42857142857142855,0.5138888888888888,0.16666666666666666,0.328125,0.21875,0.790742
images/beach.jpg,images_variants/golden_bridge/resized_up.png,cross_image,0,0.21875,0.42857142857142855,0.5138888888888888,0.16666666666666666,0.328125,0.21875,0.792847
images/beach.jpg,images_variants/golden_bridge/contrasted.png,cross_image,0,0.21875,0.4444444444444444,0.5,0.19047619047619047,0.265625,0.203125,0.784256
images/beach.jpg,images_variants/golden_bridge/filtered.png,cross_image,0,0.21875,0.4603174603174603,0.5138888888888888,0.11904761904761904,0.3125,0.25,0.796546
images/beach.jpg,images_variants/golden_bridge/channel_shifted.png,cross_image,0,0.203125,0.4444444444444444,0.5138888888888888,0.16666666666666666,0.28125,0.171875,0.831106
images/beach.jpg,images_variants/golden_bridge/cropped10.png,cross_image,0,0.25,0.42857142857142855,0.4583333333333333,0.16666666666666666,0.453125,0.265625,0.786948
images/beach.jpg,images_variants/golden_bridge/cropped20.png,cross_image,0,0.265625,0.3968253968253968,0.3888888888888889,0.16666666666666666,0.515625,0.265625,0.791687
images/beach.jpg,images_variants/golden_bridge/cropped30.png,cross_image,0,0.25,0.3968253968253968,0.4444444444444444,0.14285714285714285,0.40625,0.21875,0.863325
images/beach.jpg,images_variants/golden_bridge/quality_adjusted_20.jpg,cross_image,0,0.21875,0.42857142857142855,0.5138888888888888,0.11904761904761904,0.328125,0.21875,0.807614
images/beach.jpg,images_variants/golden_bridge/quality_adjusted_50.jpg,cross_image,0,0.21875,0.42857142857142855,0.5138888888888888,0.11904761904761904,0.328125,0.21875,0.786877
images/beach.jpg,images_variants/golden_bridge/quality_adjusted_80.jpg,cross_image,0,0.21875,0.42857142857142855,0.5138888888888888,0.16666666666666666,0.328125,0.21875,0.792835
references/R020965.jpg,queries/Q00061.jpg,disc21,1,0.453125,0.5079365079365079,0.3888888888888889,0.09523809523809523,0.25,1.0,0.797717
references/R044970.jpg,queries/Q00324.jpg,disc21,1,0.34375,0.4444444444444444,0.5138888888888888,0.023809523809523808,0.40625,0.109375,0.205644
references/R003142.jpg,queries/Q00338.jpg,disc21,1,0.203125,0.25396825396825395,0.1527777777777778,0.14285714285714285,0.125,0.21875,0.278900
references/R007851.jpg,queries/Q00748.jpg,disc21,1,0.03125,0.38095238095238093,0.375,0.23809523809523808,0.078125,0.25,0.070565
references/R032607.jpg,queries/Q00814.jpg,disc21,1,0.46875,0.4444444444444444,0.3333333333333333,0.07142857142857142,0.453125,0.125,0.081206
references/R033260.jpg,queries/Q00846.jpg,disc21,1,0.546875,0.7142857142857143,0.4166666666666667,0.14285714285714285,0.703125,0.25,0.348576
references/R014120.jpg,queries/Q00906.jpg,disc21,1,0.53125,0.6031746031746031,0.4583333333333333,0.14285714285714285,0.5,0.34375,0.929772
references/R044290.jpg,queries/Q00911.jpg,disc21,1,0.09375,0.12698412698412698,0.08333333333333333,0.047619047619047616,0.171875,0.15625,0.042074
references/R026396.jpg,queries/Q01094.jpg,disc21,1,0.296875,0.4603174603174603,0.4444444444444444,0.09523809523809523,0.328125,1.0,0.543976
references/R021968.jpg,queries/Q01114.jpg,disc21,1,0.71875,0.5079365079365079,0.4027777777777778,0.23809523809523808,0.671875,0.5,0.410123
references/R040062.jpg,queries/Q01139.jpg,disc21,1,0.578125,0.5555555555555556,0.4861111111111111,0.14285714285714285,0.484375,0.40625,0.827288
references/R032013.jpg,queries/Q01144.jpg,disc21,1,0.1875,0.09523809523809523,0.1111111111111111,0.09523809523809523,0.171875,0.203125,0.086056
references/R010286.jpg,queries/Q01150.jpg,disc21,1,0.046875,0.14285714285714285,0.06944444444444445,0.07142857142857142,0.078125,0.0625,0.253101
references/R043984.jpg,queries/Q01200.jpg,disc21,1,0.953125,0.6825396825396826,0.6944444444444444,0.16666666666666666,0.578125,0.1875,0.740114
references/R026440.jpg,queries/Q01204.jpg,disc21,1,0.28125,0.4444444444444444,0.4027777777777778,0.14285714285714285,0.234375,0.5,0.826741
references/R047843.jpg,queries/Q01351.jpg,disc21,1,0.484375,0.5079365079365079,0.4305555555555556,0.21428571428571427,0.21875,0.34375,0.247411
references/R036921.jpg,queries/Q01467.jpg,disc21,1,0.203125,0.2698412698412698,0.08333333333333333,0.14285714285714285,0.21875,1.0,0.183726
references/R017215.jpg,queries/Q01549.jpg,disc21,1,0.09375,0.19047619047619047,0.09722222222222222,0.047619047619047616,0.203125,0.171875,0.247401
references/R043507.jpg,queries/Q01663.jpg,disc21,1,0.40625,0.49206349206349204,0.4722222222222222,0.11904761904761904,0.421875,0.25,0.933449
references/R016653.jpg,queries/Q01752.jpg,disc21,1,0.453125,0.5555555555555556,0.3888888888888889,0.21428571428571427,0.59375,0.296875,0.968130
references/R002815.jpg,queries/Q01854.jpg,disc21,1,0.109375,0.25396825396825395,0.2638888888888889,0.16666666666666666,0.140625,0.203125,0.052019
references/R017945.jpg,queries/Q01893.jpg,disc21,1,0.359375,0.49206349206349204,0.375,0.047619047619047616,0.484375,1.0,0.606527
references/R009770.jpg,queries/Q02033.jpg,disc21,1,0.53125,0.4126984126984127,0.4722222222222222,0.11904761904761904,0.5,0.21875,0.614578
references/R008373.jpg,queries/Q02051.jpg,disc21,1,0.578125,0.5238095238095238,0.4305555555555556,0.11904761904761904,0.53125,0.125,0.768266
references/R028223.jpg,queries/Q02160.jpg,disc21,1,0.015625,0.06349206349206349,0.09722222222222222,0.09523809523809523,0.0625,0.4375,0.749596
references/R030372.jpg,queries/Q02275.jpg,disc21,1,0.296875,0.5555555555555556,0.3888888888888889,0.19047619047619047,0.515625,0.328125,0.918541
references/R029794.jpg,queries/Q02651.jpg,disc21,1,0.421875,0.5873015873015873,0.4305555555555556,0.30952380952380953,0.359375,0.46875,0.242827
references/R040813.jpg,queries/Q02672.jpg,disc21,1,0.3125,0.49206349206349204,0.4861111111111111,0.14285714285714285,0.6875,0.234375,0.179116
references/R015696.jpg,queries/Q02840.jpg,disc21,1,0.359375,0.5396825396825397,0.5138888888888888,0.14285714285714285,0.4375,0.09375,0.312568
references/R005713.jpg,queries/Q02945.jpg,disc21,1,0.078125,0.3968253968253968,0.3611111111111111,0.11904761904761904,0.375,0.140625,0.294292
references/R046712.jpg,queries/Q03053.jpg,disc21,1,0.65625,0.6507936507936508,0.3888888888888889,0.14285714285714285,0.6875,0.359375,0.932899
references/R040535.jpg,queries/Q03158.jpg,disc21,1,0.78125,0.49206349206349204,0.4444444444444444,0.16666666666666666,0.5625,0.34375,0.540356
references/R033871.jpg,queries/Q03218.jpg,disc21,1,0.546875,0.47619047619047616,0.4722222222222222,0.11904761904761904,0.265625,0.359375,1.088494
references/R023861.jpg,queries/Q03233.jpg,disc21,1,0.046875,0.14285714285714285,0.16666666666666666,0.19047619047619047,0.109375,0.1875,0.462826
references/R021774.jpg,queries/Q03273.jpg,disc21,1,0.640625,0.5396825396825397,0.4722222222222222,0.14285714285714285,0.578125,0.484375,0.377045
references/R025235.jpg,queries/Q03285.jpg,disc21,1,0.0,0.12698412698412698,0.3055555555555556,0.09523809523809523,0.0,0.4375,0.220607
references/R038109.jpg,queries/Q03364.jpg,disc21,1,0.609375,0.5238095238095238,0.3472222222222222,0.11904761904761904,0.515625,0.375,0.342071
references/R019268.jpg,queries/Q03440.jpg,disc21,1,0.1875,0.38095238095238093,0.375,0.07142857142857142,0.21875,0.28125,0.254744
references/R048860.jpg,queries/Q03572.jpg,disc21,1,0.171875,0.4126984126984127,0.3055555555555556,0.09523809523809523,0.125,0.265625,0.797410
references/R048959.jpg,queries/Q03643.jpg,disc21,1,0.03125,0.1746031746031746,0.1111111111111111,0.09523809523809523,0.078125,0.203125,0.153666
references/R005527.jpg,queries/Q03854.jpg,disc21,1,0.421875,0.4444444444444444,0.4166666666666667,0.11904761904761904,0.234375,0.34375,0.769439
references/R036479.jpg,queries/Q03961.jpg,disc21,1,0.234375,0.3968253968253968,0.3055555555555556,0.19047619047619047,0.3125,0.28125,0.141091
references/R038735.jpg,queries/Q04079.jpg,disc21,1,0.0,0.06349206349206349,0.0,0.023809523809523808,0.03125,0.109375,0.051940
references/R022514.jpg,queries/Q04111.jpg,disc21,1,0.125,0.15873015873015872,0.1388888888888889,0.11904761904761904,0.15625,0.21875,0.166375
references/R030138.jpg,queries/Q04113.jpg,disc21,1,0.015625,0.09523809523809523,0.0,0.047619047619047616,0.0625,0.09375,0.040028
references/R032330.jpg,queries/Q04381.jpg,disc21,1,0.25,0.3968253968253968,0.3472222222222222,0.07142857142857142,0.296875,1.0,0.722455
references/R013853.jpg,queries/Q04414.jpg,disc21,1,0.125,0.1111111111111111,0.06944444444444445,0.07142857142857142,0.0625,1.0,0.116581
references/R020251.jpg,queries/Q04572.jpg,disc21,1,0.078125,0.15873015873015872,0.1527777777777778,0.11904761904761904,0.0,0.328125,0.118848
references/R002943.jpg,queries/Q04580.jpg,disc21,1,0.703125,0.5238095238095238,0.375,0.0,0.59375,0.265625,0.466903
references/R004613.jpg,queries/Q04602.jpg,disc21,1,0.0625,0.047619047619047616,0.027777777777777776,0.0,0.03125,0.0625,0.033713
references/R016215.jpg,queries/Q04618.jpg,disc21,1,0.453125,0.6666666666666666,0.2361111111111111,0.14285714285714285,0.328125,0.140625,0.389470
references/R033718.jpg,queries/Q04629.jpg,disc21,1,0.203125,0.1746031746031746,0.19444444444444445,0.14285714285714285,0.109375,0.15625,0.056323
references/R015986.jpg,queries/Q04872.jpg,disc21,1,0.078125,0.14285714285714285,0.18055555555555555,0.11904761904761904,0.484375,0.390625,0.021749
references/R042444.jpg,queries/Q04978.jpg,disc21,1,0.0,0.0,0.041666666666666664,0.16666666666666666,0.171875,0.03125,0.185767
references/R010499.jpg,queries/Q05046.jpg,disc21,1,0.203125,0.12698412698412698,0.09722222222222222,0.023809523809523808,0.15625,0.03125,0.093436
references/R013756.jpg,queries/Q05306.jpg,disc21,1,0.046875,0.1746031746031746,0.3472222222222222,0.0,0.09375,0.015625,0.140508
references/R026258.jpg,queries/Q05308.jpg,disc21,1,0.3125,0.4126984126984127,0.3472222222222222,0.19047619047619047,0.40625,0.328125,1.068745
references/R013394.jpg,queries/Q05388.jpg,disc21,1,0.0,0.0,0.041666666666666664,0.023809523809523808,0.046875,0.015625,0.116042
references/R002092.jpg,queries/Q05562.jpg,disc21,1,0.046875,0.047619047619047616,0.041666666666666664,0.09523809523809523,0.03125,0.4375,0.502203
references/R024358.jpg,queries/Q05634.jpg,disc21,1,0.21875,0.4126984126984127,0.3888888888888889,0.21428571428571427,0.4375,0.265625,0.454807
references/R007283.jpg,queries/Q05881.jpg,disc21,1,0.171875,0.25396825396825395,0.3194444444444444,0.14285714285714285,0.578125,0.296875,0.352494
references/R019908.jpg,queries/Q05925.jpg,disc21,1,0.234375,0.4444444444444444,0.2777777777777778,0.09523809523809523,0.265625,0.203125,0.245656
references/R036637.jpg,queries/Q06021.jpg,disc21,1,0.0,0.015873015873015872,0.041666666666666664,0.023809523809523808,0.0,0.046875,0.020063
references/R017928.jpg,queries/Q06147.jpg,disc21,1,0.3125,0.47619047619047616,0.4027777777777778,0.07142857142857142,0.609375,1.0,0.134201
references/R032575.jpg,queries/Q06214.jpg,disc21,1,0.34375,0.47619047619047616,0.3888888888888889,0.23809523809523808,0.203125,0.40625,0.905149
references/R040305.jpg,queries/Q06231.jpg,disc21,1,0.515625,0.6825396825396826,0.6111111111111112,0.21428571428571427,0.390625,0.125,0.427953
references/R045080.jpg,queries/Q06240.jpg,disc21,1,0.40625,0.47619047619047616,0.4722222222222222,0.11904761904761904,0.609375,0.265625,0.498333
references/R035974.jpg,queries/Q06246.jpg,disc21,1,0.0625,0.06349206349206349,0.09722222222222222,0.14285714285714285,0.234375,0.265625,0.146575
references/R033241.jpg,queries/Q06253.jpg,disc21,1,0.578125,0.5238095238095238,0.4444444444444444,0.047619047619047616,0.640625,0.515625,0.935435
references/R033376.jpg,queries/Q06257.jpg,disc21,1,0.0,0.031746031746031744,0.05555555555555555,0.07142857142857142,0.03125,0.015625,0.139944
references/R042210.jpg,queries/Q06313.jpg,disc21,1,0.140625,0.15873015873015872,0.09722222222222222,0.047619047619047616,0.421875,0.40625,0.560842
references/R038409.jpg,queries/Q06686.jpg,disc21,1,0.125,0.49206349206349204,0.3055555555555556,0.0,0.40625,0.3125,0.131316
references/R006606.jpg,queries/Q06786.jpg,disc21,1,0.34375,0.49206349206349204,0.4305555555555556,0.07142857142857142,0.453125,0.078125,0.154539
references/R003935.jpg,queries/Q06835.jpg,disc21,1,0.40625,0.5238095238095238,0.4027777777777778,0.19047619047619047,0.453125,0.265625,0.531967
references/R025200.jpg,queries/Q06890.jpg,disc21,1,0.09375,0.14285714285714285,0.08333333333333333,0.07142857142857142,0.28125,0.203125,0.273835
references/R030777.jpg,queries/Q06997.jpg,disc21,1,0.59375,0.5079365079365079,0.4166666666666667,0.0,0.640625,0.078125,0.234684
references/R014159.jpg,queries/Q07059.jpg,disc21,1,0.4375,0.36507936507936506,0.18055555555555555,0.09523809523809523,0.5,0.140625,0.417938
references/R047215.jpg,queries/Q07078.jpg,disc21,1,0.03125,0.06349206349206349,0.013888888888888888,0.14285714285714285,0.03125,0.359375,0.112396
references/R048124.jpg,queries/Q07130.jpg,disc21,1,0.09375,0.2857142857142857,0.16666666666666666,0.16666666666666666,0.328125,0.109375,0.113862
references/R021055.jpg,queries/Q07180.jpg,disc21,1,0.25,0.4603174603174603,0.375,0.11904761904761904,0.234375,0.1875,0.029848
references/R034580.jpg,queries/Q07377.jpg,disc21,1,0.4375,0.1111111111111111,0.125,0.19047619047619047,0.5,0.265625,0.173686
references/R028712.jpg,queries/Q07380.jpg,disc21,1,0.0,0.015873015873015872,0.0,0.07142857142857142,0.015625,1.0,0.119617
references/R035985.jpg,queries/Q07423.jpg,disc21,1,0.421875,0.49206349206349204,0.4166666666666667,0.23809523809523808,0.59375,0.28125,1.031876
references/R036215.jpg,queries/Q07437.jpg,disc21,1,0.421875,0.42857142857142855,0.3472222222222222,0.16666666666666666,0.375,0.15625,0.580206
references/R002155.jpg,queries/Q07482.jpg,disc21,1,0.25,0.3492063492063492,0.2777777777777778,0.11904761904761904,0.40625,0.140625,0.050443
references/R031316.jpg,queries/Q07791.jpg,disc21,1,0.4375,0.4126984126984127,0.2777777777777778,0.19047619047619047,0.328125,0.375,0.822686
references/R008693.jpg,queries/Q07842.jpg,disc21,1,0.34375,0.4444444444444444,0.2777777777777778,0.09523809523809523,0.203125,0.5,0.480586
references/R004332.jpg,queries/Q07946.jpg,disc21,1,0.1875,0.36507936507936506,0.4027777777777778,0.19047619047619047,0.1875,0.3125,0.597214
references/R021605.jpg,queries/Q08111.jpg,disc21,1,0.421875,0.47619047619047616,0.4722222222222222,0.19047619047619047,0.4375,0.28125,0.949184
references/R044326.jpg,queries/Q08196.jpg,disc21,1,0.34375,0.36507936507936506,0.375,0.11904761904761904,0.46875,0.109375,0.411170
references/R040002.jpg,queries/Q08257.jpg,disc21,1,0.34375,0.47619047619047616,0.4444444444444444,0.07142857142857142,0.46875,0.234375,0.622365
references/R028782.jpg,queries/Q08299.jpg,disc21,1,0.046875,0.047619047619047616,0.027777777777777776,0.16666666666666666,0.046875,0.265625,0.232530
references/R045173.jpg,queries/Q08333.jpg,disc21,1,0.078125,0.25396825396825395,0.041666666666666664,0.047619047619047616,0.078125,0.03125,0.031819
references/R003487.jpg,queries/Q08463.jpg,disc21,1,0.03125,0.047619047619047616,0.08333333333333333,0.14285714285714285,0.03125,0.1875,0.359787
references/R030393.jpg,queries/Q08488.jpg,disc21,1,0.0,0.07936507936507936,0.041666666666666664,0.07142857142857142,0.015625,0.109375,0.079622
references/R014788.jpg,queries/Q08496.jpg,disc21,1,0.3125,0.5238095238095238,0.375,0.19047619047619047,0.4375,0.296875,0.902508
references/R020188.jpg,queries/Q08559.jpg,disc21,1,0.25,0.47619047619047616,0.5694444444444444,0.14285714285714285,0.265625,0.296875,0.919853
references/R002133.jpg,queries/Q08571.jpg,disc21,1,0.484375,0.42857142857142855,0.4861111111111111,0.23809523809523808,0.640625,0.28125,0.882625
references/R024779.jpg,queries/Q08650.jpg,disc21,1,0.078125,0.2698412698412698,0.20833333333333334,0.16666666666666666,0.53125,0.375,0.087702
references/R042554.jpg,queries/Q08657.jpg,disc21,1,0.453125,0.4444444444444444,0.3611111111111111,0.21428571428571427,0.359375,0.203125,0.601851
references/R038214.jpg,queries/Q08675.jpg,disc21,1,0.015625,0.14285714285714285,0.18055555555555555,0.19047619047619047,0.109375,0.109375,0.108624
references/R010466.jpg,queries/Q08740.jpg,disc21,1,0.234375,0.09523809523809523,0.05555555555555555,0.16666666666666666,0.171875,0.515625,0.388445
references/R020064.jpg,queries/Q08853.jpg,disc21,1,0.03125,0.1111111111111111,0.09722222222222222,0.07142857142857142,0.265625,0.375,0.879574
references/R049233.jpg,queries/Q08950.jpg,disc21,1,0.640625,0.5238095238095238,0.4722222222222222,0.0,0.28125,0.09375,0.855709
references/R019400.jpg,queries/Q08959.jpg,disc21,1,0.515625,0.49206349206349204,0.4444444444444444,0.21428571428571427,0.546875,0.15625,0.928117
references/R004907.jpg,queries/Q09005.jpg,disc21,1,0.015625,0.14285714285714285,0.06944444444444445,0.047619047619047616,0.0625,0.015625,0.208714
references/R002688.jpg,queries/Q09037.jpg,disc21,1,0.265625,0.47619047619047616,0.5,0.14285714285714285,0.34375,0.328125,0.044998
references/R010534.jpg,queries/Q09136.jpg,disc21,1,0.390625,0.6031746031746031,0.4722222222222222,0.11904761904761904,0.3125,0.109375,0.530418
references/R006387.jpg,queries/Q09536.jpg,disc21,1,0.453125,0.4126984126984127,0.4166666666666667,0.14285714285714285,0.421875,0.359375,0.984775
references/R036558.jpg,queries/Q09663.jpg,disc21,1,0.078125,0.47619047619047616,0.4444444444444444,0.047619047619047616,0.0625,0.46875,0.574122
references/R026619.jpg,queries/Q09665.jpg,disc21,1,0.421875,0.49206349206349204,0.4166666666666667,0.2619047619047619,0.53125,0.5,0.910469
references/R045081.jpg,queries/Q09788.jpg,disc21,1,0.03125,0.07936507936507936,0.125,0.0,0.109375,0.09375,0.057965
references/R013314.jpg,queries/Q09847.jpg,disc21,1,0.109375,0.09523809523809523,0.125,0.14285714285714285,0.109375,0.109375,0.097546
references/R049403.jpg,queries/Q09985.jpg,disc21,1,0.078125,0.31746031746031744,0.2361111111111111,0.07142857142857142,0.125,0.078125,0.178459
references/R049106.jpg,queries/Q10069.jpg,disc21,1,0.140625,0.49206349206349204,0.5138888888888888,0.14285714285714285,0.234375,0.234375,0.124802
references/R043608.jpg,queries/Q10280.jpg,disc21,1,0.296875,0.38095238095238093,0.3055555555555556,0.09523809523809523,0.34375,0.359375,0.988242
references/R008636.jpg,queries/Q10426.jpg,disc21,1,0.25,0.2698412698412698,0.25,0.09523809523809523,0.34375,0.328125,0.107786
references/R000785.jpg,queries/Q10464.jpg,disc21,1,0.421875,0.31746031746031744,0.1388888888888889,0.11904761904761904,0.109375,1.0,0.185266
references/R013069.jpg,queries/Q10610.jpg,disc21,1,0.296875,0.30158730158730157,0.4861111111111111,0.19047619047619047,0.34375,0.359375,0.810809
references/R033210.jpg,queries/Q10788.jpg,disc21,1,0.65625,0.5714285714285714,0.4861111111111111,0.11904761904761904,0.59375,0.34375,0.389849
references/R033754.jpg,queries/Q10790.jpg,disc21,1,0.46875,0.47619047619047616,0.5416666666666666,0.16666666666666666,0.59375,0.3125,0.753183
references/R018750.jpg,queries/Q10858.jpg,disc21,1,0.421875,0.5238095238095238,0.5555555555555556,0.11904761904761904,0.546875,0.34375,0.759361
references/R017072.jpg,queries/Q10911.jpg,disc21,1,0.671875,0.4444444444444444,0.5,0.14285714285714285,0.484375,0.5625,0.971052
references/R034159.jpg,queries/Q10915.jpg,disc21,1,0.53125,0.6190476190476191,0.4861111111111111,0.19047619047619047,0.390625,0.140625,0.518830
references/R006346.jpg,queries/Q10998.jpg,disc21,1,0.640625,0.6349206349206349,0.5694444444444444,0.21428571428571427,0.59375,0.40625,0.987118
references/R042043.jpg,queries/Q11005.jpg,disc21,1,0.234375,0.23809523809523808,0.16666666666666666,0.09523809523809523,0.421875,0.0625,0.180348
references/R017009.jpg,queries/Q11090.jpg,disc21,1,0.171875,0.3968253968253968,0.2638888888888889,0.21428571428571427,0.3125,0.0625,0.303823
references/R043282.jpg,queries/Q11117.jpg,disc21,1,0.5,0.4126984126984127,0.4583333333333333,0.09523809523809523,0.609375,0.390625,0.355438
references/R017793.jpg,queries/Q11119.jpg,disc21,1,0.34375,0.49206349206349204,0.4444444444444444,0.21428571428571427,0.46875,1.0,1.055316
references/R024433.jpg,queries/Q11256.jpg,disc21,1,0.390625,0.38095238095238093,0.3194444444444444,0.2619047619047619,0.28125,0.203125,0.248561
references/R032478.jpg,queries/Q11315.jpg,disc21,1,0.015625,0.015873015873015872,0.027777777777777776,0.07142857142857142,0.0,1.0,0.072002
references/R047996.jpg,queries/Q11405.jpg,disc21,1,0.015625,0.07936507936507936,0.06944444444444445,0.14285714285714285,0.265625,0.3125,0.061101
references/R001360.jpg,queries/Q11515.jpg,disc21,1,0.3125,0.47619047619047616,0.4166666666666667,0.23809523809523808,0.28125,0.484375,0.425588
references/R045384.jpg,queries/Q11621.jpg,disc21,1,0.40625,0.47619047619047616,0.4305555555555556,0.09523809523809523,0.609375,0.125,0.482641
references/R040372.jpg,queries/Q11730.jpg,disc21,1,0.5,0.49206349206349204,0.4583333333333333,0.11904761904761904,0.609375,0.375,0.853445
references/R014474.jpg,queries/Q11784.jpg,disc21,1,0.09375,0.42857142857142855,0.4166666666666667,0.09523809523809523,0.15625,1.0,0.433521
references/R032662.jpg,queries/Q11877.jpg,disc21,1,0.40625,0.4603174603174603,0.5138888888888888,0.21428571428571427,0.453125,0.390625,0.537963
references/R021358.jpg,queries/Q11941.jpg,disc21,1,0.375,0.36507936507936506,0.20833333333333334,0.14285714285714285,0.421875,0.109375,0.180106
references/R007222.jpg,queries/Q12033.jpg,disc21,1,0.1875,0.3968253968253968,0.3333333333333333,0.09523809523809523,0.265625,0.359375,0.270813
references/R010596.jpg,queries/Q12053.jpg,disc21,1,0.390625,0.5396825396825397,0.4583333333333333,0.16666666666666666,0.375,0.390625,0.877151
references/R045797.jpg,queries/Q12058.jpg,disc21,1,0.171875,0.1746031746031746,0.19444444444444445,0.14285714285714285,0.234375,0.171875,0.810407
references/R033081.jpg,queries/Q12079.jpg,disc21,1,0.28125,0.38095238095238093,0.3194444444444444,0.16666666666666666,0.359375,0.078125,0.809186
references/R046729.jpg,queries/Q12218.jpg,disc21,1,0.375,0.5396825396825397,0.4444444444444444,0.14285714285714285,0.34375,0.453125,0.284411
references/R000172.jpg,queries/Q12405.jpg,disc21,1,0.15625,0.5079365079365079,0.4722222222222222,0.023809523809523808,0.25,0.1875,0.834988
references/R029605.jpg,queries/Q12458.jpg,disc21,1,0.53125,0.5238095238095238,0.5138888888888888,0.14285714285714285,0.4375,0.25,1.002406
references/R029532.jpg,queries/Q12509.jpg,disc21,1,0.53125,0.5238095238095238,0.5,0.11904761904761904,0.703125,0.546875,0.355569
references/R014770.jpg,queries/Q12667.jpg,disc21,1,0.03125,0.23809523809523808,0.2361111111111111,0.09523809523809523,0.234375,0.40625,0.532577
references/R011715.jpg,queries/Q12905.jpg,disc21,1,0.5625,0.5555555555555556,0.4305555555555556,0.09523809523809523,0.359375,1.0,0.710696
references/R047833.jpg,queries/Q12994.jpg,disc21,1,0.53125,0.4444444444444444,0.375,0.16666666666666666,0.625,1.0,0.954544
references/R006975.jpg,queries/Q13209.jpg,disc21,1,0.28125,0.3333333333333333,0.4166666666666667,0.14285714285714285,0.234375,0.15625,0.444203
references/R029222.jpg,queries/Q13238.jpg,disc21,1,0.359375,0.5555555555555556,0.4722222222222222,0.09523809523809523,0.34375,1.0,0.112779
references/R032433.jpg,queries/Q13264.jpg,disc21,1,0.0,0.1746031746031746,0.1388888888888889,0.07142857142857142,0.046875,0.015625,0.187894
references/R037774.jpg,queries/Q13316.jpg,disc21,1,0.234375,0.3968253968253968,0.3611111111111111,0.09523809523809523,0.390625,0.328125,0.136578
references/R047974.jpg,queries/Q13348.jpg,disc21,1,0.390625,0.5555555555555556,0.2916666666666667,0.07142857142857142,0.34375,0.25,0.235337
references/R031320.jpg,queries/Q13382.jpg,disc21,1,0.015625,0.06349206349206349,0.027777777777777776,0.14285714285714285,0.03125,0.375,0.364136
references/R035218.jpg,queries/Q13385.jpg,disc21,1,0.0,0.0,0.0,0.0,0.0,0.03125,0.007568
references/R005324.jpg,queries/Q13392.jpg,disc21,1,0.125,0.20634920634920634,0.18055555555555555,0.047619047619047616,0.21875,0.28125,0.073881
references/R035753.jpg,queries/Q13532.jpg,disc21,1,0.359375,0.47619047619047616,0.4861111111111111,0.11904761904761904,0.421875,0.234375,0.326436
references/R016435.jpg,queries/Q13759.jpg,disc21,1,0.234375,0.4603174603174603,0.4583333333333333,0.14285714285714285,0.21875,0.421875,0.754519
references/R048801.jpg,queries/Q13876.jpg,disc21,1,0.4375,0.4444444444444444,0.4583333333333333,0.09523809523809523,0.28125,0.265625,0.486713
references/R040288.jpg,queries/Q14036.jpg,disc21,1,0.46875,0.4444444444444444,0.3472222222222222,0.14285714285714285,0.484375,0.3125,1.013083
references/R013518.jpg,queries/Q14078.jpg,disc21,1,0.484375,0.5396825396825397,0.5277777777777778,0.16666666666666666,0.5625,0.5,0.495194
references/R039612.jpg,queries/Q14109.jpg,disc21,1,0.390625,0.3333333333333333,0.4444444444444444,0.14285714285714285,0.3125,0.34375,0.093615
references/R031262.jpg,queries/Q14352.jpg,disc21,1,0.3125,0.49206349206349204,0.3611111111111111,0.09523809523809523,0.296875,0.171875,0.245710
references/R014524.jpg,queries/Q14409.jpg,disc21,1,0.421875,0.4126984126984127,0.4305555555555556,0.21428571428571427,0.515625,0.53125,0.366144
references/R030362.jpg,queries/Q14468.jpg,disc21,1,0.234375,0.14285714285714285,0.20833333333333334,0.0,0.203125,0.09375,0.166549
references/R032077.jpg,queries/Q14483.jpg,disc21,1,0.171875,0.5396825396825397,0.3611111111111111,0.023809523809523808,0.34375,0.375,0.386389
references/R036060.jpg,queries/Q14488.jpg,disc21,1,0.25,0.3968253968253968,0.25,0.21428571428571427,0.171875,0.25,0.494468
references/R028361.jpg,queries/Q14569.jpg,disc21,1,0.03125,0.047619047619047616,0.0,0.14285714285714285,0.15625,0.15625,0.036569
references/R049642.jpg,queries/Q14722.jpg,disc21,1,0.140625,0.14285714285714285,0.20833333333333334,0.14285714285714285,0.359375,0.375,0.264796
references/R027354.jpg,queries/Q14726.jpg,disc21,1,0.375,0.5555555555555556,0.5833333333333334,0.11904761904761904,0.34375,0.171875,0.276768
references/R014287.jpg,queries/Q14732.jpg,disc21,1,0.140625,0.4444444444444444,0.4861111111111111,0.047619047619047616,0.203125,0.359375,0.126619
references/R038107.jpg,queries/Q14809.jpg,disc21,1,0.421875,0.3492063492063492,0.3333333333333333,0.14285714285714285,0.109375,0.265625,0.136599
references/R024625.jpg,queries/Q14921.jpg,disc21,1,0.375,0.3333333333333333,0.2777777777777778,0.16666666666666666,0.25,0.203125,0.145637
references/R042555.jpg,queries/Q15019.jpg,disc21,1,0.125,0.25396825396825395,0.18055555555555555,0.21428571428571427,0.234375,0.21875,0.290994
references/R000396.jpg,queries/Q15304.jpg,disc21,1,0.109375,0.1111111111111111,0.06944444444444445,0.11904761904761904,0.109375,0.234375,0.080463
references/R007037.jpg,queries/Q15599.jpg,disc21,1,0.453125,0.5396825396825397,0.4305555555555556,0.19047619047619047,0.46875,0.390625,0.967285
references/R016110.jpg,queries/Q15647.jpg,disc21,1,0.015625,0.015873015873015872,0.027777777777777776,0.09523809523809523,0.046875,1.0,0.023768
references/R003736.jpg,queries/Q15744.jpg,disc21,1,0.265625,0.4126984126984127,0.25,0.11904761904761904,0.34375,1.0,0.192214
references/R034254.jpg,queries/Q15761.jpg,disc21,1,0.109375,0.12698412698412698,0.09722222222222222,0.19047619047619047,0.125,0.109375,0.144314
references/R029478.jpg,queries/Q15842.jpg,disc21,1,0.265625,0.25396825396825395,0.3333333333333333,0.14285714285714285,0.109375,0.46875,0.779506
references/R001075.jpg,queries/Q16067.jpg,disc21,1,0.546875,0.4603174603174603,0.4861111111111111,0.14285714285714285,0.421875,0.328125,0.582053
references/R008851.jpg,queries/Q16114.jpg,disc21,1,0.390625,0.47619047619047616,0.4166666666666667,0.023809523809523808,0.46875,0.203125,0.159365
references/R042532.jpg,queries/Q16138.jpg,disc21,1,0.09375,0.5238095238095238,0.4305555555555556,0.14285714285714285,0.125,0.421875,0.657953
references/R037288.jpg,queries/Q16372.jpg,disc21,1,0.03125,0.06349206349206349,0.05555555555555555,0.09523809523809523,0.125,0.203125,0.030751
references/R025375.jpg,queries/Q16515.jpg,disc21,1,0.046875,0.36507936507936506,0.25,0.11904761904761904,0.25,0.109375,0.148455
references/R045044.jpg,queries/Q16593.jpg,disc21,1,0.609375,0.5079365079365079,0.4861111111111111,0.19047619047619047,0.53125,0.125,0.656072
references/R044393.jpg,queries/Q16646.jpg,disc21,1,0.0625,0.2857142857142857,0.3611111111111111,0.16666666666666666,0.140625,0.203125,0.405027
references/R013766.jpg,queries/Q16654.jpg,disc21,1,0.234375,0.3968253968253968,0.1388888888888889,0.023809523809523808,0.203125,0.125,0.660431
references/R002963.jpg,queries/Q16680.jpg,disc21,1,0.625,0.6190476190476191,0.3194444444444444,0.16666666666666666,0.4375,0.078125,0.825948
references/R037277.jpg,queries/Q16907.jpg,disc21,1,0.328125,0.47619047619047616,0.4444444444444444,0.14285714285714285,0.484375,0.265625,0.470553
references/R027496.jpg,queries/Q16914.jpg,disc21,1,0.015625,0.0,0.0,0.023809523809523808,0.03125,0.125,0.306027
references/R007938.jpg,queries/Q16956.jpg,disc21,1,0.0,0.015873015873015872,0.0,0.09523809523809523,0.125,1.0,0.221187
references/R007477.jpg,queries/Q17096.jpg,disc21,1,0.4375,0.5714285714285714,0.4722222222222222,0.21428571428571427,0.5,0.5,1.044872
references/R015260.jpg,queries/Q17202.jpg,disc21,1,0.21875,0.47619047619047616,0.375,0.0,0.203125,0.3125,0.213942
references/R013802.jpg,queries/Q17276.jpg,disc21,1,0.03125,0.047619047619047616,0.06944444444444445,0.11904761904761904,0.03125,0.0,0.032913
references/R012653.jpg,queries/Q17281.jpg,disc21,1,0.4375,0.5873015873015873,0.5416666666666666,0.047619047619047616,0.359375,0.140625,0.902633
references/R018607.jpg,queries/Q17716.jpg,disc21,1,0.28125,0.3333333333333333,0.2777777777777778,0.023809523809523808,0.203125,0.015625,0.602546
references/R027382.jpg,queries/Q17898.jpg,disc21,1,0.15625,0.1111111111111111,0.06944444444444445,0.16666666666666666,0.0625,0.375,0.246125
references/R013815.jpg,queries/Q17943.jpg,disc21,1,0.34375,0.42857142857142855,0.4583333333333333,0.11904761904761904,0.390625,0.234375,0.461030
references/R039454.jpg,queries/Q17976.jpg,disc21,1,0.328125,0.42857142857142855,0.3611111111111111,0.09523809523809523,0.484375,0.171875,0.220416
references/R012805.jpg,queries/Q18015.jpg,disc21,1,0.296875,0.49206349206349204,0.4166666666666667,0.16666666666666666,0.40625,0.15625,0.498370
references/R036825.jpg,queries/Q18020.jpg,disc21,1,0.109375,0.14285714285714285,0.125,0.21428571428571427,0.125,0.328125,0.100425
references/R019829.jpg,queries/Q18274.jpg,disc21,1,0.265625,0.36507936507936506,0.3888888888888889,0.19047619047619047,0.15625,0.140625,0.195225
references/R014220.jpg,queries/Q18357.jpg,disc21,1,0.5,0.42857142857142855,0.3611111111111111,0.11904761904761904,0.28125,0.53125,0.577643
references/R043621.jpg,queries/Q18479.jpg,disc21,1,0.15625,0.4126984126984127,0.4027777777777778,0.11904761904761904,0.265625,0.21875,0.415591
references/R031096.jpg,queries/Q18595.jpg,disc21,1,0.25,0.49206349206349204,0.3333333333333333,0.09523809523809523,0.296875,0.515625,0.279207
references/R043293.jpg,queries/Q18687.jpg,disc21,1,0.21875,0.38095238095238093,0.3611111111111111,0.16666666666666666,0.3125,0.390625,0.073956
references/R042516.jpg,queries/Q19053.jpg,disc21,1,0.09375,0.09523809523809523,0.05555555555555555,0.09523809523809523,0.046875,0.296875,0.018095
references/R007137.jpg,queries/Q19485.jpg,disc21,1,0.15625,0.19047619047619047,0.2361111111111111,0.09523809523809523,0.140625,1.0,0.283404
references/R011487.jpg,queries/Q19829.jpg,disc21,1,0.546875,0.47619047619047616,0.5138888888888888,0.14285714285714285,0.421875,0.359375,1.047593
references/R027234.jpg,queries/Q19962.jpg,disc21,1,0.4375,0.4603174603174603,0.4166666666666667,0.19047619047619047,0.46875,0.40625,0.646764
references/R041942.jpg,queries/Q20109.jpg,disc21,1,0.25,0.23809523809523808,0.19444444444444445,0.0,0.359375,0.03125,0.088142
references/R042857.jpg,queries/Q20388.jpg,disc21,1,0.28125,0.49206349206349204,0.5138888888888888,0.07142857142857142,0.453125,1.0,0.423863
references/R006466.jpg,queries/Q20492.jpg,disc21,1,0.546875,0.5238095238095238,0.4027777777777778,0.09523809523809523,0.4375,1.0,0.140064
references/R033570.jpg,queries/Q20541.jpg,disc21,1,0.21875,0.3492063492063492,0.3472222222222222,0.07142857142857142,0.359375,0.203125,0.837283
references/R041535.jpg,queries/Q20586.jpg,disc21,1,0.21875,0.4126984126984127,0.2777777777777778,0.19047619047619047,0.328125,0.21875,0.322711
references/R013801.jpg,queries/Q20604.jpg,disc21,1,0.265625,0.1746031746031746,0.1111111111111111,0.14285714285714285,0.359375,1.0,0.353458
references/R029779.jpg,queries/Q20722.jpg,disc21,1,0.046875,0.06349206349206349,0.041666666666666664,0.0,0.125,0.015625,0.151999
references/R013266.jpg,queries/Q20831.jpg,disc21,1,0.265625,0.36507936507936506,0.2638888888888889,0.16666666666666666,0.125,0.25,0.287263
references/R024270.jpg,queries/Q20885.jpg,disc21,1,0.53125,0.4603174603174603,0.4444444444444444,0.14285714285714285,0.5,0.328125,0.996121
references/R039627.jpg,queries/Q20920.jpg,disc21,1,0.71875,0.5396825396825397,0.3055555555555556,0.14285714285714285,0.5,0.328125,0.910547
references/R005994.jpg,queries/Q20927.jpg,disc21,1,0.375,0.36507936507936506,0.3055555555555556,0.09523809523809523,0.234375,0.4375,0.349186
references/R031975.jpg,queries/Q21054.jpg,disc21,1,0.140625,0.5238095238095238,0.3611111111111111,0.14285714285714285,0.171875,0.390625,0.460678
references/R015862.jpg,queries/Q21060.jpg,disc21,1,0.640625,0.5396825396825397,0.4861111111111111,0.09523809523809523,0.59375,1.0,0.414757
references/R047768.jpg,queries/Q21070.jpg,disc21,1,0.09375,0.1111111111111111,0.05555555555555555,0.16666666666666666,0.140625,0.203125,0.206237
references/R005068.jpg,queries/Q21250.jpg,disc21,1,0.6875,0.4444444444444444,0.25,0.023809523809523808,0.46875,0.046875,0.402306
references/R043967.jpg,queries/Q21274.jpg,disc21,1,0.34375,0.4444444444444444,0.5833333333333334,0.047619047619047616,0.265625,0.0625,0.156501
references/R009516.jpg,queries/Q21413.jpg,disc21,1,0.015625,0.1111111111111111,0.08333333333333333,0.0,0.03125,0.0625,0.104409
references/R049071.jpg,queries/Q21632.jpg,disc21,1,0.015625,0.36507936507936506,0.2222222222222222,0.21428571428571427,0.25,0.21875,0.661600
references/R040789.jpg,queries/Q21760.jpg,disc21,1,0.203125,0.2698412698412698,0.3472222222222222,0.21428571428571427,0.28125,0.21875,0.955551
references/R010049.jpg,queries/Q21795.jpg,disc21,1,0.375,0.5396825396825397,0.4444444444444444,0.11904761904761904,0.59375,1.0,0.279649
references/R034624.jpg,queries/Q21815.jpg,disc21,1,0.453125,0.5396825396825397,0.4722222222222222,0.14285714285714285,0.5625,0.453125,0.826274
references/R029787.jpg,queries/Q21828.jpg,disc21,1,0.75,0.5396825396825397,0.5138888888888888,0.16666666666666666,0.625,0.375,0.642060
references/R022135.jpg,queries/Q21995.jpg,disc21,1,0.3125,0.4603174603174603,0.4583333333333333,0.11904761904761904,0.4375,1.0,0.997741
references/R027484.jpg,queries/Q22020.jpg,disc21,1,0.046875,0.1746031746031746,0.027777777777777776,0.11904761904761904,0.171875,0.140625,0.098090
references/R017662.jpg,queries/Q22118.jpg,disc21,1,0.546875,0.5555555555555556,0.3055555555555556,0.14285714285714285,0.578125,0.40625,0.344014
references/R004491.jpg,queries/Q22269.jpg,disc21,1,0.21875,0.4444444444444444,0.3611111111111111,0.0,0.21875,0.25,0.032888
references/R009214.jpg,queries/Q22299.jpg,disc21,1,0.15625,0.49206349206349204,0.5,0.09523809523809523,0.046875,0.265625,0.203058
references/R001748.jpg,queries/Q22411.jpg,disc21,1,0.359375,0.5873015873015873,0.6527777777777778,0.16666666666666666,0.0625,0.359375,0.219237
references/R042339.jpg,queries/Q22533.jpg,disc21,1,0.390625,0.5238095238095238,0.5277777777777778,0.07142857142857142,0.40625,1.0,0.843767
references/R003916.jpg,queries/Q22728.jpg,disc21,1,0.296875,0.4444444444444444,0.4583333333333333,0.19047619047619047,0.34375,0.4375,0.648591
references/R012461.jpg,queries/Q22813.jpg,disc21,1,0.0,0.031746031746031744,0.013888888888888888,0.047619047619047616,0.03125,0.0,0.169183
references/R044205.jpg,queries/Q23004.jpg,disc21,1,0.421875,0.4603174603174603,0.3333333333333333,0.23809523809523808,0.296875,0.40625,0.668975
references/R006697.jpg,queries/Q23016.jpg,disc21,1,0.0,0.015873015873015872,0.0,0.09523809523809523,0.015625,0.03125,0.223733
references/R037812.jpg,queries/Q23063.jpg,disc21,1,0.140625,0.1111111111111111,0.09722222222222222,0.11904761904761904,0.078125,0.25,0.024051
references/R025285.jpg,queries/Q23293.jpg,disc21,1,0.6875,0.47619047619047616,0.4583333333333333,0.14285714285714285,0.609375,0.328125,0.261865
references/R012140.jpg,queries/Q23329.jpg,disc21,1,0.0,0.31746031746031744,0.09722222222222222,0.07142857142857142,0.0625,0.46875,0.093067
references/R023401.jpg,queries/Q23488.jpg,disc21,1,0.359375,0.47619047619047616,0.3472222222222222,0.14285714285714285,0.671875,0.234375,0.734481
references/R014678.jpg,queries/Q23649.jpg,disc21,1,0.421875,0.5079365079365079,0.5694444444444444,0.16666666666666666,0.40625,0.46875,0.886741
references/R000076.jpg,queries/Q23735.jpg,disc21,1,0.359375,0.36507936507936506,0.2916666666666667,0.07142857142857142,0.375,0.34375,0.090625
references/R039335.jpg,queries/Q23823.jpg,disc21,1,0.46875,0.6666666666666666,0.4722222222222222,0.11904761904761904,0.484375,0.1875,0.768996
references/R004287.jpg,queries/Q24008.jpg,disc21,1,0.4375,0.5714285714285714,0.4583333333333333,0.07142857142857142,0.390625,1.0,0.331127
references/R048322.jpg,queries/Q24034.jpg,disc21,1,0.0,0.047619047619047616,0.0,0.11904761904761904,0.046875,1.0,0.068378
references/R000849.jpg,queries/Q24145.jpg,disc21,1,0.109375,0.047619047619047616,0.013888888888888888,0.14285714285714285,0.3125,0.421875,0.121306
references/R013803.jpg,queries/Q24252.jpg,disc21,1,0.375,0.47619047619047616,0.3472222222222222,0.14285714285714285,0.34375,0.46875,0.631924
references/R048208.jpg,queries/Q24387.jpg,disc21,1,0.484375,0.42857142857142855,0.4305555555555556,0.14285714285714285,0.390625,0.390625,0.381615
references/R002687.jpg,queries/Q24436.jpg,disc21,1,0.515625,0.49206349206349204,0.4305555555555556,0.19047619047619047,0.4375,1.0,0.950049
references/R007460.jpg,queries/Q24551.jpg,disc21,1,0.5,0.5714285714285714,0.4305555555555556,0.21428571428571427,0.5,0.140625,0.263760
references/R010047.jpg,queries/Q24813.jpg,disc21,1,0.0625,0.047619047619047616,0.027777777777777776,0.14285714285714285,0.125,0.09375,0.124237
references/R000045.jpg,queries/Q24837.jpg,disc21,1,0.0,0.015873015873015872,0.013888888888888888,0.14285714285714285,0.125,0.078125,0.018171
references/R043792.jpg,queries/Q24978.jpg,disc21,1,0.453125,0.47619047619047616,0.3194444444444444,0.19047619047619047,0.453125,0.375,0.329463
references/R005223.jpg,queries/Q25191.jpg,disc21,1,0.515625,0.6349206349206349,0.4583333333333333,0.16666666666666666,0.328125,0.359375,0.566630
references/R016654.jpg,queries/Q25224.jpg,disc21,1,0.515625,0.6190476190476191,0.5138888888888888,0.14285714285714285,0.5,0.5,0.491870
references/R047930.jpg,queries/Q25247.jpg,disc21,1,0.5625,0.5555555555555556,0.4444444444444444,0.16666666666666666,0.484375,0.3125,0.795831
references/R021737.jpg,queries/Q25250.jpg,disc21,1,0.421875,0.5555555555555556,0.3611111111111111,0.23809523809523808,0.40625,0.296875,0.960896
references/R019809.jpg,queries/Q25280.jpg,disc21,1,0.4375,0.42857142857142855,0.375,0.16666666666666666,0.234375,0.15625,0.506974
references/R012855.jpg,queries/Q25352.jpg,disc21,1,0.34375,0.38095238095238093,0.4861111111111111,0.16666666666666666,0.28125,0.34375,0.432250
references/R029484.jpg,queries/Q25427.jpg,disc21,1,0.09375,0.07936507936507936,0.09722222222222222,0.21428571428571427,0.21875,1.0,0.394729
references/R029018.jpg,queries/Q25641.jpg,disc21,1,0.0625,0.07936507936507936,0.09722222222222222,0.11904761904761904,0.0625,0.375,0.133019
references/R006185.jpg,queries/Q25681.jpg,disc21,1,0.28125,0.4603174603174603,0.4722222222222222,0.21428571428571427,0.515625,0.265625,1.022469
references/R031188.jpg,queries/Q25747.jpg,disc21,1,0.125,0.20634920634920634,0.08333333333333333,0.09523809523809523,0.078125,0.09375,0.204697
references/R046413.jpg,queries/Q25761.jpg,disc21,1,0.421875,0.5396825396825397,0.4444444444444444,0.07142857142857142,0.484375,0.234375,0.191946
references/R012367.jpg,queries/Q25829.jpg,disc21,1,0.0,0.047619047619047616,0.027777777777777776,0.0,0.125,0.0,0.067981
references/R043685.jpg,queries/Q25856.jpg,disc21,1,0.453125,0.3968253968253968,0.375,0.14285714285714285,0.453125,0.359375,0.769684
references/R008989.jpg,queries/Q25898.jpg,disc21,1,0.296875,0.47619047619047616,0.3611111111111111,0.09523809523809523,0.515625,0.265625,0.430258
references/R005747.jpg,queries/Q26132.jpg,disc21,1,0.296875,0.4444444444444444,0.375,0.09523809523809523,0.328125,0.140625,0.133609
references/R026076.jpg,queries/Q26182.jpg,disc21,1,0.15625,0.2857142857142857,0.20833333333333334,0.23809523809523808,0.15625,0.375,0.266140
references/R023956.jpg,queries/Q26270.jpg,disc21,1,0.421875,0.31746031746031744,0.3472222222222222,0.11904761904761904,0.328125,0.3125,0.667536
references/R024882.jpg,queries/Q26482.jpg,disc21,1,0.53125,0.49206349206349204,0.5555555555555556,0.16666666666666666,0.28125,0.140625,0.712473
references/R030849.jpg,queries/Q26526.jpg,disc21,1,0.359375,0.3492063492063492,0.2777777777777778,0.09523809523809523,0.171875,1.0,0.206972
references/R040380.jpg,queries/Q26536.jpg,disc21,1,0.171875,0.25396825396825395,0.25,0.16666666666666666,0.25,0.328125,0.821652
references/R010804.jpg,queries/Q26560.jpg,disc21,1,0.453125,0.6190476190476191,0.4444444444444444,0.21428571428571427,0.546875,0.421875,0.376434
references/R028580.jpg,queries/Q26645.jpg,disc21,1,0.078125,0.23809523809523808,0.1527777777777778,0.14285714285714285,0.140625,0.421875,0.196998
references/R023983.jpg,queries/Q27288.jpg,disc21,1,0.296875,0.49206349206349204,0.2777777777777778,0.11904761904761904,0.34375,0.25,0.380411
references/R045955.jpg,queries/Q27346.jpg,disc21,1,0.40625,0.5396825396825397,0.3611111111111111,0.21428571428571427,0.578125,0.5,0.726224
references/R027805.jpg,queries/Q27356.jpg,disc21,1,0.234375,0.3333333333333333,0.3333333333333333,0.11904761904761904,0.34375,1.0,0.414378
references/R025835.jpg,queries/Q27365.jpg,disc21,1,0.28125,0.36507936507936506,0.3472222222222222,0.11904761904761904,0.3125,0.265625,0.097447
references/R012077.jpg,queries/Q27378.jpg,disc21,1,0.078125,0.14285714285714285,0.08333333333333333,0.047619047619047616,0.140625,0.125,0.080950
references/R036888.jpg,queries/Q27472.jpg,disc21,1,0.34375,0.5396825396825397,0.5,0.19047619047619047,0.453125,0.234375,0.910788
references/R044125.jpg,queries/Q27549.jpg,disc21,1,0.0,0.015873015873015872,0.06944444444444445,0.16666666666666666,0.015625,0.140625,0.096130
references/R019979.jpg,queries/Q27556.jpg,disc21,1,0.15625,0.4603174603174603,0.2777777777777778,0.16666666666666666,0.203125,0.296875,0.559882
references/R004882.jpg,queries/Q27561.jpg,disc21,1,0.296875,0.49206349206349204,0.3333333333333333,0.19047619047619047,0.546875,0.296875,0.774266
references/R012046.jpg,queries/Q27651.jpg,disc21,1,0.03125,0.25396825396825395,0.16666666666666666,0.11904761904761904,0.0625,1.0,0.322665
references/R030419.jpg,queries/Q27658.jpg,disc21,1,0.28125,0.36507936507936506,0.4861111111111111,0.07142857142857142,0.46875,0.09375,0.311473
references/R006575.jpg,queries/Q27775.jpg,disc21,1,0.15625,0.15873015873015872,0.19444444444444445,0.16666666666666666,0.328125,1.0,0.185802
references/R035758.jpg,queries/Q27806.jpg,disc21,1,0.453125,0.47619047619047616,0.5694444444444444,0.16666666666666666,0.578125,0.140625,0.929685
references/R019007.jpg,queries/Q27858.jpg,disc21,1,0.40625,0.47619047619047616,0.3611111111111111,0.11904761904761904,0.53125,0.1875,0.657904
references/R013910.jpg,queries/Q27901.jpg,disc21,1,0.015625,0.0,0.013888888888888888,0.0,0.0,0.0,0.026461
references/R029698.jpg,queries/Q27916.jpg,disc21,1,0.59375,0.5238095238095238,0.375,0.09523809523809523,0.625,1.0,0.911065
references/R021308.jpg,queries/Q28035.jpg,disc21,1,0.171875,0.19047619047619047,0.19444444444444445,0.047619047619047616,0.171875,0.109375,0.071281
references/R049276.jpg,queries/Q28079.jpg,disc21,1,0.59375,0.6190476190476191,0.4166666666666667,0.16666666666666666,0.484375,0.484375,0.363615
references/R039538.jpg,queries/Q28129.jpg,disc21,1,0.171875,0.42857142857142855,0.2777777777777778,0.11904761904761904,0.28125,0.234375,0.317966
references/R015546.jpg,queries/Q28179.jpg,disc21,1,0.75,0.42857142857142855,0.4583333333333333,0.16666666666666666,0.5625,0.25,0.978424
references/R017576.jpg,queries/Q28186.jpg,disc21,1,0.03125,0.07936507936507936,0.08333333333333333,0.19047619047619047,0.125,0.515625,0.257390
references/R048560.jpg,queries/Q28214.jpg,disc21,1,0.0,0.12698412698412698,0.08333333333333333,0.2619047619047619,0.0625,0.203125,0.653779
references/R046748.jpg,queries/Q28255.jpg,disc21,1,0.359375,0.4603174603174603,0.3611111111111111,0.16666666666666666,0.390625,0.34375,0.136727
references/R036569.jpg,queries/Q28280.jpg,disc21,1,0.6875,0.6507936507936508,0.4861111111111111,0.23809523809523808,0.390625,0.28125,0.749999
references/R002499.jpg,queries/Q28374.jpg,disc21,1,0.265625,0.4444444444444444,0.3888888888888889,0.11904761904761904,0.4375,0.296875,0.664730
references/R025870.jpg,queries/Q28899.jpg,disc21,1,0.1875,0.25396825396825395,0.09722222222222222,0.11904761904761904,0.234375,0.390625,0.300528
references/R026140.jpg,queries/Q28925.jpg,disc21,1,0.40625,0.4126984126984127,0.3611111111111111,0.047619047619047616,0.5,0.34375,0.628401
references/R027597.jpg,queries/Q28945.jpg,disc21,1,0.0625,0.1111111111111111,0.1111111111111111,0.16666666666666666,0.109375,0.484375,0.229647
references/R008712.jpg,queries/Q28955.jpg,disc21,1,0.390625,0.49206349206349204,0.2638888888888889,0.09523809523809523,0.4375,1.0,0.872113
references/R032819.jpg,queries/Q29120.jpg,disc21,1,0.5,0.4444444444444444,0.3611111111111111,0.16666666666666666,0.546875,0.25,1.007667
references/R043873.jpg,queries/Q29254.jpg,disc21,1,0.015625,0.031746031746031744,0.0,0.07142857142857142,0.015625,0.09375,0.031344
references/R013681.jpg,queries/Q29419.jpg,disc21,1,0.015625,0.047619047619047616,0.08333333333333333,0.09523809523809523,0.15625,0.328125,0.067017
references/R019377.jpg,queries/Q29504.jpg,disc21,1,0.375,0.31746031746031744,0.3611111111111111,0.16666666666666666,0.328125,0.484375,0.230995
references/R013634.jpg,queries/Q29819.jpg,disc21,1,0.0,0.0,0.0,0.07142857142857142,0.0625,1.0,0.076719
references/R015641.jpg,queries/Q29845.jpg,disc21,1,0.0,0.3333333333333333,0.20833333333333334,0.11904761904761904,0.15625,0.296875,0.536180
references/R035272.jpg,queries/Q29847.jpg,disc21,1,0.203125,0.20634920634920634,0.2777777777777778,0.2619047619047619,0.1875,0.5625,0.447215
references/R016659.jpg,queries/Q29993.jpg,disc21,1,0.28125,0.23809523809523808,0.125,0.14285714285714285,0.1875,0.390625,0.178813
references/R031016.jpg,queries/Q30024.jpg,disc21,1,0.03125,0.19047619047619047,0.1527777777777778,0.07142857142857142,0.046875,1.0,0.077878
references/R017352.jpg,queries/Q30030.jpg,disc21,1,0.046875,0.09523809523809523,0.19444444444444445,0.14285714285714285,0.234375,0.03125,0.545788
references/R021157.jpg,queries/Q30051.jpg,disc21,1,0.46875,0.38095238095238093,0.3611111111111111,0.16666666666666666,0.421875,0.28125,0.804441
references/R006384.jpg,queries/Q30152.jpg,disc21,1,0.109375,0.4444444444444444,0.4861111111111111,0.19047619047619047,0.453125,0.234375,0.378966
references/R031255.jpg,queries/Q30396.jpg,disc21,1,0.359375,0.38095238095238093,0.3472222222222222,0.19047619047619047,0.25,0.40625,0.399227
references/R023898.jpg,queries/Q30514.jpg,disc21,1,0.375,0.5714285714285714,0.5694444444444444,0.16666666666666666,0.359375,0.234375,0.607845
references/R008697.jpg,queries/Q30615.jpg,disc21,1,0.46875,0.49206349206349204,0.4583333333333333,0.14285714285714285,0.5625,0.453125,0.847209
references/R011248.jpg,queries/Q30904.jpg,disc21,1,0.078125,0.06349206349206349,0.013888888888888888,0.07142857142857142,0.03125,0.09375,0.195184
references/R000761.jpg,queries/Q31019.jpg,disc21,1,0.078125,0.3492063492063492,0.2222222222222222,0.16666666666666666,0.21875,0.5,0.436074
references/R022448.jpg,queries/Q31061.jpg,disc21,1,0.0,0.015873015873015872,0.05555555555555555,0.047619047619047616,0.0,0.078125,0.047894
references/R045726.jpg,queries/Q31245.jpg,disc21,1,0.640625,0.49206349206349204,0.4444444444444444,0.0,0.59375,0.359375,0.084159
references/R024974.jpg,queries/Q31393.jpg,disc21,1,0.375,0.3968253968253968,0.20833333333333334,0.07142857142857142,0.5,0.125,0.102796
references/R031838.jpg,queries/Q31515.jpg,disc21,1,0.265625,0.1111111111111111,0.16666666666666666,0.14285714285714285,0.359375,0.390625,0.754027
references/R009784.jpg,queries/Q31528.jpg,disc21,1,0.015625,0.031746031746031744,0.2638888888888889,0.09523809523809523,0.140625,0.15625,0.429978
references/R038600.jpg,queries/Q31549.jpg,disc21,1,0.5,0.49206349206349204,0.5,0.14285714285714285,0.484375,0.3125,0.664827
references/R039329.jpg,queries/Q31585.jpg,disc21,1,0.125,0.5396825396825397,0.5,0.07142857142857142,0.078125,0.078125,0.364199
references/R021176.jpg,queries/Q31713.jpg,disc21,1,0.625,0.5714285714285714,0.375,0.23809523809523808,0.5,0.375,0.567266
references/R034139.jpg,queries/Q31732.jpg,disc21,1,0.28125,0.42857142857142855,0.1388888888888889,0.07142857142857142,0.234375,0.140625,0.265222
references/R043394.jpg,queries/Q31791.jpg,disc21,1,0.375,0.5873015873015873,0.4444444444444444,0.0,0.234375,0.25,0.037062
references/R001553.jpg,queries/Q31899.jpg,disc21,1,0.390625,0.5714285714285714,0.4166666666666667,0.16666666666666666,0.359375,0.375,0.909764
references/R002283.jpg,queries/Q31934.jpg,disc21,1,0.390625,0.3968253968253968,0.4444444444444444,0.16666666666666666,0.46875,0.34375,0.417622
references/R048199.jpg,queries/Q32134.jpg,disc21,1,0.109375,0.19047619047619047,0.05555555555555555,0.09523809523809523,0.078125,1.0,0.079855
references/R043761.jpg,queries/Q32449.jpg,disc21,1,0.4375,0.5238095238095238,0.4305555555555556,0.19047619047619047,0.4375,0.359375,0.995683
references/R049574.jpg,queries/Q32502.jpg,disc21,1,0.1875,0.47619047619047616,0.5416666666666666,0.16666666666666666,0.359375,0.484375,1.021902
references/R035890.jpg,queries/Q32663.jpg,disc21,1,0.28125,0.5555555555555556,0.4166666666666667,0.14285714285714285,0.5625,0.296875,0.147330
references/R010039.jpg,queries/Q32679.jpg,disc21,1,0.359375,0.6190476190476191,0.4722222222222222,0.11904761904761904,0.359375,0.390625,0.638209
references/R030228.jpg,queries/Q32728.jpg,disc21,1,0.125,0.38095238095238093,0.25,0.11904761904761904,0.296875,0.09375,0.139340
references/R024425.jpg,queries/Q32790.jpg,disc21,1,0.265625,0.49206349206349204,0.4305555555555556,0.16666666666666666,0.359375,0.3125,0.863368
references/R010140.jpg,queries/Q32945.jpg,disc21,1,0.25,0.2857142857142857,0.1527777777777778,0.023809523809523808,0.265625,0.109375,0.216088
references/R010719.jpg,queries/Q32970.jpg,disc21,1,0.09375,0.031746031746031744,0.125,0.09523809523809523,0.078125,1.0,0.171969
references/R006103.jpg,queries/Q33160.jpg,disc21,1,0.515625,0.47619047619047616,0.4305555555555556,0.14285714285714285,0.59375,0.078125,0.875613
references/R041471.jpg,queries/Q33169.jpg,disc21,1,0.375,0.3492063492063492,0.4305555555555556,0.11904761904761904,0.328125,0.546875,0.260072
references/R049338.jpg,queries/Q33281.jpg,disc21,1,0.65625,0.5079365079365079,0.5555555555555556,0.09523809523809523,0.765625,0.109375,0.653782
references/R042393.jpg,queries/Q33407.jpg,disc21,1,0.046875,0.1111111111111111,0.027777777777777776,0.0,0.046875,0.0625,0.070849
references/R013319.jpg,queries/Q33536.jpg,disc21,1,0.4375,0.47619047619047616,0.4305555555555556,0.047619047619047616,0.28125,0.375,0.315860
references/R041640.jpg,queries/Q33567.jpg,disc21,1,0.03125,0.06349206349206349,0.0,0.16666666666666666,0.0625,1.0,0.037990
references/R035367.jpg,queries/Q33725.jpg,disc21,1,0.1875,0.19047619047619047,0.1111111111111111,0.16666666666666666,0.25,0.40625,0.275695
references/R008540.jpg,queries/Q33767.jpg,disc21,1,0.0,0.0,0.0,0.09523809523809523,0.015625,1.0,0.056145
references/R012460.jpg,queries/Q33961.jpg,disc21,1,0.671875,0.47619047619047616,0.4166666666666667,0.16666666666666666,0.671875,1.0,0.946587
references/R041215.jpg,queries/Q34035.jpg,disc21,1,0.1875,0.4603174603174603,0.4166666666666667,0.14285714285714285,0.296875,0.46875,0.424031
references/R037582.jpg,queries/Q34091.jpg,disc21,1,0.21875,0.38095238095238093,0.25,0.16666666666666666,0.296875,0.5,0.499102
references/R010119.jpg,queries/Q34236.jpg,disc21,1,0.34375,0.6031746031746031,0.4027777777777778,0.14285714285714285,0.40625,0.1875,0.368683
references/R049391.jpg,queries/Q34312.jpg,disc21,1,0.625,0.5555555555555556,0.5138888888888888,0.0,0.84375,0.421875,0.206131
references/R023089.jpg,queries/Q34542.jpg,disc21,1,0.40625,0.38095238095238093,0.2638888888888889,0.19047619047619047,0.609375,0.375,0.144981
references/R010702.jpg,queries/Q34629.jpg,disc21,1,0.53125,0.5555555555555556,0.4166666666666667,0.19047619047619047,0.453125,0.234375,0.856754
references/R033038.jpg,queries/Q34681.jpg,disc21,1,0.15625,0.14285714285714285,0.1111111111111111,0.0,0.078125,0.28125,0.123455
references/R017988.jpg,queries/Q34935.jpg,disc21,1,0.4375,0.4603174603174603,0.375,0.11904761904761904,0.5,0.34375,0.603418
references/R003338.jpg,queries/Q35067.jpg,disc21,1,0.1875,0.19047619047619047,0.3194444444444444,0.21428571428571427,0.109375,0.265625,0.043983
references/R049119.jpg,queries/Q35110.jpg,disc21,1,0.109375,0.19047619047619047,0.09722222222222222,0.09523809523809523,0.0625,1.0,0.041289
references/R014964.jpg,queries/Q35138.jpg,disc21,1,0.125,0.31746031746031744,0.2361111111111111,0.11904761904761904,0.203125,1.0,0.703821
references/R004635.jpg,queries/Q35225.jpg,disc21,1,0.5,0.3968253968253968,0.4444444444444444,0.23809523809523808,0.46875,0.28125,0.623515
references/R042133.jpg,queries/Q35285.jpg,disc21,1,0.578125,0.6507936507936508,0.5,0.11904761904761904,0.3125,1.0,0.823577
references/R014100.jpg,queries/Q35352.jpg,disc21,1,0.59375,0.3492063492063492,0.4305555555555556,0.2619047619047619,0.390625,0.484375,0.594962
references/R010673.jpg,queries/Q35383.jpg,disc21,1,0.25,0.31746031746031744,0.2638888888888889,0.11904761904761904,0.09375,0.265625,0.066564
references/R001746.jpg,queries/Q35466.jpg,disc21,1,0.265625,0.25396825396825395,0.25,0.21428571428571427,0.234375,0.28125,0.337140
references/R047919.jpg,queries/Q35474.jpg,disc21,1,0.265625,0.5873015873015873,0.3194444444444444,0.16666666666666666,0.40625,0.34375,1.005915
references/R049492.jpg,queries/Q35698.jpg,disc21,1,0.375,0.47619047619047616,0.4027777777777778,0.16666666666666666,0.453125,0.3125,0.985302
references/R037590.jpg,queries/Q35710.jpg,disc21,1,0.21875,0.4126984126984127,0.4861111111111111,0.14285714285714285,0.375,0.421875,0.330380
references/R027867.jpg,queries/Q35712.jpg,disc21,1,0.65625,0.4603174603174603,0.4027777777777778,0.07142857142857142,0.5,0.203125,0.806429
references/R020951.jpg,queries/Q35735.jpg,disc21,1,0.421875,0.4603174603174603,0.3611111111111111,0.14285714285714285,0.453125,0.265625,0.203725
references/R032962.jpg,queries/Q35782.jpg,disc21,1,0.0,0.0,0.0,0.07142857142857142,0.0,0.125,0.011345
references/R042539.jpg,queries/Q35997.jpg,disc21,1,0.3125,0.49206349206349204,0.375,0.07142857142857142,0.46875,0.234375,0.260579
references/R021167.jpg,queries/Q36033.jpg,disc21,1,0.546875,0.6031746031746031,0.4583333333333333,0.19047619047619047,0.578125,0.5625,0.909846
references/R035388.jpg,queries/Q36166.jpg,disc21,1,0.0625,0.4126984126984127,0.1527777777777778,0.16666666666666666,0.1875,0.28125,0.161879
references/R035426.jpg,queries/Q36209.jpg,disc21,1,0.375,0.4444444444444444,0.3472222222222222,0.0,0.453125,0.078125,0.444201
references/R021703.jpg,queries/Q36498.jpg,disc21,1,0.296875,0.5238095238095238,0.5,0.14285714285714285,0.265625,0.234375,0.138821
references/R007377.jpg,queries/Q36557.jpg,disc21,1,0.203125,0.2698412698412698,0.375,0.0,0.25,0.1875,0.119584
references/R036007.jpg,queries/Q36892.jpg,disc21,1,0.28125,0.5396825396825397,0.3472222222222222,0.16666666666666666,0.234375,0.21875,0.154015
references/R018511.jpg,queries/Q36940.jpg,disc21,1,0.578125,0.6031746031746031,0.6388888888888888,0.07142857142857142,0.640625,0.203125,0.821639
references/R020897.jpg,queries/Q36962.jpg,disc21,1,0.03125,0.3333333333333333,0.20833333333333334,0.14285714285714285,0.171875,0.1875,0.495098
references/R028058.jpg,queries/Q37085.jpg,disc21,1,0.3125,0.5079365079365079,0.3888888888888889,0.11904761904761904,0.328125,0.390625,0.680900
references/R031146.jpg,queries/Q37121.jpg,disc21,1,0.015625,0.015873015873015872,0.013888888888888888,0.0,0.046875,0.046875,0.070759
references/R013843.jpg,queries/Q37158.jpg,disc21,1,0.046875,0.25396825396825395,0.20833333333333334,0.023809523809523808,0.078125,0.3125,0.070450
references/R007744.jpg,queries/Q37220.jpg,disc21,1,0.0625,0.15873015873015872,0.08333333333333333,0.023809523809523808,0.28125,0.015625,0.222113
references/R048326.jpg,queries/Q37285.jpg,disc21,1,0.40625,0.2698412698412698,0.3055555555555556,0.21428571428571427,0.453125,0.171875,0.315973
references/R030216.jpg,queries/Q37433.jpg,disc21,1,0.25,0.4126984126984127,0.2777777777777778,0.19047619047619047,0.28125,0.328125,0.826013
references/R022690.jpg,queries/Q37489.jpg,disc21,1,0.5625,0.49206349206349204,0.4722222222222222,0.11904761904761904,0.640625,0.140625,0.940184
references/R014304.jpg,queries/Q37704.jpg,disc21,1,0.234375,0.31746031746031744,0.05555555555555555,0.16666666666666666,0.5625,0.125,0.091081
references/R028900.jpg,queries/Q37806.jpg,disc21,1,0.015625,0.0,0.041666666666666664,0.0,0.015625,0.046875,0.025659
references/R040079.jpg,queries/Q38498.jpg,disc21,1,0.3125,0.5396825396825397,0.5138888888888888,0.14285714285714285,0.46875,0.28125,0.774171
references/R049100.jpg,queries/Q38590.jpg,disc21,1,0.171875,0.2857142857142857,0.2222222222222222,0.19047619047619047,0.109375,0.25,0.374025
references/R018813.jpg,queries/Q38713.jpg,disc21,1,0.15625,0.3333333333333333,0.2916666666666667,0.19047619047619047,0.328125,0.109375,0.540026
references/R004413.jpg,queries/Q38751.jpg,disc21,1,0.03125,0.09523809523809523,0.041666666666666664,0.14285714285714285,0.03125,0.15625,0.239190
references/R011477.jpg,queries/Q38752.jpg,disc21,1,0.171875,0.20634920634920634,0.1388888888888889,0.2619047619047619,0.1875,0.25,0.149781
references/R028037.jpg,queries/Q38818.jpg,disc21,1,0.0,0.2698412698412698,0.2222222222222222,0.09523809523809523,0.015625,1.0,0.505856
references/R049598.jpg,queries/Q38881.jpg,disc21,1,0.0625,0.25396825396825395,0.08333333333333333,0.16666666666666666,0.109375,0.375,0.251258
references/R026308.jpg,queries/Q38903.jpg,disc21,1,0.0,0.015873015873015872,0.0,0.11904761904761904,0.03125,0.03125,0.065980
references/R030622.jpg,queries/Q38946.jpg,disc21,1,0.0,0.015873015873015872,0.027777777777777776,0.07142857142857142,0.015625,1.0,0.118504
references/R022362.jpg,queries/Q38953.jpg,disc21,1,0.46875,0.47619047619047616,0.3611111111111111,0.14285714285714285,0.375,0.1875,0.572092
references/R026432.jpg,queries/Q38972.jpg,disc21,1,0.328125,0.4444444444444444,0.4166666666666667,0.19047619047619047,0.328125,0.328125,0.767070
references/R033172.jpg,queries/Q39131.jpg,disc21,1,0.0,0.1111111111111111,0.125,0.07142857142857142,0.21875,0.046875,0.069057
references/R014030.jpg,queries/Q39177.jpg,disc21,1,0.109375,0.2698412698412698,0.2361111111111111,0.14285714285714285,0.328125,0.328125,0.174884
references/R015916.jpg,queries/Q39353.jpg,disc21,1,0.09375,0.15873015873015872,0.08333333333333333,0.14285714285714285,0.140625,0.1875,0.264360
references/R032922.jpg,queries/Q39525.jpg,disc21,1,0.25,0.3492063492063492,0.3472222222222222,0.11904761904761904,0.125,0.5,0.386891
references/R048909.jpg,queries/Q39779.jpg,disc21,1,0.359375,0.3492063492063492,0.18055555555555555,0.09523809523809523,0.125,1.0,0.682562
references/R047135.jpg,queries/Q39796.jpg,disc21,1,0.359375,0.3968253968253968,0.3194444444444444,0.11904761904761904,0.390625,0.375,0.126981
references/R022461.jpg,queries/Q39862.jpg,disc21,1,0.171875,0.30158730158730157,0.16666666666666666,0.21428571428571427,0.28125,0.4375,0.377142
references/R035917.jpg,queries/Q40055.jpg,disc21,1,0.390625,0.42857142857142855,0.2916666666666667,0.14285714285714285,0.5625,0.078125,0.360114
references/R045611.jpg,queries/Q40099.jpg,disc21,1,0.28125,0.42857142857142855,0.4027777777777778,0.09523809523809523,0.453125,0.59375,0.835107
references/R036813.jpg,queries/Q40213.jpg,disc21,1,0.0,0.0,0.0,0.09523809523809523,0.0,1.0,0.251245
references/R047861.jpg,queries/Q40265.jpg,disc21,1,0.234375,0.3333333333333333,0.2638888888888889,0.11904761904761904,0.296875,0.078125,0.191271
references/R032515.jpg,queries/Q40274.jpg,disc21,1,0.109375,0.25396825396825395,0.05555555555555555,0.14285714285714285,0.234375,0.15625,0.697035
references/R010112.jpg,queries/Q40465.jpg,disc21,1,0.78125,0.6031746031746031,0.4027777777777778,0.11904761904761904,0.546875,0.296875,0.966270
references/R005192.jpg,queries/Q40671.jpg,disc21,1,0.4375,0.3968253968253968,0.4444444444444444,0.11904761904761904,0.375,0.296875,0.580377
references/R026269.jpg,queries/Q40757.jpg,disc21,1,0.3125,0.5079365079365079,0.5277777777777778,0.047619047619047616,0.21875,0.140625,0.236800
references/R028749.jpg,queries/Q40830.jpg,disc21,1,0.234375,0.4126984126984127,0.4027777777777778,0.19047619047619047,0.265625,0.4375,0.856673
references/R028287.jpg,queries/Q40904.jpg,disc21,1,0.34375,0.3333333333333333,0.4861111111111111,0.14285714285714285,0.578125,0.234375,0.378467
references/R022743.jpg,queries/Q41027.jpg,disc21,1,0.609375,0.5079365079365079,0.4722222222222222,0.11904761904761904,0.484375,0.390625,0.939917
references/R005951.jpg,queries/Q41053.jpg,disc21,1,0.0,0.0,0.041666666666666664,0.14285714285714285,0.203125,0.328125,0.139301
references/R027004.jpg,queries/Q41089.jpg,disc21,1,0.28125,0.47619047619047616,0.4305555555555556,0.09523809523809523,0.390625,0.390625,0.521486
references/R028501.jpg,queries/Q41104.jpg,disc21,1,0.265625,0.31746031746031744,0.3055555555555556,0.16666666666666666,0.15625,0.265625,0.257862
references/R045089.jpg,queries/Q41235.jpg,disc21,1,0.359375,0.49206349206349204,0.4583333333333333,0.09523809523809523,0.359375,0.546875,0.984643
references/R015692.jpg,queries/Q41266.jpg,disc21,1,0.0,0.0,0.0,0.07142857142857142,0.0,1.0,0.071415
references/R030753.jpg,queries/Q41309.jpg,disc21,1,0.484375,0.49206349206349204,0.4583333333333333,0.047619047619047616,0.4375,0.109375,0.721687
references/R035679.jpg,queries/Q41493.jpg,disc21,1,0.390625,0.3968253968253968,0.3888888888888889,0.14285714285714285,0.453125,0.078125,0.981597
references/R034747.jpg,queries/Q41505.jpg,disc21,1,0.328125,0.42857142857142855,0.3055555555555556,0.14285714285714285,0.359375,0.25,0.569178
references/R008367.jpg,queries/Q41518.jpg,disc21,1,0.171875,0.25396825396825395,0.2777777777777778,0.19047619047619047,0.078125,0.21875,0.181500
references/R010266.jpg,queries/Q41853.jpg,disc21,1,0.34375,0.42857142857142855,0.5277777777777778,0.09523809523809523,0.140625,0.34375,0.784478
references/R020770.jpg,queries/Q41857.jpg,disc21,1,0.359375,0.42857142857142855,0.375,0.16666666666666666,0.328125,0.15625,0.556079
references/R003067.jpg,queries/Q41890.jpg,disc21,1,0.109375,0.09523809523809523,0.09722222222222222,0.14285714285714285,0.265625,0.390625,0.102186
references/R022028.jpg,queries/Q41963.jpg,disc21,1,0.09375,0.2222222222222222,0.1111111111111111,0.16666666666666666,0.015625,0.34375,0.579633
references/R036548.jpg,queries/Q41984.jpg,disc21,1,0.421875,0.42857142857142855,0.3333333333333333,0.16666666666666666,0.375,0.40625,0.623889
references/R032091.jpg,queries/Q42027.jpg,disc21,1,0.015625,0.1111111111111111,0.013888888888888888,0.023809523809523808,0.046875,0.09375,0.160926
references/R010660.jpg,queries/Q42116.jpg,disc21,1,0.28125,0.47619047619047616,0.5,0.16666666666666666,0.328125,0.5,0.740324
references/R008329.jpg,queries/Q42164.jpg,disc21,1,0.734375,0.4444444444444444,0.3472222222222222,0.11904761904761904,0.515625,1.0,0.573166
references/R048097.jpg,queries/Q42179.jpg,disc21,1,0.015625,0.015873015873015872,0.041666666666666664,0.14285714285714285,0.0,0.03125,0.125589
references/R046925.jpg,queries/Q42233.jpg,disc21,1,0.109375,0.09523809523809523,0.027777777777777776,0.19047619047619047,0.125,0.171875,0.161272
references/R038286.jpg,queries/Q42369.jpg,disc21,1,0.34375,0.4444444444444444,0.3194444444444444,0.19047619047619047,0.140625,0.53125,0.082060
references/R023167.jpg,queries/Q42382.jpg,disc21,1,0.4375,0.47619047619047616,0.4583333333333333,0.16666666666666666,0.609375,0.4375,0.501185
references/R016334.jpg,queries/Q42497.jpg,disc21,1,0.3125,0.4444444444444444,0.3472222222222222,0.19047619047619047,0.375,0.4375,0.776216
references/R039421.jpg,queries/Q42782.jpg,disc21,1,0.296875,0.31746031746031744,0.3611111111111111,0.07142857142857142,0.234375,0.15625,0.329003
references/R003082.jpg,queries/Q42875.jpg,disc21,1,0.3125,0.38095238095238093,0.3194444444444444,0.11904761904761904,0.328125,1.0,0.824183
references/R049056.jpg,queries/Q42883.jpg,disc21,1,0.515625,0.5714285714285714,0.5,0.11904761904761904,0.578125,0.203125,0.683341
references/R026608.jpg,queries/Q43014.jpg,disc21,1,0.203125,0.4444444444444444,0.5694444444444444,0.09523809523809523,0.40625,0.328125,0.493095
references/R003560.jpg,queries/Q43188.jpg,disc21,1,0.078125,0.2857142857142857,0.2361111111111111,0.09523809523809523,0.109375,0.265625,0.523986
references/R002899.jpg,queries/Q43190.jpg,disc21,1,0.421875,0.36507936507936506,0.3888888888888889,0.19047619047619047,0.171875,0.328125,0.145208
references/R027290.jpg,queries/Q43436.jpg,disc21,1,0.140625,0.19047619047619047,0.1388888888888889,0.14285714285714285,0.171875,0.0625,0.300066
references/R003301.jpg,queries/Q43570.jpg,disc21,1,0.203125,0.30158730158730157,0.5138888888888888,0.21428571428571427,0.140625,0.421875,0.109950
references/R016023.jpg,queries/Q43592.jpg,disc21,1,0.078125,0.031746031746031744,0.08333333333333333,0.11904761904761904,0.0,0.140625,0.075692
references/R005388.jpg,queries/Q43764.jpg,disc21,1,0.109375,0.23809523809523808,0.18055555555555555,0.14285714285714285,0.21875,0.125,0.244941
references/R009137.jpg,queries/Q43816.jpg,disc21,1,0.484375,0.5238095238095238,0.4722222222222222,0.16666666666666666,0.703125,0.328125,0.555066
references/R024739.jpg,queries/Q43931.jpg,disc21,1,0.0,0.0,0.013888888888888888,0.16666666666666666,0.0,0.0625,0.025577
references/R001255.jpg,queries/Q43978.jpg,disc21,1,0.40625,0.2222222222222222,0.18055555555555555,0.14285714285714285,0.328125,0.390625,0.109426
references/R023879.jpg,queries/Q43994.jpg,disc21,1,0.046875,0.0,0.027777777777777776,0.14285714285714285,0.046875,0.0625,0.392969
references/R044474.jpg,queries/Q44027.jpg,disc21,1,0.234375,0.20634920634920634,0.20833333333333334,0.14285714285714285,0.40625,0.265625,0.617677
references/R034250.jpg,queries/Q44272.jpg,disc21,1,0.5,0.5555555555555556,0.3888888888888889,0.16666666666666666,0.484375,0.453125,1.015242
references/R029976.jpg,queries/Q44295.jpg,disc21,1,0.28125,0.47619047619047616,0.3194444444444444,0.23809523809523808,0.40625,0.5,0.479241
references/R021479.jpg,queries/Q44380.jpg,disc21,1,0.484375,0.6031746031746031,0.4166666666666667,0.11904761904761904,0.59375,1.0,0.649155
references/R045250.jpg,queries/Q44526.jpg,disc21,1,0.0,0.0,0.0,0.0,0.0,0.0,0.015870
references/R038838.jpg,queries/Q44604.jpg,disc21,1,0.328125,0.49206349206349204,0.5,0.047619047619047616,0.40625,0.25,0.753744
references/R016291.jpg,queries/Q44873.jpg,disc21,1,0.4375,0.5714285714285714,0.3888888888888889,0.023809523809523808,0.328125,0.171875,0.034429
references/R000643.jpg,queries/Q45090.jpg,disc21,1,0.453125,0.31746031746031744,0.375,0.09523809523809523,0.46875,0.203125,0.938589
references/R032455.jpg,queries/Q45092.jpg,disc21,1,0.40625,0.4126984126984127,0.3472222222222222,0.07142857142857142,0.546875,0.125,0.320226
references/R023797.jpg,queries/Q45298.jpg,disc21,1,0.359375,0.36507936507936506,0.4166666666666667,0.09523809523809523,0.59375,0.296875,0.861276
references/R017057.jpg,queries/Q45318.jpg,disc21,1,0.25,0.3333333333333333,0.3333333333333333,0.11904761904761904,0.234375,0.296875,0.299214
references/R026374.jpg,queries/Q45353.jpg,disc21,1,0.0,0.0,0.013888888888888888,0.09523809523809523,0.0,1.0,0.716198
references/R028365.jpg,queries/Q45669.jpg,disc21,1,0.28125,0.38095238095238093,0.4166666666666667,0.16666666666666666,0.265625,0.5,0.154415
references/R002361.jpg,queries/Q45723.jpg,disc21,1,0.65625,0.5238095238095238,0.4166666666666667,0.07142857142857142,0.8125,0.109375,0.659115
references/R006542.jpg,queries/Q45787.jpg,disc21,1,0.0,0.031746031746031744,0.0,0.0,0.03125,0.0,0.034295
references/R023798.jpg,queries/Q45797.jpg,disc21,1,0.171875,0.3968253968253968,0.3611111111111111,0.047619047619047616,0.34375,0.421875,0.154732
references/R021878.jpg,queries/Q45798.jpg,disc21,1,0.015625,0.06349206349206349,0.18055555555555555,0.16666666666666666,0.03125,0.203125,0.109138
references/R026837.jpg,queries/Q45804.jpg,disc21,1,0.15625,0.38095238095238093,0.19444444444444445,0.023809523809523808,0.140625,0.109375,0.066138
references/R008941.jpg,queries/Q45816.jpg,disc21,1,0.625,0.5555555555555556,0.4444444444444444,0.23809523809523808,0.390625,0.3125,0.765547
references/R045828.jpg,queries/Q45848.jpg,disc21,1,0.21875,0.2857142857142857,0.1388888888888889,0.07142857142857142,0.25,0.09375,0.091383
references/R037591.jpg,queries/Q45862.jpg,disc21,1,0.203125,0.3333333333333333,0.1527777777777778,0.16666666666666666,0.265625,0.453125,0.197117
references/R010938.jpg,queries/Q45927.jpg,disc21,1,0.40625,0.47619047619047616,0.3333333333333333,0.21428571428571427,0.46875,0.0625,0.751853
references/R040606.jpg,queries/Q46047.jpg,disc21,1,0.140625,0.30158730158730157,0.3611111111111111,0.16666666666666666,0.296875,0.3125,0.293530
references/R021124.jpg,queries/Q46118.jpg,disc21,1,0.0625,0.1746031746031746,0.2222222222222222,0.047619047619047616,0.1875,0.421875,0.578686
references/R016729.jpg,queries/Q46154.jpg,disc21,1,0.546875,0.5714285714285714,0.4305555555555556,0.09523809523809523,0.40625,0.25,0.879779
references/R040218.jpg,queries/Q46302.jpg,disc21,1,0.078125,0.2698412698412698,0.125,0.16666666666666666,0.109375,1.0,0.081912
references/R044549.jpg,queries/Q46337.jpg,disc21,1,0.03125,0.15873015873015872,0.05555555555555555,0.19047619047619047,0.09375,0.28125,0.185200
references/R042032.jpg,queries/Q46616.jpg,disc21,1,0.375,0.3333333333333333,0.3333333333333333,0.0,0.390625,0.09375,0.414995
references/R001269.jpg,queries/Q46811.jpg,disc21,1,0.046875,0.1111111111111111,0.1527777777777778,0.14285714285714285,0.09375,0.203125,0.090406
references/R028292.jpg,queries/Q47025.jpg,disc21,1,0.53125,0.3968253968253968,0.4722222222222222,0.11904761904761904,0.453125,0.421875,0.625967
references/R009787.jpg,queries/Q47219.jpg,disc21,1,0.046875,0.5079365079365079,0.4444444444444444,0.16666666666666666,0.328125,0.34375,0.623054
references/R016776.jpg,queries/Q47298.jpg,disc21,1,0.015625,0.31746031746031744,0.2916666666666667,0.07142857142857142,0.21875,0.09375,0.587933
references/R033062.jpg,queries/Q47303.jpg,disc21,1,0.078125,0.07936507936507936,0.1388888888888889,0.09523809523809523,0.015625,0.25,0.125420
references/R020511.jpg,queries/Q47396.jpg,disc21,1,0.234375,0.31746031746031744,0.4166666666666667,0.21428571428571427,0.390625,0.0625,0.156006
references/R036259.jpg,queries/Q47591.jpg,disc21,1,0.546875,0.5873015873015873,0.4861111111111111,0.11904761904761904,0.546875,0.234375,0.763761
references/R028842.jpg,queries/Q47665.jpg,disc21,1,0.578125,0.5238095238095238,0.4027777777777778,0.14285714285714285,0.5625,1.0,0.469334
references/R012294.jpg,queries/Q47667.jpg,disc21,1,0.375,0.47619047619047616,0.4861111111111111,0.09523809523809523,0.359375,1.0,0.287179
references/R022427.jpg,queries/Q47688.jpg,disc21,1,0.609375,0.6666666666666666,0.5,0.11904761904761904,0.65625,0.140625,0.550194
references/R015668.jpg,queries/Q47708.jpg,disc21,1,0.125,0.49206349206349204,0.3055555555555556,0.047619047619047616,0.15625,0.25,0.293663
references/R041989.jpg,queries/Q47724.jpg,disc21,1,0.3125,0.5238095238095238,0.4166666666666667,0.11904761904761904,0.46875,0.34375,0.358213
references/R021764.jpg,queries/Q47855.jpg,disc21,1,0.1875,0.5238095238095238,0.4722222222222222,0.11904761904761904,0.40625,0.4375,0.305480
references/R027705.jpg,queries/Q47857.jpg,disc21,1,0.484375,0.4603174603174603,0.5,0.09523809523809523,0.484375,0.34375,0.747629
references/R016641.jpg,queries/Q47885.jpg,disc21,1,0.265625,0.47619047619047616,0.4722222222222222,0.0,0.21875,0.421875,0.411862
references/R016774.jpg,queries/Q48110.jpg,disc21,1,0.0,0.07936507936507936,0.05555555555555555,0.11904761904761904,0.046875,0.125,0.100285
references/R025640.jpg,queries/Q48167.jpg,disc21,1,0.46875,0.5714285714285714,0.4861111111111111,0.19047619047619047,0.640625,0.0625,0.599213
references/R026672.jpg,queries/Q48393.jpg,disc21,1,0.421875,0.4444444444444444,0.4305555555555556,0.11904761904761904,0.5,0.296875,0.934284
references/R036639.jpg,queries/Q48394.jpg,disc21,1,0.4375,0.47619047619047616,0.3472222222222222,0.07142857142857142,0.34375,0.046875,0.267369
references/R007498.jpg,queries/Q48600.jpg,disc21,1,0.109375,0.3333333333333333,0.20833333333333334,0.14285714285714285,0.171875,0.328125,0.331949
references/R049927.jpg,queries/Q48755.jpg,disc21,1,0.0,0.0,0.0,0.023809523809523808,0.015625,0.0,0.002017
references/R014977.jpg,queries/Q48861.jpg,disc21,1,0.25,0.4444444444444444,0.4722222222222222,0.09523809523809523,0.40625,1.0,0.100872
references/R023436.jpg,queries/Q48948.jpg,disc21,1,0.65625,0.6507936507936508,0.5138888888888888,0.19047619047619047,0.875,0.171875,0.219362
references/R009154.jpg,queries/Q48984.jpg,disc21,1,0.0,0.0,0.0,0.0,0.0,0.0,0.000296
references/R046328.jpg,queries/Q49004.jpg,disc21,1,0.265625,0.4603174603174603,0.3333333333333333,0.09523809523809523,0.359375,0.171875,0.056121
references/R019758.jpg,queries/Q49007.jpg,disc21,1,0.40625,0.4444444444444444,0.375,0.07142857142857142,0.25,0.078125,0.437901
references/R022390.jpg,queries/Q49077.jpg,disc21,1,0.625,0.5555555555555556,0.4027777777777778,0.0,0.5625,0.3125,0.242193
references/R032038.jpg,queries/Q49112.jpg,disc21,1,0.375,0.4126984126984127,0.5555555555555556,0.11904761904761904,0.640625,0.328125,0.941474
references/R015028.jpg,queries/Q49190.jpg,disc21,1,0.65625,0.5396825396825397,0.4583333333333333,0.16666666666666666,0.640625,0.265625,0.790792
references/R000005.jpg,queries/Q49293.jpg,disc21,1,0.125,0.15873015873015872,0.1388888888888889,0.14285714285714285,0.109375,0.1875,0.076755
references/R009714.jpg,queries/Q49347.jpg,disc21,1,0.34375,0.36507936507936506,0.2361111111111111,0.19047619047619047,0.25,0.21875,0.915878
references/R017815.jpg,queries/Q49418.jpg,disc21,1,0.5625,0.6349206349206349,0.4861111111111111,0.16666666666666666,0.78125,0.328125,0.952246
references/R022861.jpg,queries/Q49464.jpg,disc21,1,0.296875,0.4603174603174603,0.4583333333333333,0.11904761904761904,0.21875,0.40625,0.992122
references/R003942.jpg,queries/Q49873.jpg,disc21,1,0.65625,0.49206349206349204,0.5138888888888888,0.14285714285714285,0.59375,0.359375,0.828737
references/R025570.jpg,queries/Q49947.jpg,disc21,1,0.265625,0.4603174603174603,0.5277777777777778,0.11904761904761904,0.421875,1.0,0.954409
references/R002336.jpg,queries/Q49992.jpg,disc21,1,0.0,0.047619047619047616,0.05555555555555555,0.11904761904761904,0.046875,1.0,0.150730
references/R003513.jpg,queries/Q50060.jpg,disc21,1,0.34375,0.4444444444444444,0.3888888888888889,0.09523809523809523,0.390625,0.375,0.639535
references/R029638.jpg,queries/Q50095.jpg,disc21,1,0.484375,0.5714285714285714,0.4027777777777778,0.16666666666666666,0.515625,0.15625,0.960548
references/R038042.jpg,queries/Q50186.jpg,disc21,1,0.265625,0.49206349206349204,0.3472222222222222,0.047619047619047616,0.46875,0.484375,0.824694
references/R040485.jpg,queries/Q50229.jpg,disc21,1,0.359375,0.4444444444444444,0.4027777777777778,0.23809523809523808,0.359375,0.34375,0.614543
references/R037975.jpg,queries/Q50386.jpg,disc21,1,0.21875,0.36507936507936506,0.3194444444444444,0.21428571428571427,0.34375,0.3125,0.425786
references/R036121.jpg,queries/Q50469.jpg,disc21,1,0.390625,0.49206349206349204,0.5,0.16666666666666666,0.515625,1.0,0.658318
references/R038543.jpg,queries/Q50699.jpg,disc21,1,0.484375,0.4444444444444444,0.3611111111111111,0.07142857142857142,0.515625,1.0,0.967511
references/R045509.jpg,queries/Q50797.jpg,disc21,1,0.203125,0.3333333333333333,0.19444444444444445,0.16666666666666666,0.15625,0.234375,0.477925
references/R018328.jpg,queries/Q50845.jpg,disc21,1,0.265625,0.31746031746031744,0.3055555555555556,0.09523809523809523,0.265625,0.15625,0.426751
references/R042163.jpg,queries/Q50884.jpg,disc21,1,0.421875,0.49206349206349204,0.4027777777777778,0.14285714285714285,0.546875,0.234375,0.904296
references/R049903.jpg,queries/Q51102.jpg,disc21,1,0.59375,0.5714285714285714,0.3472222222222222,0.11904761904761904,0.375,0.46875,0.184991
references/R024445.jpg,queries/Q51121.jpg,disc21,1,0.015625,0.047619047619047616,0.041666666666666664,0.09523809523809523,0.09375,0.0625,0.023557
references/R023609.jpg,queries/Q51175.jpg,disc21,1,0.5625,0.4444444444444444,0.3888888888888889,0.09523809523809523,0.40625,0.21875,0.519279
references/R021292.jpg,queries/Q51427.jpg,disc21,1,0.578125,0.4603174603174603,0.4722222222222222,0.14285714285714285,0.578125,0.296875,0.975332
references/R008569.jpg,queries/Q51481.jpg,disc21,1,0.15625,0.2857142857142857,0.1388888888888889,0.09523809523809523,0.390625,0.046875,0.127303
references/R036095.jpg,queries/Q51579.jpg,disc21,1,0.515625,0.6031746031746031,0.5555555555555556,0.14285714285714285,0.453125,0.296875,0.764071
references/R034896.jpg,queries/Q51613.jpg,disc21,1,0.4375,0.4444444444444444,0.4166666666666667,0.14285714285714285,0.515625,0.109375,0.843321
references/R012389.jpg,queries/Q51725.jpg,disc21,1,0.0,0.047619047619047616,0.05555555555555555,0.07142857142857142,0.015625,1.0,0.102291
references/R048825.jpg,queries/Q51760.jpg,disc21,1,0.453125,0.3968253968253968,0.4861111111111111,0.21428571428571427,0.46875,0.34375,0.279604
references/R005216.jpg,queries/Q51793.jpg,disc21,1,0.140625,0.31746031746031744,0.2638888888888889,0.23809523809523808,0.234375,0.359375,0.439336
references/R022675.jpg,queries/Q51831.jpg,disc21,1,0.140625,0.3333333333333333,0.2638888888888889,0.09523809523809523,0.125,0.296875,0.297651
references/R003682.jpg,queries/Q52043.jpg,disc21,1,0.234375,0.4444444444444444,0.4305555555555556,0.14285714285714285,0.203125,0.1875,0.459468
references/R010005.jpg,queries/Q52223.jpg,disc21,1,0.34375,0.20634920634920634,0.18055555555555555,0.07142857142857142,0.375,0.046875,0.281276
references/R041312.jpg,queries/Q52348.jpg,disc21,1,0.109375,0.19047619047619047,0.1111111111111111,0.07142857142857142,0.125,0.4375,0.123992
references/R048505.jpg,queries/Q52353.jpg,disc21,1,0.421875,0.4603174603174603,0.375,0.16666666666666666,0.484375,0.3125,0.326442
references/R031479.jpg,queries/Q52443.jpg,disc21,1,0.375,0.5238095238095238,0.4166666666666667,0.07142857142857142,0.421875,0.453125,0.881806
references/R046140.jpg,queries/Q52457.jpg,disc21,1,0.578125,0.5238095238095238,0.3611111111111111,0.11904761904761904,0.65625,0.328125,0.824946
references/R000260.jpg,queries/Q52579.jpg,disc21,1,0.375,0.47619047619047616,0.4305555555555556,0.09523809523809523,0.265625,0.171875,0.405359
references/R013642.jpg,queries/Q52619.jpg,disc21,1,0.078125,0.25396825396825395,0.2916666666666667,0.16666666666666666,0.140625,0.21875,0.377066
references/R025854.jpg,queries/Q52629.jpg,disc21,1,0.5,0.5714285714285714,0.4166666666666667,0.11904761904761904,0.59375,0.40625,0.904507
references/R041520.jpg,queries/Q52785.jpg,disc21,1,0.078125,0.1111111111111111,0.08333333333333333,0.19047619047619047,0.046875,0.390625,0.130068
references/R022102.jpg,queries/Q52935.jpg,disc21,1,0.515625,0.5238095238095238,0.4583333333333333,0.09523809523809523,0.640625,0.375,0.877197
references/R017910.jpg,queries/Q52942.jpg,disc21,1,0.328125,0.14285714285714285,0.18055555555555555,0.21428571428571427,0.328125,0.03125,0.850921
references/R009151.jpg,queries/Q53015.jpg,disc21,1,0.078125,0.1746031746031746,0.05555555555555555,0.11904761904761904,0.125,0.21875,0.184026
references/R023323.jpg,queries/Q53032.jpg,disc21,1,0.21875,0.2222222222222222,0.3055555555555556,0.16666666666666666,0.234375,0.34375,0.649283
references/R002239.jpg,queries/Q53154.jpg,disc21,1,0.140625,0.3968253968253968,0.3055555555555556,0.047619047619047616,0.421875,0.171875,0.232269
references/R019469.jpg,queries/Q53328.jpg,disc21,1,0.03125,0.15873015873015872,0.125,0.023809523809523808,0.0625,0.0,0.049812
references/R033756.jpg,queries/Q53368.jpg,disc21,1,0.171875,0.2698412698412698,0.18055555555555555,0.19047619047619047,0.1875,0.28125,0.280146
references/R018459.jpg,queries/Q53504.jpg,disc21,1,0.203125,0.3968253968253968,0.4027777777777778,0.047619047619047616,0.203125,0.265625,0.165385
references/R019102.jpg,queries/Q53627.jpg,disc21,1,0.296875,0.5396825396825397,0.4444444444444444,0.2619047619047619,0.25,0.234375,0.853536
references/R009200.jpg,queries/Q53816.jpg,disc21,1,0.046875,0.14285714285714285,0.1388888888888889,0.09523809523809523,0.078125,0.25,0.409703
references/R020786.jpg,queries/Q53931.jpg,disc21,1,0.21875,0.2698412698412698,0.16666666666666666,0.07142857142857142,0.234375,0.328125,0.179367
references/R040053.jpg,queries/Q54043.jpg,disc21,1,0.015625,0.015873015873015872,0.05555555555555555,0.07142857142857142,0.078125,0.0625,0.105259
references/R037570.jpg,queries/Q54405.jpg,disc21,1,0.171875,0.3333333333333333,0.25,0.07142857142857142,0.203125,0.078125,0.153275
references/R035897.jpg,queries/Q54848.jpg,disc21,1,0.078125,0.25396825396825395,0.18055555555555555,0.19047619047619047,0.109375,0.265625,0.532699
references/R021474.jpg,queries/Q54918.jpg,disc21,1,0.578125,0.6507936507936508,0.4027777777777778,0.19047619047619047,0.359375,0.28125,0.909623
references/R022477.jpg,queries/Q55124.jpg,disc21,1,0.53125,0.38095238095238093,0.25,0.14285714285714285,0.5625,0.203125,0.565366
references/R033315.jpg,queries/Q55250.jpg,disc21,1,0.375,0.4126984126984127,0.3194444444444444,0.21428571428571427,0.625,0.328125,0.527082
references/R024203.jpg,queries/Q55439.jpg,disc21,1,0.296875,0.31746031746031744,0.2777777777777778,0.16666666666666666,0.21875,0.4375,0.853847
references/R007393.jpg,queries/Q55681.jpg,disc21,1,0.421875,0.5238095238095238,0.5277777777777778,0.07142857142857142,0.375,1.0,0.183996
references/R042169.jpg,queries/Q55752.jpg,disc21,1,0.40625,0.5079365079365079,0.2777777777777778,0.16666666666666666,0.46875,0.234375,0.827381
references/R001619.jpg,queries/Q55788.jpg,disc21,1,0.328125,0.15873015873015872,0.08333333333333333,0.09523809523809523,0.28125,0.40625,0.077179
references/R049934.jpg,queries/Q55791.jpg,disc21,1,0.28125,0.4603174603174603,0.3333333333333333,0.0,0.21875,0.34375,0.063086
references/R016982.jpg,queries/Q55838.jpg,disc21,1,0.296875,0.3492063492063492,0.4444444444444444,0.14285714285714285,0.4375,0.34375,0.635670
references/R044128.jpg,queries/Q56115.jpg,disc21,1,0.09375,0.25396825396825395,0.09722222222222222,0.09523809523809523,0.140625,0.109375,0.145770
references/R026459.jpg,queries/Q56198.jpg,disc21,1,0.296875,0.42857142857142855,0.375,0.09523809523809523,0.234375,0.171875,0.539918
references/R002067.jpg,queries/Q56393.jpg,disc21,1,0.703125,0.5396825396825397,0.4027777777777778,0.14285714285714285,0.796875,0.671875,0.379823
references/R015775.jpg,queries/Q56465.jpg,disc21,1,0.390625,0.5714285714285714,0.4444444444444444,0.2619047619047619,0.328125,0.296875,0.573263
references/R035954.jpg,queries/Q56652.jpg,disc21,1,0.03125,0.047619047619047616,0.027777777777777776,0.23809523809523808,0.109375,0.140625,0.250038
references/R010019.jpg,queries/Q56888.jpg,disc21,1,0.34375,0.4603174603174603,0.5138888888888888,0.16666666666666666,0.390625,0.171875,0.091884
references/R043675.jpg,queries/Q56961.jpg,disc21,1,0.03125,0.031746031746031744,0.05555555555555555,0.09523809523809523,0.046875,0.046875,0.076571
references/R007288.jpg,queries/Q57104.jpg,disc21,1,0.015625,0.047619047619047616,0.013888888888888888,0.09523809523809523,0.03125,1.0,0.186307
references/R029999.jpg,queries/Q57205.jpg,disc21,1,0.3125,0.23809523809523808,0.19444444444444445,0.11904761904761904,0.34375,0.15625,0.723231
references/R046070.jpg,queries/Q57364.jpg,disc21,1,0.03125,0.1111111111111111,0.125,0.14285714285714285,0.0,0.09375,0.053054
references/R039480.jpg,queries/Q57367.jpg,disc21,1,0.515625,0.4444444444444444,0.4861111111111111,0.16666666666666666,0.390625,0.265625,0.887000
references/R040337.jpg,queries/Q57445.jpg,disc21,1,0.03125,0.047619047619047616,0.18055555555555555,0.21428571428571427,0.0625,0.109375,0.363605
references/R032197.jpg,queries/Q57557.jpg,disc21,1,0.0625,0.12698412698412698,0.041666666666666664,0.07142857142857142,0.015625,0.15625,0.095377
references/R011064.jpg,queries/Q57592.jpg,disc21,1,0.203125,0.3492063492063492,0.3055555555555556,0.16666666666666666,0.375,0.28125,0.252505
references/R008009.jpg,queries/Q57672.jpg,disc21,1,0.109375,0.14285714285714285,0.05555555555555555,0.14285714285714285,0.171875,0.390625,0.286094
references/R016498.jpg,queries/Q57734.jpg,disc21,1,0.453125,0.38095238095238093,0.4166666666666667,0.16666666666666666,0.296875,0.28125,0.957895
references/R012628.jpg,queries/Q57834.jpg,disc21,1,0.265625,0.38095238095238093,0.375,0.23809523809523808,0.453125,0.46875,0.808841
references/R002101.jpg,queries/Q57944.jpg,disc21,1,0.375,0.47619047619047616,0.4305555555555556,0.16666666666666666,0.328125,0.328125,0.766955
references/R004761.jpg,queries/Q57964.jpg,disc21,1,0.015625,0.14285714285714285,0.18055555555555555,0.023809523809523808,0.015625,0.0625,0.129042
references/R032624.jpg,queries/Q58081.jpg,disc21,1,0.078125,0.07936507936507936,0.027777777777777776,0.09523809523809523,0.15625,0.234375,0.692954
references/R035118.jpg,queries/Q58395.jpg,disc21,1,0.328125,0.3492063492063492,0.25,0.16666666666666666,0.40625,0.40625,0.800131
references/R026088.jpg,queries/Q58429.jpg,disc21,1,0.046875,0.14285714285714285,0.1111111111111111,0.11904761904761904,0.234375,0.359375,0.471505
references/R004032.jpg,queries/Q58438.jpg,disc21,1,0.40625,0.47619047619047616,0.375,0.14285714285714285,0.515625,0.109375,0.964134
references/R033891.jpg,queries/Q58444.jpg,disc21,1,0.125,0.30158730158730157,0.09722222222222222,0.19047619047619047,0.328125,0.171875,0.964344
references/R001044.jpg,queries/Q58452.jpg,disc21,1,0.5,0.5714285714285714,0.4583333333333333,0.21428571428571427,0.46875,0.453125,0.695295
references/R030059.jpg,queries/Q58591.jpg,disc21,1,0.0,0.0,0.05555555555555555,0.07142857142857142,0.140625,1.0,0.883784
references/R041675.jpg,queries/Q58596.jpg,disc21,1,0.34375,0.5238095238095238,0.3472222222222222,0.16666666666666666,0.46875,0.234375,0.988235
references/R031501.jpg,queries/Q58786.jpg,disc21,1,0.015625,0.06349206349206349,0.09722222222222222,0.11904761904761904,0.046875,0.078125,0.246988
references/R008832.jpg,queries/Q58809.jpg,disc21,1,0.1875,0.30158730158730157,0.3194444444444444,0.0,0.28125,0.171875,0.202229
references/R024680.jpg,queries/Q58812.jpg,disc21,1,0.359375,0.42857142857142855,0.3888888888888889,0.23809523809523808,0.203125,0.453125,0.736970
references/R009460.jpg,queries/Q58920.jpg,disc21,1,0.5625,0.4603174603174603,0.5,0.23809523809523808,0.515625,0.5,0.262216
references/R012706.jpg,queries/Q58922.jpg,disc21,1,0.015625,0.06349206349206349,0.027777777777777776,0.16666666666666666,0.046875,0.296875,0.228699
references/R023899.jpg,queries/Q58932.jpg,disc21,1,0.328125,0.6349206349206349,0.5138888888888888,0.14285714285714285,0.3125,0.546875,0.933272
references/R027306.jpg,queries/Q58978.jpg,disc21,1,0.015625,0.015873015873015872,0.013888888888888888,0.16666666666666666,0.09375,0.171875,0.179227
references/R031982.jpg,queries/Q59045.jpg,disc21,1,0.15625,0.25396825396825395,0.2916666666666667,0.09523809523809523,0.171875,0.140625,0.254715
references/R013522.jpg,queries/Q59097.jpg,disc21,1,0.046875,0.047619047619047616,0.05555555555555555,0.07142857142857142,0.03125,0.140625,0.471866
references/R022779.jpg,queries/Q59224.jpg,disc21,1,0.421875,0.47619047619047616,0.3611111111111111,0.21428571428571427,0.328125,0.171875,0.963114
references/R017182.jpg,queries/Q59266.jpg,disc21,1,0.484375,0.42857142857142855,0.3055555555555556,0.16666666666666666,0.671875,0.515625,0.925691
references/R039555.jpg,queries/Q59379.jpg,disc21,1,0.21875,0.42857142857142855,0.3055555555555556,0.14285714285714285,0.21875,0.21875,0.167077
references/R041789.jpg,queries/Q59439.jpg,disc21,1,0.453125,0.4603174603174603,0.5833333333333334,0.19047619047619047,0.453125,0.203125,0.611968
references/R045759.jpg,queries/Q59535.jpg,disc21,1,0.328125,0.5396825396825397,0.3888888888888889,0.11904761904761904,0.25,0.140625,0.849250
references/R026252.jpg,queries/Q59782.jpg,disc21,1,0.09375,0.12698412698412698,0.25,0.16666666666666666,0.078125,0.46875,0.733998
references/R012180.jpg,queries/Q59796.jpg,disc21,1,0.546875,0.49206349206349204,0.5277777777777778,0.14285714285714285,0.5,1.0,0.660583
references/R038720.jpg,queries/Q59863.jpg,disc21,1,0.453125,0.4444444444444444,0.3611111111111111,0.11904761904761904,0.578125,1.0,0.512339
references/R032047.jpg,queries/Q59904.jpg,disc21,1,0.015625,0.0,0.041666666666666664,0.14285714285714285,0.0,1.0,0.038026
references/R040165.jpg,queries/Q59912.jpg,disc21,1,0.5,0.3333333333333333,0.3611111111111111,0.19047619047619047,0.28125,0.140625,0.880657
references/R004081.jpg,queries/Q60014.jpg,disc21,1,0.1875,0.4126984126984127,0.3055555555555556,0.11904761904761904,0.203125,0.5625,0.279454
references/R000301.jpg,queries/Q60056.jpg,disc21,1,0.28125,0.30158730158730157,0.2777777777777778,0.19047619047619047,0.15625,0.21875,0.435134
references/R002210.jpg,queries/Q60084.jpg,disc21,1,0.515625,0.49206349206349204,0.4861111111111111,0.21428571428571427,0.65625,0.65625,0.487879
references/R042713.jpg,queries/Q60128.jpg,disc21,1,0.359375,0.3492063492063492,0.3611111111111111,0.16666666666666666,0.546875,0.046875,0.217793
references/R012592.jpg,queries/Q60227.jpg,disc21,1,0.609375,0.3968253968253968,0.5833333333333334,0.21428571428571427,0.734375,0.34375,1.115945
references/R001105.jpg,queries/Q60369.jpg,disc21,1,0.234375,0.4444444444444444,0.3055555555555556,0.11904761904761904,0.40625,0.484375,0.921283
references/R011716.jpg,queries/Q60485.jpg,disc21,1,0.078125,0.36507936507936506,0.3055555555555556,0.11904761904761904,0.125,0.109375,0.142148
references/R015608.jpg,queries/Q60894.jpg,disc21,1,0.421875,0.5079365079365079,0.4861111111111111,0.21428571428571427,0.375,0.53125,0.287299
references/R031340.jpg,queries/Q60919.jpg,disc21,1,0.234375,0.31746031746031744,0.2222222222222222,0.09523809523809523,0.28125,0.515625,0.467203
references/R017375.jpg,queries/Q60991.jpg,disc21,1,0.515625,0.5555555555555556,0.4027777777777778,0.21428571428571427,0.5625,1.0,0.489856
references/R012080.jpg,queries/Q61003.jpg,disc21,1,0.296875,0.49206349206349204,0.4583333333333333,0.11904761904761904,0.390625,0.375,0.596128
references/R027674.jpg,queries/Q61154.jpg,disc21,1,0.234375,0.42857142857142855,0.4166666666666667,0.07142857142857142,0.328125,0.203125,1.001004
references/R028932.jpg,queries/Q61374.jpg,disc21,1,0.359375,0.42857142857142855,0.4722222222222222,0.047619047619047616,0.21875,0.1875,0.977858
references/R029164.jpg,queries/Q61416.jpg,disc21,1,0.53125,0.47619047619047616,0.5416666666666666,0.09523809523809523,0.4375,1.0,0.401379
references/R045711.jpg,queries/Q61499.jpg,disc21,1,0.640625,0.5079365079365079,0.5138888888888888,0.14285714285714285,0.546875,0.3125,0.885735
references/R020384.jpg,queries/Q61613.jpg,disc21,1,0.03125,0.1111111111111111,0.05555555555555555,0.047619047619047616,0.03125,1.0,0.193453
references/R013385.jpg,queries/Q61779.jpg,disc21,1,0.46875,0.5396825396825397,0.5,0.16666666666666666,0.359375,0.140625,0.494138
references/R039459.jpg,queries/Q61916.jpg,disc21,1,0.515625,0.5079365079365079,0.4166666666666667,0.16666666666666666,0.421875,0.453125,0.417709
references/R034001.jpg,queries/Q62009.jpg,disc21,1,0.453125,0.49206349206349204,0.5555555555555556,0.19047619047619047,0.40625,0.0625,1.002759
references/R005860.jpg,queries/Q62113.jpg,disc21,1,0.125,0.12698412698412698,0.05555555555555555,0.11904761904761904,0.25,1.0,0.202951
references/R004251.jpg,queries/Q62135.jpg,disc21,1,0.140625,0.12698412698412698,0.1527777777777778,0.07142857142857142,0.265625,0.203125,0.333537
references/R037222.jpg,queries/Q62159.jpg,disc21,1,0.375,0.4126984126984127,0.5138888888888888,0.19047619047619047,0.40625,0.375,0.312901
references/R010773.jpg,queries/Q62293.jpg,disc21,1,0.1875,0.30158730158730157,0.20833333333333334,0.23809523809523808,0.203125,0.546875,0.418375
references/R001270.jpg,queries/Q62332.jpg,disc21,1,0.09375,0.47619047619047616,0.4305555555555556,0.07142857142857142,0.1875,1.0,0.765272
references/R035609.jpg,queries/Q62408.jpg,disc21,1,0.0,0.031746031746031744,0.027777777777777776,0.09523809523809523,0.15625,1.0,0.198310
references/R015570.jpg,queries/Q62634.jpg,disc21,1,0.28125,0.3492063492063492,0.3472222222222222,0.0,0.53125,0.234375,0.212750
references/R024010.jpg,queries/Q62913.jpg,disc21,1,0.25,0.49206349206349204,0.4027777777777778,0.21428571428571427,0.234375,0.46875,0.162021
references/R037453.jpg,queries/Q62930.jpg,disc21,1,0.375,0.5396825396825397,0.5833333333333334,0.14285714285714285,0.5625,0.40625,1.015085
references/R006287.jpg,queries/Q62940.jpg,disc21,1,0.203125,0.36507936507936506,0.3194444444444444,0.19047619047619047,0.21875,0.234375,0.277700
references/R001433.jpg,queries/Q63010.jpg,disc21,1,0.59375,0.4603174603174603,0.5138888888888888,0.047619047619047616,0.5625,0.046875,0.450356
references/R043890.jpg,queries/Q63053.jpg,disc21,1,0.65625,0.6666666666666666,0.5416666666666666,0.0,0.453125,0.25,0.881337
references/R039596.jpg,queries/Q63524.jpg,disc21,1,0.359375,0.4444444444444444,0.5416666666666666,0.21428571428571427,0.265625,0.453125,0.935581
references/R036949.jpg,queries/Q63550.jpg,disc21,1,0.546875,0.38095238095238093,0.4444444444444444,0.11904761904761904,0.546875,1.0,0.542956
references/R041754.jpg,queries/Q63579.jpg,disc21,1,0.40625,0.4126984126984127,0.25,0.14285714285714285,0.328125,0.359375,0.248754
references/R002034.jpg,queries/Q63657.jpg,disc21,1,0.1875,0.09523809523809523,0.125,0.19047619047619047,0.328125,0.34375,0.172238
references/R023481.jpg,queries/Q63659.jpg,disc21,1,0.015625,0.09523809523809523,0.2638888888888889,0.11904761904761904,0.09375,0.40625,0.215363
references/R045952.jpg,queries/Q63721.jpg,disc21,1,0.5,0.47619047619047616,0.3472222222222222,0.19047619047619047,0.421875,0.296875,0.866210
references/R002586.jpg,queries/Q63820.jpg,disc21,1,0.109375,0.4603174603174603,0.3888888888888889,0.023809523809523808,0.3125,0.515625,0.752626
references/R032634.jpg,queries/Q63841.jpg,disc21,1,0.625,0.6190476190476191,0.4722222222222222,0.14285714285714285,0.546875,0.140625,0.884564
references/R001982.jpg,queries/Q63924.jpg,disc21,1,0.078125,0.09523809523809523,0.027777777777777776,0.14285714285714285,0.15625,1.0,0.060199
references/R044763.jpg,queries/Q64087.jpg,disc21,1,0.5625,0.5873015873015873,0.4166666666666667,0.07142857142857142,0.484375,0.421875,0.920054
references/R031393.jpg,queries/Q64117.jpg,disc21,1,0.078125,0.38095238095238093,0.2916666666666667,0.19047619047619047,0.203125,0.328125,0.149227
references/R012738.jpg,queries/Q64224.jpg,disc21,1,0.5,0.4603174603174603,0.4722222222222222,0.11904761904761904,0.421875,0.1875,0.898283
references/R034261.jpg,queries/Q64264.jpg,disc21,1,0.4375,0.5555555555555556,0.5277777777777778,0.21428571428571427,0.484375,0.3125,0.224353
references/R014915.jpg,queries/Q64277.jpg,disc21,1,0.421875,0.36507936507936506,0.4027777777777778,0.14285714285714285,0.453125,1.0,0.752654
references/R045893.jpg,queries/Q64541.jpg,disc21,1,0.828125,0.47619047619047616,0.5277777777777778,0.11904761904761904,0.5625,0.53125,0.917629
references/R038576.jpg,queries/Q64611.jpg,disc21,1,0.03125,0.07936507936507936,0.041666666666666664,0.09523809523809523,0.015625,1.0,0.392227
references/R042499.jpg,queries/Q64675.jpg,disc21,1,0.0625,0.1746031746031746,0.1527777777777778,0.11904761904761904,0.0625,0.453125,1.012769
references/R046224.jpg,queries/Q64716.jpg,disc21,1,0.71875,0.6349206349206349,0.5833333333333334,0.16666666666666666,0.5,0.5,0.644422
references/R002887.jpg,queries/Q64937.jpg,disc21,1,0.5,0.4444444444444444,0.3611111111111111,0.11904761904761904,0.171875,0.265625,0.997504
references/R007235.jpg,queries/Q65559.jpg,disc21,1,0.53125,0.5238095238095238,0.3333333333333333,0.11904761904761904,0.4375,0.1875,0.171847
references/R002163.jpg,queries/Q65753.jpg,disc21,1,0.5625,0.5873015873015873,0.4583333333333333,0.16666666666666666,0.53125,0.15625,0.637686
references/R005851.jpg,queries/Q65790.jpg,disc21,1,0.34375,0.4603174603174603,0.3472222222222222,0.21428571428571427,0.390625,0.46875,0.602931
references/R049546.jpg,queries/Q66195.jpg,disc21,1,0.03125,0.14285714285714285,0.1111111111111111,0.047619047619047616,0.078125,0.109375,0.030398
references/R021077.jpg,queries/Q66228.jpg,disc21,1,0.671875,0.5555555555555556,0.4027777777777778,0.11904761904761904,0.59375,0.25,0.989927
references/R037665.jpg,queries/Q66242.jpg,disc21,1,0.625,0.31746031746031744,0.3055555555555556,0.11904761904761904,0.390625,1.0,0.102103
references/R014877.jpg,queries/Q66253.jpg,disc21,1,0.625,0.4444444444444444,0.5555555555555556,0.23809523809523808,0.640625,0.1875,0.985691
references/R042853.jpg,queries/Q66324.jpg,disc21,1,0.328125,0.47619047619047616,0.3888888888888889,0.11904761904761904,0.34375,0.1875,0.836075
references/R000427.jpg,queries/Q66374.jpg,disc21,1,0.421875,0.5079365079365079,0.5,0.14285714285714285,0.625,0.53125,0.513658
references/R042345.jpg,queries/Q66437.jpg,disc21,1,0.296875,0.36507936507936506,0.3333333333333333,0.09523809523809523,0.078125,0.3125,0.237262
references/R017309.jpg,queries/Q66508.jpg,disc21,1,0.40625,0.30158730158730157,0.3888888888888889,0.21428571428571427,0.5625,0.40625,0.820778
references/R007502.jpg,queries/Q66551.jpg,disc21,1,0.28125,0.30158730158730157,0.2361111111111111,0.09523809523809523,0.21875,0.359375,0.332040
references/R015743.jpg,queries/Q66746.jpg,disc21,1,0.515625,0.5555555555555556,0.3611111111111111,0.047619047619047616,0.578125,0.453125,0.809109
references/R040761.jpg,queries/Q66772.jpg,disc21,1,0.078125,0.30158730158730157,0.1527777777777778,0.09523809523809523,0.046875,0.3125,0.058155
references/R032773.jpg,queries/Q66801.jpg,disc21,1,0.453125,0.07936507936507936,0.08333333333333333,0.11904761904761904,0.40625,0.09375,0.044294
references/R006583.jpg,queries/Q66856.jpg,disc21,1,0.28125,0.42857142857142855,0.3194444444444444,0.19047619047619047,0.34375,0.34375,0.590815
references/R015905.jpg,queries/Q66917.jpg,disc21,1,0.375,0.5396825396825397,0.4166666666666667,0.14285714285714285,0.390625,0.265625,0.480848
references/R036686.jpg,queries/Q67030.jpg,disc21,1,0.1875,0.42857142857142855,0.3194444444444444,0.14285714285714285,0.203125,1.0,0.578970
references/R038559.jpg,queries/Q67070.jpg,disc21,1,0.15625,0.3333333333333333,0.18055555555555555,0.07142857142857142,0.265625,0.203125,0.382758
references/R036814.jpg,queries/Q67120.jpg,disc21,1,0.359375,0.3333333333333333,0.4166666666666667,0.2619047619047619,0.171875,0.1875,0.115330
references/R042994.jpg,queries/Q67142.jpg,disc21,1,0.46875,0.5555555555555556,0.4583333333333333,0.11904761904761904,0.359375,0.203125,0.753753
references/R029527.jpg,queries/Q67149.jpg,disc21,1,0.296875,0.3333333333333333,0.3055555555555556,0.09523809523809523,0.28125,0.140625,0.247815
references/R003914.jpg,queries/Q67223.jpg,disc21,1,0.5,0.5396825396825397,0.5416666666666666,0.11904761904761904,0.375,0.421875,0.819161
references/R025830.jpg,queries/Q67352.jpg,disc21,1,0.390625,0.3333333333333333,0.2777777777777778,0.09523809523809523,0.125,0.1875,0.148528
references/R014628.jpg,queries/Q67363.jpg,disc21,1,0.015625,0.19047619047619047,0.20833333333333334,0.047619047619047616,0.046875,0.09375,0.294894
references/R002323.jpg,queries/Q67398.jpg,disc21,1,0.46875,0.6031746031746031,0.4305555555555556,0.19047619047619047,0.578125,0.265625,0.452298
references/R028001.jpg,queries/Q67455.jpg,disc21,1,0.34375,0.4126984126984127,0.375,0.09523809523809523,0.53125,0.359375,0.779371
references/R002709.jpg,queries/Q67461.jpg,disc21,1,0.234375,0.3333333333333333,0.2916666666666667,0.21428571428571427,0.40625,0.28125,0.224976
references/R043099.jpg,queries/Q67490.jpg,disc21,1,0.296875,0.36507936507936506,0.375,0.11904761904761904,0.21875,0.390625,0.174144
references/R014191.jpg,queries/Q67587.jpg,disc21,1,0.203125,0.49206349206349204,0.4166666666666667,0.21428571428571427,0.28125,0.25,0.725595
references/R024385.jpg,queries/Q67749.jpg,disc21,1,0.171875,0.31746031746031744,0.4027777777777778,0.21428571428571427,0.296875,0.296875,0.824965
references/R031630.jpg,queries/Q67829.jpg,disc21,1,0.203125,0.36507936507936506,0.3888888888888889,0.023809523809523808,0.359375,0.046875,0.588826
references/R004482.jpg,queries/Q67938.jpg,disc21,1,0.71875,0.5079365079365079,0.4583333333333333,0.16666666666666666,0.703125,0.328125,0.821220
references/R012036.jpg,queries/Q67997.jpg,disc21,1,0.625,0.6031746031746031,0.4166666666666667,0.21428571428571427,0.4375,0.234375,0.696583
references/R048682.jpg,queries/Q68026.jpg,disc21,1,0.390625,0.6031746031746031,0.4305555555555556,0.14285714285714285,0.5,0.078125,0.681732
references/R014122.jpg,queries/Q68273.jpg,disc21,1,0.3125,0.49206349206349204,0.375,0.09523809523809523,0.28125,0.359375,0.558759
references/R010084.jpg,queries/Q68481.jpg,disc21,1,0.328125,0.5079365079365079,0.4027777777777778,0.14285714285714285,0.46875,0.5,0.428525
references/R029550.jpg,queries/Q68530.jpg,disc21,1,0.296875,0.4603174603174603,0.4722222222222222,0.07142857142857142,0.296875,0.234375,0.974953
references/R001860.jpg,queries/Q68533.jpg,disc21,1,0.5,0.47619047619047616,0.3055555555555556,0.19047619047619047,0.328125,0.296875,0.916677
references/R039236.jpg,queries/Q68569.jpg,disc21,1,0.140625,0.4603174603174603,0.3472222222222222,0.11904761904761904,0.09375,0.1875,0.450884
references/R044207.jpg,queries/Q68611.jpg,disc21,1,0.25,0.47619047619047616,0.20833333333333334,0.21428571428571427,0.375,0.5,0.360724
references/R018210.jpg,queries/Q68689.jpg,disc21,1,0.265625,0.31746031746031744,0.20833333333333334,0.09523809523809523,0.25,0.265625,0.150985
references/R042626.jpg,queries/Q68818.jpg,disc21,1,0.734375,0.5079365079365079,0.375,0.11904761904761904,0.546875,0.234375,0.339718
references/R027874.jpg,queries/Q68917.jpg,disc21,1,0.21875,0.4444444444444444,0.18055555555555555,0.07142857142857142,0.09375,0.15625,0.192788
references/R016921.jpg,queries/Q68987.jpg,disc21,1,0.3125,0.4603174603174603,0.4027777777777778,0.11904761904761904,0.578125,0.1875,0.838384
references/R046404.jpg,queries/Q69044.jpg,disc21,1,0.53125,0.5079365079365079,0.4444444444444444,0.21428571428571427,0.40625,0.28125,0.657715
references/R027381.jpg,queries/Q69047.jpg,disc21,1,0.671875,0.6507936507936508,0.4444444444444444,0.14285714285714285,0.65625,0.21875,0.962138
references/R023564.jpg,queries/Q69072.jpg,disc21,1,0.28125,0.6190476190476191,0.4444444444444444,0.21428571428571427,0.34375,0.34375,0.900742
references/R046458.jpg,queries/Q69412.jpg,disc21,1,0.015625,0.1111111111111111,0.1527777777777778,0.21428571428571427,0.15625,0.328125,0.147014
references/R000789.jpg,queries/Q69460.jpg,disc21,1,0.046875,0.1111111111111111,0.09722222222222222,0.14285714285714285,0.140625,0.3125,0.101157
references/R046236.jpg,queries/Q69581.jpg,disc21,1,0.546875,0.4444444444444444,0.4722222222222222,0.19047619047619047,0.28125,0.3125,0.666022
references/R046104.jpg,queries/Q69629.jpg,disc21,1,0.015625,0.19047619047619047,0.16666666666666666,0.23809523809523808,0.09375,0.4375,0.585967
references/R042414.jpg,queries/Q69891.jpg,disc21,1,0.046875,0.06349206349206349,0.05555555555555555,0.14285714285714285,0.015625,0.09375,0.054400
references/R035613.jpg,queries/Q69894.jpg,disc21,1,0.296875,0.5238095238095238,0.5,0.11904761904761904,0.328125,1.0,0.230576
references/R004131.jpg,queries/Q69968.jpg,disc21,1,0.25,0.38095238095238093,0.4027777777777778,0.14285714285714285,0.40625,1.0,0.841088
references/R042099.jpg,queries/Q69978.jpg,disc21,1,0.015625,0.06349206349206349,0.16666666666666666,0.0,0.015625,0.015625,0.346376
references/R021318.jpg,queries/Q70017.jpg,disc21,1,0.453125,0.4603174603174603,0.5416666666666666,0.14285714285714285,0.578125,0.390625,0.706543
references/R007066.jpg,queries/Q70029.jpg,disc21,1,0.421875,0.4444444444444444,0.3611111111111111,0.16666666666666666,0.375,0.421875,0.837335
references/R044451.jpg,queries/Q70277.jpg,disc21,1,0.25,0.25396825396825395,0.2916666666666667,0.14285714285714285,0.171875,0.453125,0.216770
references/R038406.jpg,queries/Q70383.jpg,disc21,1,0.09375,0.2857142857142857,0.18055555555555555,0.16666666666666666,0.03125,1.0,0.082601
references/R021869.jpg,queries/Q70585.jpg,disc21,1,0.125,0.12698412698412698,0.027777777777777776,0.19047619047619047,0.078125,0.59375,0.954406
references/R036780.jpg,queries/Q70614.jpg,disc21,1,0.375,0.49206349206349204,0.3611111111111111,0.16666666666666666,0.453125,0.34375,0.845126
references/R004539.jpg,queries/Q70676.jpg,disc21,1,0.390625,0.4444444444444444,0.4722222222222222,0.14285714285714285,0.40625,1.0,0.982350
references/R034899.jpg,queries/Q71069.jpg,disc21,1,0.515625,0.42857142857142855,0.3333333333333333,0.14285714285714285,0.546875,0.171875,0.817756
references/R037356.jpg,queries/Q71083.jpg,disc21,1,0.34375,0.30158730158730157,0.19444444444444445,0.09523809523809523,0.234375,0.109375,0.647002
references/R012032.jpg,queries/Q71307.jpg,disc21,1,0.0,0.25396825396825395,0.3333333333333333,0.09523809523809523,0.09375,0.390625,0.310117
references/R024128.jpg,queries/Q71734.jpg,disc21,1,0.375,0.42857142857142855,0.4444444444444444,0.19047619047619047,0.4375,0.28125,0.412027
references/R024890.jpg,queries/Q71838.jpg,disc21,1,0.578125,0.6349206349206349,0.4722222222222222,0.16666666666666666,0.671875,0.65625,1.013273
references/R024975.jpg,queries/Q71855.jpg,disc21,1,0.546875,0.4444444444444444,0.5,0.23809523809523808,0.546875,0.328125,0.994582
references/R042790.jpg,queries/Q71953.jpg,disc21,1,0.09375,0.2222222222222222,0.20833333333333334,0.14285714285714285,0.21875,1.0,0.222792
references/R027175.jpg,queries/Q71979.jpg,disc21,1,0.78125,0.5238095238095238,0.4444444444444444,0.19047619047619047,0.3125,0.328125,0.611264
references/R010483.jpg,queries/Q72104.jpg,disc21,1,0.078125,0.1111111111111111,0.08333333333333333,0.09523809523809523,0.28125,1.0,0.300118
references/R010025.jpg,queries/Q72241.jpg,disc21,1,0.203125,0.4603174603174603,0.4583333333333333,0.19047619047619047,0.171875,0.40625,0.629978
references/R008722.jpg,queries/Q72430.jpg,disc21,1,0.59375,0.49206349206349204,0.5277777777777778,0.16666666666666666,0.609375,0.21875,0.531506
references/R005850.jpg,queries/Q72623.jpg,disc21,1,0.421875,0.5238095238095238,0.4444444444444444,0.19047619047619047,0.484375,0.46875,0.388037
references/R028310.jpg,queries/Q72783.jpg,disc21,1,0.09375,0.09523809523809523,0.041666666666666664,0.11904761904761904,0.125,0.125,0.051106
references/R045389.jpg,queries/Q72821.jpg,disc21,1,0.4375,0.4603174603174603,0.4305555555555556,0.14285714285714285,0.40625,0.390625,0.996918
references/R012993.jpg,queries/Q72844.jpg,disc21,1,0.296875,0.38095238095238093,0.20833333333333334,0.19047619047619047,0.328125,0.328125,0.311430
references/R029194.jpg,queries/Q72899.jpg,disc21,1,0.59375,0.5079365079365079,0.4722222222222222,0.09523809523809523,0.34375,0.234375,0.451647
references/R014700.jpg,queries/Q72931.jpg,disc21,1,0.0,0.015873015873015872,0.027777777777777776,0.09523809523809523,0.015625,0.0,0.023605
references/R049940.jpg,queries/Q73010.jpg,disc21,1,0.4375,0.4603174603174603,0.4166666666666667,0.2619047619047619,0.515625,0.359375,0.392256
references/R048790.jpg,queries/Q73143.jpg,disc21,1,0.1875,0.15873015873015872,0.20833333333333334,0.16666666666666666,0.140625,0.34375,0.988890
references/R023656.jpg,queries/Q73145.jpg,disc21,1,0.15625,0.25396825396825395,0.2777777777777778,0.16666666666666666,0.09375,0.046875,0.135191
references/R004983.jpg,queries/Q73160.jpg,disc21,1,0.375,0.49206349206349204,0.5,0.16666666666666666,0.359375,0.296875,0.557747
references/R000039.jpg,queries/Q73296.jpg,disc21,1,0.5,0.5873015873015873,0.4166666666666667,0.047619047619047616,0.453125,0.28125,0.422062
references/R009776.jpg,queries/Q73327.jpg,disc21,1,0.59375,0.5238095238095238,0.4166666666666667,0.14285714285714285,0.578125,0.546875,0.690079
references/R041915.jpg,queries/Q73835.jpg,disc21,1,0.453125,0.42857142857142855,0.3611111111111111,0.11904761904761904,0.46875,0.453125,0.377745
references/R045836.jpg,queries/Q73861.jpg,disc21,1,0.625,0.5396825396825397,0.375,0.16666666666666666,0.65625,0.3125,0.936666
references/R028282.jpg,queries/Q73938.jpg,disc21,1,0.296875,0.2698412698412698,0.16666666666666666,0.14285714285714285,0.234375,0.0,0.491008
references/R040529.jpg,queries/Q74001.jpg,disc21,1,0.140625,0.4126984126984127,0.3472222222222222,0.19047619047619047,0.203125,0.21875,0.486372
references/R034614.jpg,queries/Q74039.jpg,disc21,1,0.5,0.5238095238095238,0.5277777777777778,0.21428571428571427,0.484375,0.265625,0.901392
references/R049930.jpg,queries/Q74137.jpg,disc21,1,0.34375,0.42857142857142855,0.2777777777777778,0.23809523809523808,0.4375,0.15625,0.715728
references/R001984.jpg,queries/Q74366.jpg,disc21,1,0.453125,0.5238095238095238,0.4305555555555556,0.11904761904761904,0.6875,0.46875,0.872122
references/R033610.jpg,queries/Q74442.jpg,disc21,1,0.03125,0.047619047619047616,0.2361111111111111,0.11904761904761904,0.078125,0.296875,0.629978
references/R049624.jpg,queries/Q74450.jpg,disc21,1,0.3125,0.4603174603174603,0.3472222222222222,0.16666666666666666,0.59375,0.296875,0.241515
references/R007548.jpg,queries/Q74516.jpg,disc21,1,0.21875,0.49206349206349204,0.3888888888888889,0.14285714285714285,0.171875,0.296875,0.219720
references/R022949.jpg,queries/Q74549.jpg,disc21,1,0.171875,0.3968253968253968,0.3194444444444444,0.19047619047619047,0.28125,0.453125,0.282016
references/R005370.jpg,queries/Q74596.jpg,disc21,1,0.21875,0.3333333333333333,0.2361111111111111,0.0,0.234375,0.390625,0.487654
references/R036288.jpg,queries/Q74858.jpg,disc21,1,0.40625,0.4126984126984127,0.3888888888888889,0.11904761904761904,0.421875,0.40625,0.734185
references/R000000.jpg,queries/Q74871.jpg,disc21,1,0.09375,0.23809523809523808,0.1111111111111111,0.2619047619047619,0.140625,0.328125,0.188719
references/R036055.jpg,queries/Q74979.jpg,disc21,1,0.3125,0.5238095238095238,0.3333333333333333,0.11904761904761904,0.359375,0.21875,0.899682
references/R047923.jpg,queries/Q75241.jpg,disc21,1,0.796875,0.7301587301587301,0.5694444444444444,0.07142857142857142,0.859375,1.0,0.406463
references/R021146.jpg,queries/Q75286.jpg,disc21,1,0.296875,0.2222222222222222,0.20833333333333334,0.07142857142857142,0.421875,0.0,0.306426
references/R023827.jpg,queries/Q75320.jpg,disc21,1,0.28125,0.4126984126984127,0.3888888888888889,0.0,0.40625,0.015625,0.152734
references/R015605.jpg,queries/Q75329.jpg,disc21,1,0.296875,0.5396825396825397,0.4583333333333333,0.11904761904761904,0.453125,0.484375,0.428898
references/R038644.jpg,queries/Q75725.jpg,disc21,1,0.015625,0.23809523809523808,0.08333333333333333,0.14285714285714285,0.015625,0.09375,0.091023
references/R043924.jpg,queries/Q75835.jpg,disc21,1,0.4375,0.5238095238095238,0.4722222222222222,0.14285714285714285,0.453125,0.359375,0.990996
references/R021012.jpg,queries/Q76103.jpg,disc21,1,0.328125,0.4444444444444444,0.4166666666666667,0.21428571428571427,0.546875,0.3125,0.792304
references/R033686.jpg,queries/Q76280.jpg,disc21,1,0.015625,0.0,0.013888888888888888,0.09523809523809523,0.015625,0.359375,0.035349
references/R020242.jpg,queries/Q76319.jpg,disc21,1,0.109375,0.2698412698412698,0.20833333333333334,0.14285714285714285,0.21875,0.21875,0.492385
references/R048668.jpg,queries/Q76395.jpg,disc21,1,0.359375,0.5555555555555556,0.4305555555555556,0.09523809523809523,0.3125,1.0,0.092306
references/R046550.jpg,queries/Q76418.jpg,disc21,1,0.171875,0.1746031746031746,0.09722222222222222,0.07142857142857142,0.046875,0.015625,0.004217
references/R023515.jpg,queries/Q76553.jpg,disc21,1,0.171875,0.36507936507936506,0.4166666666666667,0.047619047619047616,0.1875,0.28125,0.242845
references/R001357.jpg,queries/Q76583.jpg,disc21,1,0.40625,0.5714285714285714,0.4027777777777778,0.19047619047619047,0.515625,0.109375,0.522114
references/R027011.jpg,queries/Q76597.jpg,disc21,1,0.265625,0.4126984126984127,0.2222222222222222,0.0,0.109375,0.296875,0.377704
references/R018071.jpg,queries/Q76860.jpg,disc21,1,0.0625,0.20634920634920634,0.20833333333333334,0.09523809523809523,0.1875,1.0,0.321538
references/R035999.jpg,queries/Q77157.jpg,disc21,1,0.421875,0.49206349206349204,0.4027777777777778,0.14285714285714285,0.4375,0.234375,1.070382
references/R011012.jpg,queries/Q77427.jpg,disc21,1,0.234375,0.25396825396825395,0.1111111111111111,0.19047619047619047,0.21875,0.25,0.423641
references/R003375.jpg,queries/Q77441.jpg,disc21,1,0.640625,0.6507936507936508,0.4861111111111111,0.14285714285714285,0.546875,0.3125,0.424179
references/R026970.jpg,queries/Q77450.jpg,disc21,1,0.125,0.19047619047619047,0.2222222222222222,0.09523809523809523,0.15625,0.1875,0.064058
references/R037175.jpg,queries/Q77455.jpg,disc21,1,0.390625,0.42857142857142855,0.5694444444444444,0.16666666666666666,0.375,0.328125,0.926727
references/R015804.jpg,queries/Q77530.jpg,disc21,1,0.015625,0.047619047619047616,0.05555555555555555,0.21428571428571427,0.0625,0.28125,0.614656
references/R026025.jpg,queries/Q77561.jpg,disc21,1,0.703125,0.5714285714285714,0.4444444444444444,0.16666666666666666,0.6875,0.265625,0.731782
references/R017982.jpg,queries/Q77823.jpg,disc21,1,0.21875,0.36507936507936506,0.4166666666666667,0.09523809523809523,0.28125,0.28125,0.083090
references/R049559.jpg,queries/Q77825.jpg,disc21,1,0.703125,0.6349206349206349,0.4583333333333333,0.11904761904761904,0.71875,0.6875,0.293833
references/R047351.jpg,queries/Q77905.jpg,disc21,1,0.15625,0.2857142857142857,0.2777777777777778,0.11904761904761904,0.25,0.09375,0.442093
references/R044033.jpg,queries/Q78034.jpg,disc21,1,0.390625,0.4444444444444444,0.3888888888888889,0.14285714285714285,0.578125,0.390625,0.247339
references/R005245.jpg,queries/Q78080.jpg,disc21,1,0.03125,0.14285714285714285,0.3194444444444444,0.047619047619047616,0.171875,0.15625,0.406062
references/R038640.jpg,queries/Q78171.jpg,disc21,1,0.515625,0.3492063492063492,0.3333333333333333,0.11904761904761904,0.53125,0.234375,0.315025
references/R009745.jpg,queries/Q78216.jpg,disc21,1,0.5625,0.4444444444444444,0.4583333333333333,0.14285714285714285,0.796875,0.59375,0.806314
references/R027913.jpg,queries/Q78377.jpg,disc21,1,0.578125,0.6031746031746031,0.4166666666666667,0.16666666666666666,0.46875,0.234375,0.571038
references/R007347.jpg,queries/Q78419.jpg,disc21,1,0.09375,0.09523809523809523,0.06944444444444445,0.19047619047619047,0.1875,0.25,0.115534
references/R024805.jpg,queries/Q78481.jpg,disc21,1,0.125,0.25396825396825395,0.2222222222222222,0.14285714285714285,0.53125,0.109375,0.664549
references/R003150.jpg,queries/Q78880.jpg,disc21,1,0.484375,0.49206349206349204,0.3888888888888889,0.14285714285714285,0.640625,0.296875,0.508546
references/R043860.jpg,queries/Q78892.jpg,disc21,1,0.328125,0.5079365079365079,0.4027777777777778,0.16666666666666666,0.359375,0.421875,0.927304
references/R004261.jpg,queries/Q79068.jpg,disc21,1,0.46875,0.42857142857142855,0.3611111111111111,0.14285714285714285,0.359375,0.328125,0.254085
references/R003259.jpg,queries/Q79225.jpg,disc21,1,0.4375,0.5396825396825397,0.4027777777777778,0.16666666666666666,0.390625,1.0,0.799177
references/R037416.jpg,queries/Q79255.jpg,disc21,1,0.078125,0.4603174603174603,0.2916666666666667,0.21428571428571427,0.078125,0.5,0.095649
references/R041509.jpg,queries/Q79339.jpg,disc21,1,0.40625,0.4126984126984127,0.4444444444444444,0.16666666666666666,0.296875,0.578125,0.264017
references/R049674.jpg,queries/Q79346.jpg,disc21,1,0.4375,0.42857142857142855,0.3194444444444444,0.16666666666666666,0.734375,0.40625,0.318217
references/R001369.jpg,queries/Q79451.jpg,disc21,1,0.453125,0.3968253968253968,0.4722222222222222,0.047619047619047616,0.375,0.09375,0.957336
references/R021681.jpg,queries/Q79719.jpg,disc21,1,0.5,0.5873015873015873,0.4722222222222222,0.19047619047619047,0.53125,0.578125,0.918767
references/R022504.jpg,queries/Q79739.jpg,disc21,1,0.109375,0.14285714285714285,0.05555555555555555,0.19047619047619047,0.171875,0.28125,0.478177
references/R044902.jpg,queries/Q79896.jpg,disc21,1,0.40625,0.4444444444444444,0.3194444444444444,0.14285714285714285,0.328125,0.140625,0.469198
references/R015366.jpg,queries/Q79901.jpg,disc21,1,0.0,0.0,0.06944444444444445,0.14285714285714285,0.015625,0.1875,0.220834
references/R032716.jpg,queries/Q79930.jpg,disc21,1,0.15625,0.31746031746031744,0.2777777777777778,0.11904761904761904,0.265625,0.125,0.820319
references/R039477.jpg,queries/Q79950.jpg,disc21,1,0.390625,0.5238095238095238,0.375,0.11904761904761904,0.4375,0.21875,0.158847
references/R014190.jpg,queries/Q79975.jpg,disc21,1,0.015625,0.23809523809523808,0.1388888888888889,0.09523809523809523,0.078125,0.140625,0.094316
references/R004979.jpg,queries/Q80036.jpg,disc21,1,0.375,0.3333333333333333,0.2638888888888889,0.16666666666666666,0.203125,0.296875,0.214314
references/R029979.jpg,queries/Q80102.jpg,disc21,1,0.421875,0.5238095238095238,0.3888888888888889,0.19047619047619047,0.40625,0.328125,0.883521
references/R010885.jpg,queries/Q80272.jpg,disc21,1,0.46875,0.38095238095238093,0.4444444444444444,0.21428571428571427,0.34375,0.359375,0.477172
references/R002224.jpg,queries/Q80394.jpg,disc21,1,0.21875,0.23809523809523808,0.2222222222222222,0.14285714285714285,0.390625,0.265625,0.253722
references/R049501.jpg,queries/Q80409.jpg,disc21,1,0.453125,0.4444444444444444,0.3888888888888889,0.11904761904761904,0.265625,0.171875,0.836627
references/R038422.jpg,queries/Q80643.jpg,disc21,1,0.34375,0.47619047619047616,0.4027777777777778,0.11904761904761904,0.4375,0.109375,0.351267
references/R031824.jpg,queries/Q80665.jpg,disc21,1,0.4375,0.5555555555555556,0.4583333333333333,0.11904761904761904,0.21875,0.171875,0.813857
references/R002216.jpg,queries/Q80670.jpg,disc21,1,0.25,0.42857142857142855,0.4305555555555556,0.07142857142857142,0.1875,1.0,0.116296
references/R015503.jpg,queries/Q80919.jpg,disc21,1,0.265625,0.3968253968253968,0.2777777777777778,0.047619047619047616,0.390625,0.515625,0.230803
references/R026620.jpg,queries/Q80924.jpg,disc21,1,0.421875,0.5555555555555556,0.4027777777777778,0.07142857142857142,0.359375,0.28125,0.810965
references/R017053.jpg,queries/Q81033.jpg,disc21,1,0.21875,0.5873015873015873,0.3472222222222222,0.16666666666666666,0.15625,1.0,0.082458
references/R040498.jpg,queries/Q81036.jpg,disc21,1,0.015625,0.07936507936507936,0.1388888888888889,0.16666666666666666,0.375,0.328125,0.504944
references/R040052.jpg,queries/Q81155.jpg,disc21,1,0.5,0.36507936507936506,0.4444444444444444,0.19047619047619047,0.5625,0.4375,0.873568
references/R028724.jpg,queries/Q81240.jpg,disc21,1,0.375,0.42857142857142855,0.4166666666666667,0.16666666666666666,0.296875,0.515625,0.151275
references/R025615.jpg,queries/Q81335.jpg,disc21,1,0.09375,0.20634920634920634,0.06944444444444445,0.023809523809523808,0.109375,0.0625,0.045293
references/R039561.jpg,queries/Q81804.jpg,disc21,1,0.234375,0.3492063492063492,0.3888888888888889,0.11904761904761904,0.140625,1.0,0.254475
references/R002643.jpg,queries/Q82011.jpg,disc21,1,0.703125,0.5396825396825397,0.4444444444444444,0.16666666666666666,0.625,0.125,0.537657
references/R001729.jpg,queries/Q82046.jpg,disc21,1,0.5625,0.4603174603174603,0.375,0.21428571428571427,0.703125,0.53125,0.820022
references/R002724.jpg,queries/Q82327.jpg,disc21,1,0.203125,0.47619047619047616,0.3472222222222222,0.16666666666666666,0.375,0.296875,0.329219
references/R030780.jpg,queries/Q82331.jpg,disc21,1,0.390625,0.5238095238095238,0.3055555555555556,0.0,0.328125,0.203125,0.275250
references/R001402.jpg,queries/Q82407.jpg,disc21,1,0.375,0.49206349206349204,0.4861111111111111,0.14285714285714285,0.453125,0.109375,0.837853
references/R047216.jpg,queries/Q82477.jpg,disc21,1,0.53125,0.5555555555555556,0.4861111111111111,0.14285714285714285,0.46875,0.15625,1.042863
references/R045317.jpg,queries/Q82621.jpg,disc21,1,0.390625,0.4444444444444444,0.4444444444444444,0.16666666666666666,0.453125,0.234375,0.872843
references/R016425.jpg,queries/Q82628.jpg,disc21,1,0.578125,0.4603174603174603,0.3472222222222222,0.16666666666666666,0.375,0.421875,0.730496
references/R013335.jpg,queries/Q82714.jpg,disc21,1,0.34375,0.4126984126984127,0.3194444444444444,0.16666666666666666,0.171875,0.21875,0.138956
references/R027936.jpg,queries/Q82972.jpg,disc21,1,0.0,0.015873015873015872,0.05555555555555555,0.047619047619047616,0.0625,0.015625,0.043358
references/R002348.jpg,queries/Q83042.jpg,disc21,1,0.15625,0.4126984126984127,0.3611111111111111,0.14285714285714285,0.125,0.3125,0.069150
references/R009193.jpg,queries/Q83097.jpg,disc21,1,0.5,0.42857142857142855,0.5694444444444444,0.16666666666666666,0.46875,0.4375,0.882718
references/R002816.jpg,queries/Q83160.jpg,disc21,1,0.484375,0.4603174603174603,0.4861111111111111,0.23809523809523808,0.546875,0.453125,0.857501
references/R011914.jpg,queries/Q83179.jpg,disc21,1,0.1875,0.23809523809523808,0.1111111111111111,0.047619047619047616,0.28125,0.046875,0.158485
references/R036114.jpg,queries/Q83191.jpg,disc21,1,0.0,0.12698412698412698,0.125,0.07142857142857142,0.109375,1.0,0.719380
references/R024362.jpg,queries/Q83325.jpg,disc21,1,0.25,0.36507936507936506,0.3194444444444444,0.0,0.28125,0.390625,0.096295
references/R011011.jpg,queries/Q83414.jpg,disc21,1,0.421875,0.5714285714285714,0.4305555555555556,0.21428571428571427,0.359375,0.234375,0.649453
references/R020412.jpg,queries/Q83468.jpg,disc21,1,0.515625,0.49206349206349204,0.3333333333333333,0.11904761904761904,0.34375,0.359375,0.232462
references/R026541.jpg,queries/Q83520.jpg,disc21,1,0.296875,0.3333333333333333,0.3472222222222222,0.07142857142857142,0.296875,0.390625,0.150804
references/R027383.jpg,queries/Q83542.jpg,disc21,1,0.390625,0.47619047619047616,0.4583333333333333,0.19047619047619047,0.390625,0.4375,0.933032
references/R042844.jpg,queries/Q83845.jpg,disc21,1,0.3125,0.42857142857142855,0.4305555555555556,0.14285714285714285,0.328125,0.203125,0.806650
references/R030186.jpg,queries/Q83885.jpg,disc21,1,0.453125,0.5555555555555556,0.2916666666666667,0.19047619047619047,0.359375,0.40625,0.796397
references/R032825.jpg,queries/Q84006.jpg,disc21,1,0.265625,0.4444444444444444,0.4722222222222222,0.11904761904761904,0.5,0.5625,0.305701
references/R016974.jpg,queries/Q84073.jpg,disc21,1,0.328125,0.42857142857142855,0.3194444444444444,0.19047619047619047,0.28125,0.5,0.144026
references/R024395.jpg,queries/Q84130.jpg,disc21,1,0.015625,0.031746031746031744,0.09722222222222222,0.23809523809523808,0.15625,0.3125,0.696630
references/R012302.jpg,queries/Q84142.jpg,disc21,1,0.03125,0.15873015873015872,0.25,0.16666666666666666,0.171875,0.46875,0.247704
references/R011038.jpg,queries/Q84207.jpg,disc21,1,0.546875,0.3968253968253968,0.2777777777777778,0.07142857142857142,0.734375,0.34375,0.612456
references/R038376.jpg,queries/Q84379.jpg,disc21,1,0.234375,0.42857142857142855,0.3888888888888889,0.11904761904761904,0.234375,0.25,0.217697
references/R009968.jpg,queries/Q84551.jpg,disc21,1,0.625,0.47619047619047616,0.375,0.2619047619047619,0.5,0.296875,0.845196
references/R014712.jpg,queries/Q84740.jpg,disc21,1,0.0,0.0,0.0,0.11904761904761904,0.015625,0.015625,0.051269
references/R017517.jpg,queries/Q84744.jpg,disc21,1,0.125,0.4444444444444444,0.3194444444444444,0.16666666666666666,0.390625,1.0,0.259512
references/R039340.jpg,queries/Q84750.jpg,disc21,1,0.203125,0.4444444444444444,0.3888888888888889,0.09523809523809523,0.265625,1.0,0.294212
references/R024905.jpg,queries/Q84885.jpg,disc21,1,0.609375,0.5079365079365079,0.4722222222222222,0.14285714285714285,0.53125,1.0,1.041014
references/R039982.jpg,queries/Q84998.jpg,disc21,1,0.4375,0.4603174603174603,0.3333333333333333,0.14285714285714285,0.453125,0.375,0.333391
references/R001702.jpg,queries/Q85001.jpg,disc21,1,0.078125,0.14285714285714285,0.08333333333333333,0.09523809523809523,0.15625,0.1875,0.611907
references/R010133.jpg,queries/Q85006.jpg,disc21,1,0.34375,0.07936507936507936,0.041666666666666664,0.21428571428571427,0.265625,0.546875,0.166574
references/R023243.jpg,queries/Q85040.jpg,disc21,1,0.078125,0.42857142857142855,0.3611111111111111,0.16666666666666666,0.03125,0.1875,0.531136
references/R015100.jpg,queries/Q85387.jpg,disc21,1,0.203125,0.47619047619047616,0.4722222222222222,0.16666666666666666,0.375,0.46875,0.702466
references/R030188.jpg,queries/Q85438.jpg,disc21,1,0.265625,0.19047619047619047,0.18055555555555555,0.11904761904761904,0.265625,1.0,0.095780
references/R006536.jpg,queries/Q85543.jpg,disc21,1,0.53125,0.6349206349206349,0.4444444444444444,0.19047619047619047,0.703125,0.203125,0.937773
references/R013281.jpg,queries/Q85626.jpg,disc21,1,0.28125,0.36507936507936506,0.3888888888888889,0.19047619047619047,0.640625,0.3125,0.986974
references/R005184.jpg,queries/Q85662.jpg,disc21,1,0.46875,0.4126984126984127,0.375,0.09523809523809523,0.578125,1.0,0.610728
references/R030425.jpg,queries/Q85675.jpg,disc21,1,0.03125,0.3333333333333333,0.1388888888888889,0.07142857142857142,0.015625,0.140625,0.042456
references/R036237.jpg,queries/Q85688.jpg,disc21,1,0.265625,0.5079365079365079,0.4027777777777778,0.09523809523809523,0.484375,0.265625,0.776431
references/R009359.jpg,queries/Q85702.jpg,disc21,1,0.546875,0.4603174603174603,0.4722222222222222,0.11904761904761904,0.484375,0.34375,0.197991
references/R027735.jpg,queries/Q85720.jpg,disc21,1,0.453125,0.5238095238095238,0.4305555555555556,0.16666666666666666,0.34375,0.234375,1.015158
references/R043564.jpg,queries/Q86075.jpg,disc21,1,0.5625,0.5396825396825397,0.5138888888888888,0.14285714285714285,0.59375,0.5,0.632049
references/R047522.jpg,queries/Q86192.jpg,disc21,1,0.1875,0.14285714285714285,0.16666666666666666,0.09523809523809523,0.21875,0.140625,0.102828
references/R049482.jpg,queries/Q86200.jpg,disc21,1,0.359375,0.4126984126984127,0.2916666666666667,0.14285714285714285,0.328125,0.25,0.460921
references/R047465.jpg,queries/Q86219.jpg,disc21,1,0.3125,0.1746031746031746,0.19444444444444445,0.14285714285714285,0.21875,0.03125,0.556749
references/R033398.jpg,queries/Q86276.jpg,disc21,1,0.484375,0.4603174603174603,0.4444444444444444,0.11904761904761904,0.46875,0.5,0.617949
references/R009494.jpg,queries/Q86296.jpg,disc21,1,0.0625,0.1111111111111111,0.19444444444444445,0.09523809523809523,0.140625,0.109375,0.742309
references/R015195.jpg,queries/Q86304.jpg,disc21,1,0.453125,0.5396825396825397,0.5416666666666666,0.19047619047619047,0.4375,0.375,0.565872
references/R035029.jpg,queries/Q86376.jpg,disc21,1,0.296875,0.4603174603174603,0.4444444444444444,0.023809523809523808,0.4375,0.078125,0.474595
references/R034929.jpg,queries/Q86400.jpg,disc21,1,0.375,0.4126984126984127,0.3333333333333333,0.09523809523809523,0.4375,0.359375,0.357677
references/R027348.jpg,queries/Q86448.jpg,disc21,1,0.296875,0.3333333333333333,0.19444444444444445,0.19047619047619047,0.21875,0.421875,0.323906
references/R005480.jpg,queries/Q86794.jpg,disc21,1,0.078125,0.4126984126984127,0.2222222222222222,0.14285714285714285,0.15625,1.0,0.238104
references/R015023.jpg,queries/Q86808.jpg,disc21,1,0.828125,0.6190476190476191,0.5277777777777778,0.14285714285714285,0.515625,0.5625,0.833451
references/R012960.jpg,queries/Q86979.jpg,disc21,1,0.53125,0.5079365079365079,0.4166666666666667,0.16666666666666666,0.296875,0.546875,0.949003
references/R029416.jpg,queries/Q87002.jpg,disc21,1,0.234375,0.3492063492063492,0.25,0.14285714285714285,0.40625,0.25,0.196411
references/R037954.jpg,queries/Q87193.jpg,disc21,1,0.296875,0.5238095238095238,0.4166666666666667,0.09523809523809523,0.671875,0.1875,0.627346
references/R028067.jpg,queries/Q87203.jpg,disc21,1,0.46875,0.38095238095238093,0.2916666666666667,0.14285714285714285,0.578125,0.3125,0.594150
references/R010610.jpg,queries/Q87282.jpg,disc21,1,0.328125,0.5714285714285714,0.4583333333333333,0.16666666666666666,0.546875,0.234375,0.961332
references/R021049.jpg,queries/Q87626.jpg,disc21,1,0.34375,0.5238095238095238,0.3472222222222222,0.14285714285714285,0.53125,0.34375,0.210427
references/R006153.jpg,queries/Q87993.jpg,disc21,1,0.609375,0.47619047619047616,0.5138888888888888,0.21428571428571427,0.40625,0.15625,0.923678
references/R014433.jpg,queries/Q88022.jpg,disc21,1,0.671875,0.5873015873015873,0.1111111111111111,0.14285714285714285,0.5,0.140625,0.894539
references/R036538.jpg,queries/Q88084.jpg,disc21,1,0.265625,0.2857142857142857,0.19444444444444445,0.07142857142857142,0.09375,0.015625,0.125807
references/R045622.jpg,queries/Q88099.jpg,disc21,1,0.34375,0.25396825396825395,0.2361111111111111,0.16666666666666666,0.28125,0.359375,0.443382
references/R016842.jpg,queries/Q88150.jpg,disc21,1,0.421875,0.5079365079365079,0.4027777777777778,0.19047619047619047,0.34375,0.484375,0.362048
references/R027327.jpg,queries/Q88179.jpg,disc21,1,0.46875,0.5555555555555556,0.4583333333333333,0.11904761904761904,0.515625,1.0,0.514382
references/R017769.jpg,queries/Q88256.jpg,disc21,1,0.03125,0.07936507936507936,0.1388888888888889,0.14285714285714285,0.09375,1.0,0.429411
references/R005146.jpg,queries/Q88291.jpg,disc21,1,0.109375,0.2857142857142857,0.2222222222222222,0.14285714285714285,0.390625,0.515625,0.126277
references/R001166.jpg,queries/Q88317.jpg,disc21,1,0.359375,0.5873015873015873,0.5972222222222222,0.0,0.390625,0.234375,0.299388
references/R025873.jpg,queries/Q88484.jpg,disc21,1,0.484375,0.4444444444444444,0.3611111111111111,0.16666666666666666,0.265625,0.46875,0.935386
references/R044913.jpg,queries/Q88626.jpg,disc21,1,0.359375,0.31746031746031744,0.2777777777777778,0.14285714285714285,0.078125,0.28125,0.601704
references/R037080.jpg,queries/Q88930.jpg,disc21,1,0.171875,0.2698412698412698,0.4166666666666667,0.21428571428571427,0.1875,0.4375,0.437589
references/R014769.jpg,queries/Q89149.jpg,disc21,1,0.3125,0.5555555555555556,0.4722222222222222,0.14285714285714285,0.5,0.359375,0.503483
references/R038410.jpg,queries/Q89201.jpg,disc21,1,0.046875,0.06349206349206349,0.09722222222222222,0.09523809523809523,0.109375,0.140625,0.166693
references/R023868.jpg,queries/Q89254.jpg,disc21,1,0.546875,0.47619047619047616,0.3333333333333333,0.09523809523809523,0.359375,0.359375,0.811147
references/R010308.jpg,queries/Q89337.jpg,disc21,1,0.234375,0.49206349206349204,0.4305555555555556,0.19047619047619047,0.125,0.171875,0.616562
references/R049395.jpg,queries/Q89419.jpg,disc21,1,0.59375,0.5079365079365079,0.4166666666666667,0.11904761904761904,0.625,0.578125,0.878331
references/R027292.jpg,queries/Q89422.jpg,disc21,1,0.34375,0.49206349206349204,0.375,0.047619047619047616,0.4375,0.078125,0.093430
references/R028563.jpg,queries/Q89432.jpg,disc21,1,0.53125,0.3333333333333333,0.4722222222222222,0.14285714285714285,0.578125,0.40625,0.387540
references/R005760.jpg,queries/Q89494.jpg,disc21,1,0.25,0.14285714285714285,0.20833333333333334,0.047619047619047616,0.125,1.0,0.426575
references/R005179.jpg,queries/Q89689.jpg,disc21,1,0.1875,0.38095238095238093,0.3611111111111111,0.16666666666666666,0.375,0.296875,0.573923
references/R014843.jpg,queries/Q89690.jpg,disc21,1,0.515625,0.4603174603174603,0.4305555555555556,0.19047619047619047,0.515625,0.1875,0.707406
references/R018082.jpg,queries/Q89769.jpg,disc21,1,0.578125,0.5714285714285714,0.6111111111111112,0.16666666666666666,0.375,0.25,0.642917
references/R018428.jpg,queries/Q89934.jpg,disc21,1,0.296875,0.31746031746031744,0.19444444444444445,0.2619047619047619,0.3125,0.1875,0.484365
references/R010999.jpg,queries/Q89945.jpg,disc21,1,0.296875,0.5238095238095238,0.5138888888888888,0.11904761904761904,0.421875,0.1875,0.124966
references/R002824.jpg,queries/Q90145.jpg,disc21,1,0.125,0.31746031746031744,0.2222222222222222,0.30952380952380953,0.25,0.375,0.085505
references/R037163.jpg,queries/Q90402.jpg,disc21,1,0.328125,0.30158730158730157,0.3055555555555556,0.14285714285714285,0.171875,0.390625,0.245942
references/R047261.jpg,queries/Q90458.jpg,disc21,1,0.5625,0.47619047619047616,0.5555555555555556,0.07142857142857142,0.515625,0.1875,0.489408
references/R035173.jpg,queries/Q90472.jpg,disc21,1,0.65625,0.5238095238095238,0.4305555555555556,0.19047619047619047,0.515625,0.390625,0.376504
references/R003715.jpg,queries/Q90555.jpg,disc21,1,0.203125,0.25396825396825395,0.4027777777777778,0.23809523809523808,0.28125,0.40625,0.422137
references/R007410.jpg,queries/Q90620.jpg,disc21,1,0.234375,0.36507936507936506,0.3333333333333333,0.09523809523809523,0.375,0.109375,0.061647
references/R040729.jpg,queries/Q90899.jpg,disc21,1,0.265625,0.4126984126984127,0.3333333333333333,0.14285714285714285,0.3125,0.453125,0.436288
references/R032809.jpg,queries/Q90954.jpg,disc21,1,0.25,0.38095238095238093,0.4722222222222222,0.07142857142857142,0.296875,0.46875,0.546094
references/R030136.jpg,queries/Q90955.jpg,disc21,1,0.34375,0.5238095238095238,0.3333333333333333,0.14285714285714285,0.546875,0.34375,0.518731
references/R047527.jpg,queries/Q90957.jpg,disc21,1,0.0,0.0,0.027777777777777776,0.09523809523809523,0.046875,1.0,0.292015
references/R007056.jpg,queries/Q91045.jpg,disc21,1,0.390625,0.4126984126984127,0.3333333333333333,0.14285714285714285,0.328125,0.203125,0.178649
references/R039407.jpg,queries/Q91093.jpg,disc21,1,0.046875,0.06349206349206349,0.013888888888888888,0.14285714285714285,0.125,0.140625,0.525637
references/R003036.jpg,queries/Q91104.jpg,disc21,1,0.296875,0.3333333333333333,0.3472222222222222,0.16666666666666666,0.515625,0.28125,0.733327
references/R014784.jpg,queries/Q91362.jpg,disc21,1,0.390625,0.4126984126984127,0.4583333333333333,0.21428571428571427,0.359375,0.46875,0.941989
references/R010400.jpg,queries/Q91364.jpg,disc21,1,0.1875,0.3492063492063492,0.3472222222222222,0.19047619047619047,0.484375,0.390625,0.573145
references/R049386.jpg,queries/Q91459.jpg,disc21,1,0.140625,0.4603174603174603,0.4722222222222222,0.19047619047619047,0.640625,0.234375,0.151757
references/R008397.jpg,queries/Q91686.jpg,disc21,1,0.296875,0.2698412698412698,0.3194444444444444,0.16666666666666666,0.359375,0.296875,0.547237
references/R012711.jpg,queries/Q91750.jpg,disc21,1,0.453125,0.47619047619047616,0.5555555555555556,0.14285714285714285,0.4375,0.140625,0.849734
references/R042294.jpg,queries/Q91850.jpg,disc21,1,0.0,0.015873015873015872,0.0,0.0,0.0,0.03125,0.144548
references/R045380.jpg,queries/Q92018.jpg,disc21,1,0.40625,0.36507936507936506,0.2361111111111111,0.16666666666666666,0.53125,0.359375,0.111727
references/R013106.jpg,queries/Q92055.jpg,disc21,1,0.0,0.047619047619047616,0.06944444444444445,0.09523809523809523,0.0,1.0,0.025538
references/R018298.jpg,queries/Q92150.jpg,disc21,1,0.203125,0.5714285714285714,0.5277777777777778,0.11904761904761904,0.15625,0.390625,0.608653
references/R034610.jpg,queries/Q92331.jpg,disc21,1,0.296875,0.25396825396825395,0.2361111111111111,0.07142857142857142,0.171875,0.59375,0.496910
references/R032851.jpg,queries/Q92346.jpg,disc21,1,0.125,0.23809523809523808,0.18055555555555555,0.19047619047619047,0.1875,0.34375,0.157957
references/R032055.jpg,queries/Q92477.jpg,disc21,1,0.0625,0.2222222222222222,0.18055555555555555,0.23809523809523808,0.515625,0.40625,0.150459
references/R026940.jpg,queries/Q92742.jpg,disc21,1,0.546875,0.5238095238095238,0.4444444444444444,0.11904761904761904,0.4375,0.28125,0.894651
references/R000977.jpg,queries/Q92880.jpg,disc21,1,0.0,0.0,0.0,0.0,0.0,0.0,0.000010
references/R029910.jpg,queries/Q92925.jpg,disc21,1,0.265625,0.4126984126984127,0.3333333333333333,0.19047619047619047,0.28125,0.46875,0.534432
references/R045009.jpg,queries/Q92987.jpg,disc21,1,0.3125,0.5238095238095238,0.4444444444444444,0.14285714285714285,0.296875,1.0,0.713254
references/R024491.jpg,queries/Q93201.jpg,disc21,1,0.09375,0.1111111111111111,0.013888888888888888,0.09523809523809523,0.09375,0.234375,0.404218
references/R022720.jpg,queries/Q93301.jpg,disc21,1,0.234375,0.36507936507936506,0.3055555555555556,0.16666666666666666,0.109375,1.0,0.157785
references/R010946.jpg,queries/Q93336.jpg,disc21,1,0.390625,0.5238095238095238,0.3888888888888889,0.07142857142857142,0.546875,0.234375,0.198424
references/R021306.jpg,queries/Q93399.jpg,disc21,1,0.515625,0.6190476190476191,0.3888888888888889,0.047619047619047616,0.1875,0.359375,0.309613
references/R026978.jpg,queries/Q93408.jpg,disc21,1,0.046875,0.1111111111111111,0.05555555555555555,0.14285714285714285,0.1875,0.1875,0.907484
references/R047068.jpg,queries/Q93551.jpg,disc21,1,0.390625,0.31746031746031744,0.3472222222222222,0.11904761904761904,0.359375,0.515625,0.228230
references/R016448.jpg,queries/Q93882.jpg,disc21,1,0.515625,0.49206349206349204,0.5277777777777778,0.047619047619047616,0.453125,0.296875,0.274566
references/R009657.jpg,queries/Q94058.jpg,disc21,1,0.609375,0.5555555555555556,0.4444444444444444,0.19047619047619047,0.40625,0.359375,0.669597
references/R001503.jpg,queries/Q94098.jpg,disc21,1,0.03125,0.031746031746031744,0.041666666666666664,0.14285714285714285,0.203125,0.25,0.644323
references/R044697.jpg,queries/Q94239.jpg,disc21,1,0.25,0.31746031746031744,0.3611111111111111,0.023809523809523808,0.1875,0.28125,0.069569
references/R000932.jpg,queries/Q94263.jpg,disc21,1,0.265625,0.36507936507936506,0.3194444444444444,0.09523809523809523,0.171875,0.359375,0.433278
references/R016666.jpg,queries/Q94353.jpg,disc21,1,0.03125,0.1111111111111111,0.027777777777777776,0.21428571428571427,0.09375,0.09375,0.689878
references/R007269.jpg,queries/Q94517.jpg,disc21,1,0.3125,0.3333333333333333,0.3055555555555556,0.21428571428571427,0.390625,0.390625,0.152843
references/R012771.jpg,queries/Q94565.jpg,disc21,1,0.625,0.5238095238095238,0.5138888888888888,0.16666666666666666,0.71875,0.484375,0.473973
references/R017219.jpg,queries/Q94627.jpg,disc21,1,0.234375,0.25396825396825395,0.18055555555555555,0.14285714285714285,0.25,0.25,0.318185
references/R036442.jpg,queries/Q94732.jpg,disc21,1,0.296875,0.4603174603174603,0.4722222222222222,0.07142857142857142,0.40625,0.171875,0.073766
references/R035160.jpg,queries/Q94916.jpg,disc21,1,0.46875,0.49206349206349204,0.3611111111111111,0.11904761904761904,0.484375,0.1875,0.382344
references/R013525.jpg,queries/Q95006.jpg,disc21,1,0.09375,0.4603174603174603,0.3888888888888889,0.07142857142857142,0.09375,0.046875,0.961060
references/R030566.jpg,queries/Q95117.jpg,disc21,1,0.359375,0.2698412698412698,0.2638888888888889,0.19047619047619047,0.109375,0.28125,0.214230
references/R016271.jpg,queries/Q95274.jpg,disc21,1,0.09375,0.25396825396825395,0.06944444444444445,0.0,0.0625,0.015625,0.061501
references/R039884.jpg,queries/Q95290.jpg,disc21,1,0.34375,0.4603174603174603,0.18055555555555555,0.23809523809523808,0.171875,0.171875,0.173314
references/R015732.jpg,queries/Q95601.jpg,disc21,1,0.015625,0.06349206349206349,0.06944444444444445,0.14285714285714285,0.0625,0.296875,0.215375
references/R013307.jpg,queries/Q95607.jpg,disc21,1,0.515625,0.49206349206349204,0.5138888888888888,0.23809523809523808,0.34375,0.515625,1.098688
references/R014309.jpg,queries/Q95639.jpg,disc21,1,0.390625,0.47619047619047616,0.3888888888888889,0.21428571428571427,0.203125,0.59375,0.572941
references/R021760.jpg,queries/Q95765.jpg,disc21,1,0.390625,0.2857142857142857,0.25,0.07142857142857142,0.078125,0.140625,0.034765
references/R039225.jpg,queries/Q95768.jpg,disc21,1,0.109375,0.36507936507936506,0.2361111111111111,0.16666666666666666,0.203125,0.15625,0.163331
references/R006172.jpg,queries/Q95798.jpg,disc21,1,0.359375,0.5714285714285714,0.4027777777777778,0.09523809523809523,0.4375,0.078125,0.149961
references/R013196.jpg,queries/Q95881.jpg,disc21,1,0.25,0.4603174603174603,0.4027777777777778,0.16666666666666666,0.40625,0.234375,0.060282
references/R027436.jpg,queries/Q95903.jpg,disc21,1,0.46875,0.49206349206349204,0.5138888888888888,0.2619047619047619,0.390625,0.28125,0.470738
references/R025075.jpg,queries/Q96220.jpg,disc21,1,0.25,0.2222222222222222,0.16666666666666666,0.14285714285714285,0.078125,0.171875,0.138303
references/R028806.jpg,queries/Q96342.jpg,disc21,1,0.359375,0.5079365079365079,0.3611111111111111,0.14285714285714285,0.46875,0.171875,1.061531
references/R032592.jpg,queries/Q96392.jpg,disc21,1,0.03125,0.09523809523809523,0.19444444444444445,0.14285714285714285,0.046875,0.140625,0.534487
references/R017157.jpg,queries/Q96407.jpg,disc21,1,0.234375,0.36507936507936506,0.25,0.09523809523809523,0.28125,0.296875,0.491380
references/R048695.jpg,queries/Q96439.jpg,disc21,1,0.171875,0.47619047619047616,0.4583333333333333,0.14285714285714285,0.328125,0.3125,0.971943
references/R045988.jpg,queries/Q96535.jpg,disc21,1,0.25,0.49206349206349204,0.4444444444444444,0.14285714285714285,0.5625,0.4375,0.951856
references/R021705.jpg,queries/Q96598.jpg,disc21,1,0.328125,0.49206349206349204,0.4861111111111111,0.09523809523809523,0.5625,0.09375,0.977457
references/R049722.jpg,queries/Q96866.jpg,disc21,1,0.390625,0.47619047619047616,0.5555555555555556,0.11904761904761904,0.65625,1.0,0.127031
references/R023510.jpg,queries/Q96891.jpg,disc21,1,0.609375,0.5079365079365079,0.4861111111111111,0.16666666666666666,0.53125,0.46875,0.959881
references/R013834.jpg,queries/Q96950.jpg,disc21,1,0.078125,0.1746031746031746,0.08333333333333333,0.23809523809523808,0.109375,0.328125,0.101049
references/R027441.jpg,queries/Q97107.jpg,disc21,1,0.140625,0.3492063492063492,0.3333333333333333,0.07142857142857142,0.703125,0.1875,0.484197
references/R000736.jpg,queries/Q97395.jpg,disc21,1,0.609375,0.5238095238095238,0.4444444444444444,0.11904761904761904,0.484375,0.5625,1.089662
references/R014378.jpg,queries/Q97440.jpg,disc21,1,0.5,0.49206349206349204,0.4583333333333333,0.16666666666666666,0.484375,0.171875,0.912151
references/R014106.jpg,queries/Q97804.jpg,disc21,1,0.390625,0.31746031746031744,0.3055555555555556,0.21428571428571427,0.4375,0.140625,0.833932
references/R017684.jpg,queries/Q97882.jpg,disc21,1,0.140625,0.19047619047619047,0.2361111111111111,0.21428571428571427,0.25,0.359375,0.279860
references/R048805.jpg,queries/Q97997.jpg,disc21,1,0.03125,0.12698412698412698,0.041666666666666664,0.19047619047619047,0.046875,0.171875,0.562821
references/R046171.jpg,queries/Q98047.jpg,disc21,1,0.171875,0.4603174603174603,0.375,0.19047619047619047,0.515625,0.5,0.853364
references/R045322.jpg,queries/Q98126.jpg,disc21,1,0.125,0.1746031746031746,0.1388888888888889,0.11904761904761904,0.453125,0.125,0.135923
references/R031739.jpg,queries/Q98498.jpg,disc21,1,0.515625,0.5238095238095238,0.4722222222222222,0.16666666666666666,0.5625,0.203125,0.718179
references/R001561.jpg,queries/Q98513.jpg,disc21,1,0.265625,0.36507936507936506,0.3472222222222222,0.21428571428571427,0.15625,0.40625,0.723883
references/R008875.jpg,queries/Q98663.jpg,disc21,1,0.453125,0.4603174603174603,0.5277777777777778,0.19047619047619047,0.609375,0.34375,0.672331
references/R031599.jpg,queries/Q98796.jpg,disc21,1,0.0625,0.15873015873015872,0.05555555555555555,0.21428571428571427,0.125,0.28125,0.096696
references/R046821.jpg,queries/Q98829.jpg,disc21,1,0.34375,0.4603174603174603,0.3888888888888889,0.16666666666666666,0.375,0.265625,0.628567
references/R031795.jpg,queries/Q98835.jpg,disc21,1,0.125,0.2222222222222222,0.2777777777777778,0.09523809523809523,0.15625,0.34375,0.106354
references/R032133.jpg,queries/Q98934.jpg,disc21,1,0.03125,0.07936507936507936,0.041666666666666664,0.2619047619047619,0.21875,0.296875,0.172059
references/R011919.jpg,queries/Q98989.jpg,disc21,1,0.046875,0.06349206349206349,0.06944444444444445,0.21428571428571427,0.046875,0.578125,0.093259
references/R043209.jpg,queries/Q99185.jpg,disc21,1,0.296875,0.3333333333333333,0.20833333333333334,0.11904761904761904,0.578125,1.0,0.789028
references/R019363.jpg,queries/Q99215.jpg,disc21,1,0.015625,0.0,0.013888888888888888,0.14285714285714285,0.0,1.0,0.202757
references/R020619.jpg,queries/Q99234.jpg,disc21,1,0.046875,0.015873015873015872,0.05555555555555555,0.21428571428571427,0.09375,0.3125,0.107229
references/R007870.jpg,queries/Q99309.jpg,disc21,1,0.265625,0.6190476190476191,0.375,0.047619047619047616,0.375,0.234375,0.137027
references/R001559.jpg,queries/Q99313.jpg,disc21,1,0.140625,0.3492063492063492,0.19444444444444445,0.14285714285714285,0.140625,0.40625,0.622465
references/R015591.jpg,queries/Q99375.jpg,disc21,1,0.40625,0.5396825396825397,0.3055555555555556,0.14285714285714285,0.421875,0.171875,0.713143
references/R031020.jpg,queries/Q99396.jpg,disc21,1,0.046875,0.06349206349206349,0.027777777777777776,0.11904761904761904,0.125,0.09375,0.533751
references/R007047.jpg,queries/Q99507.jpg,disc21,1,0.328125,0.2222222222222222,0.3194444444444444,0.11904761904761904,0.203125,0.25,0.264728
references/R030731.jpg,queries/Q99525.jpg,disc21,1,0.1875,0.2222222222222222,0.2361111111111111,0.21428571428571427,0.25,0.1875,0.717119
references/R043554.jpg,queries/Q99538.jpg,disc21,1,0.046875,0.31746031746031744,0.4305555555555556,0.09523809523809523,0.015625,0.21875,0.474579
references/R034725.jpg,queries/Q99763.jpg,disc21,1,0.578125,0.5555555555555556,0.4722222222222222,0.11904761904761904,0.625,0.3125,0.922939
references/R044043.jpg,queries/Q99915.jpg,disc21,1,0.390625,0.47619047619047616,0.3472222222222222,0.14285714285714285,0.390625,0.078125,1.103999
references/R017071.jpg,queries/Q99999.jpg,disc21,1,0.265625,0.4126984126984127,0.3333333333333333,0.19047619047619047,0.171875,0.453125,0.560726
references/R038409.jpg,queries/Q67030.jpg,disc21_neg,0,0.765625,0.47619047619047616,0.5277777777777778,0.14285714285714285,0.59375,0.359375,0.972706
references/R038409.jpg,queries/Q84885.jpg,disc21_neg,0,0.34375,0.5079365079365079,0.4444444444444444,0.14285714285714285,0.453125,0.265625,0.984264
references/R038409.jpg,queries/Q36892.jpg,disc21_neg,0,0.640625,0.6666666666666666,0.4444444444444444,0.14285714285714285,0.65625,0.171875,0.993293
references/R038409.jpg,queries/Q26526.jpg,disc21_neg,0,0.59375,0.42857142857142855,0.4861111111111111,0.07142857142857142,0.5,1.0,0.908647
references/R038409.jpg,queries/Q40830.jpg,disc21_neg,0,0.671875,0.4603174603174603,0.5416666666666666,0.09523809523809523,0.640625,0.34375,1.004273
references/R038409.jpg,queries/Q36557.jpg,disc21_neg,0,0.328125,0.6031746031746031,0.4027777777777778,0.16666666666666666,0.53125,0.4375,0.971866
references/R038409.jpg,queries/Q01150.jpg,disc21_neg,0,0.53125,0.5238095238095238,0.5,0.11904761904761904,0.515625,0.171875,1.132091
references/R038409.jpg,queries/Q30051.jpg,disc21_neg,0,0.515625,0.5555555555555556,0.4722222222222222,0.16666666666666666,0.53125,0.25,0.967462
references/R038409.jpg,queries/Q89254.jpg,disc21_neg,0,0.296875,0.5079365079365079,0.4305555555555556,0.14285714285714285,0.546875,0.21875,1.006848
references/R038409.jpg,queries/Q30024.jpg,disc21_neg,0,0.71875,0.5238095238095238,0.5,0.14285714285714285,0.703125,0.15625,0.975993
references/R038409.jpg,queries/Q39796.jpg,disc21_neg,0,0.734375,0.6190476190476191,0.4305555555555556,0.09523809523809523,0.609375,0.3125,0.988707
references/R038409.jpg,queries/Q88484.jpg,disc21_neg,0,0.6875,0.49206349206349204,0.4722222222222222,0.21428571428571427,0.703125,0.28125,1.027101
references/R038409.jpg,queries/Q23329.jpg,disc21_neg,0,0.890625,0.5079365079365079,0.6111111111111112,0.16666666666666666,0.671875,0.484375,0.923485
references/R038409.jpg,queries/Q67398.jpg,disc21_neg,0,0.546875,0.4603174603174603,0.3194444444444444,0.14285714285714285,0.53125,0.15625,0.990902
references/R038409.jpg,queries/Q66242.jpg,disc21_neg,0,0.53125,0.49206349206349204,0.5833333333333334,0.09523809523809523,0.484375,0.046875,1.020507
references/R038409.jpg,queries/Q07380.jpg,disc21_neg,0,0.671875,0.42857142857142855,0.4027777777777778,0.07142857142857142,0.5625,1.0,1.031255
references/R038409.jpg,queries/Q18595.jpg,disc21_neg,0,0.734375,0.5714285714285714,0.5,0.16666666666666666,0.6875,0.25,0.899139
references/R038409.jpg,queries/Q82011.jpg,disc21_neg,0,0.5625,0.5238095238095238,0.5277777777777778,0.19047619047619047,0.59375,0.25,1.019799
references/R038409.jpg,queries/Q49347.jpg,disc21_neg,0,0.59375,0.4444444444444444,0.5833333333333334,0.16666666666666666,0.515625,0.234375,0.925938
references/R038409.jpg,queries/Q11515.jpg,disc21_neg,0,0.828125,0.47619047619047616,0.5138888888888888,0.14285714285714285,0.71875,0.40625,0.886053
references/R038409.jpg,queries/Q10915.jpg,disc21_neg,0,0.265625,0.47619047619047616,0.5138888888888888,0.11904761904761904,0.328125,0.1875,0.982995
references/R038409.jpg,queries/Q57592.jpg,disc21_neg,0,0.5625,0.5396825396825397,0.5694444444444444,0.21428571428571427,0.578125,0.390625,1.046609
references/R038409.jpg,queries/Q42027.jpg,disc21_neg,0,0.59375,0.5555555555555556,0.4305555555555556,0.23809523809523808,0.5625,0.25,0.993386
references/R038409.jpg,queries/Q92150.jpg,disc21_neg,0,0.140625,0.4603174603174603,0.4027777777777778,0.09523809523809523,0.28125,0.328125,1.014747
references/R038409.jpg,queries/Q50469.jpg,disc21_neg,0,0.59375,0.6349206349206349,0.4722222222222222,0.11904761904761904,0.5,1.0,0.968329
references/R038409.jpg,queries/Q11117.jpg,disc21_neg,0,0.515625,0.47619047619047616,0.3888888888888889,0.07142857142857142,0.515625,0.46875,0.880229
references/R038409.jpg,queries/Q50699.jpg,disc21_neg,0,0.59375,0.4126984126984127,0.4305555555555556,0.14285714285714285,0.375,0.15625,0.940033
references/R038409.jpg,queries/Q84744.jpg,disc21_neg,0,0.375,0.5714285714285714,0.4305555555555556,0.11904761904761904,0.515625,1.0,0.919496
references/R038409.jpg,queries/Q07437.jpg,disc21_neg,0,0.578125,0.47619047619047616,0.4305555555555556,0.11904761904761904,0.734375,0.1875,0.894026
references/R038409.jpg,queries/Q77905.jpg,disc21_neg,0,0.59375,0.4444444444444444,0.4583333333333333,0.0,0.734375,0.140625,0.986707
references/R038409.jpg,queries/Q41089.jpg,disc21_neg,0,0.703125,0.47619047619047616,0.4722222222222222,0.16666666666666666,0.6875,0.21875,0.998182
references/R038409.jpg,queries/Q21828.jpg,disc21_neg,0,0.21875,0.42857142857142855,0.4166666666666667,0.14285714285714285,0.265625,0.1875,0.944894
references/R038409.jpg,queries/Q27806.jpg,disc21_neg,0,0.640625,0.5555555555555556,0.3888888888888889,0.047619047619047616,0.625,0.203125,0.851685
references/R038409.jpg,queries/Q55791.jpg,disc21_neg,0,0.671875,0.5396825396825397,0.5833333333333334,0.14285714285714285,0.640625,0.3125,0.925773
references/R038409.jpg,queries/Q00911.jpg,disc21_neg,0,0.609375,0.49206349206349204,0.5555555555555556,0.11904761904761904,0.578125,0.21875,1.012642
references/R038409.jpg,queries/Q02672.jpg,disc21_neg,0,0.703125,0.5079365079365079,0.375,0.19047619047619047,0.625,0.234375,0.932321
references/R038409.jpg,queries/Q96220.jpg,disc21_neg,0,0.53125,0.5079365079365079,0.4722222222222222,0.07142857142857142,0.390625,0.234375,0.911074
references/R038409.jpg,queries/Q46154.jpg,disc21_neg,0,0.578125,0.5714285714285714,0.5277777777777778,0.19047619047619047,0.390625,0.15625,0.943137
references/R038409.jpg,queries/Q17716.jpg,disc21_neg,0,0.796875,0.5396825396825397,0.5,0.047619047619047616,0.625,0.390625,1.059494
references/R038409.jpg,queries/Q52629.jpg,disc21_neg,0,0.40625,0.42857142857142855,0.4583333333333333,0.14285714285714285,0.53125,0.40625,0.913509
references/R038409.jpg,queries/Q84750.jpg,disc21_neg,0,0.609375,0.4444444444444444,0.3611111111111111,0.07142857142857142,0.484375,1.0,0.817978
references/R038409.jpg,queries/Q95006.jpg,disc21_neg,0,0.84375,0.47619047619047616,0.5,0.14285714285714285,0.78125,0.171875,0.990246
references/R038409.jpg,queries/Q00846.jpg,disc21_neg,0,0.46875,0.5079365079365079,0.4583333333333333,0.09523809523809523,0.484375,0.234375,1.025066
references/R038409.jpg,queries/Q00061.jpg,disc21_neg,0,0.5625,0.5079365079365079,0.4583333333333333,0.11904761904761904,0.640625,1.0,1.010352
references/R038409.jpg,queries/Q64224.jpg,disc21_neg,0,0.53125,0.4603174603174603,0.5,0.09523809523809523,0.453125,0.171875,0.952863
references/R038409.jpg,queries/Q26182.jpg,disc21_neg,0,0.515625,0.5396825396825397,0.4027777777777778,0.11904761904761904,0.609375,0.328125,0.971048
references/R038409.jpg,queries/Q25280.jpg,disc21_neg,0,0.421875,0.5238095238095238,0.4305555555555556,0.11904761904761904,0.53125,0.1875,0.949571
references/R038409.jpg,queries/Q27561.jpg,disc21_neg,0,0.671875,0.4603174603174603,0.4305555555555556,0.07142857142857142,0.640625,0.28125,0.893756
references/R038409.jpg,queries/Q94627.jpg,disc21_neg,0,0.65625,0.4126984126984127,0.3888888888888889,0.14285714285714285,0.578125,0.25,0.935545
references/R038409.jpg,queries/Q34312.jpg,disc21_neg,0,0.203125,0.5079365079365079,0.4305555555555556,0.0,0.5,0.203125,0.983275
references/R038409.jpg,queries/Q60056.jpg,disc21_neg,0,0.46875,0.5396825396825397,0.4444444444444444,0.19047619047619047,0.484375,0.140625,0.887179
references/R038409.jpg,queries/Q73010.jpg,disc21_neg,0,0.609375,0.47619047619047616,0.4722222222222222,0.23809523809523808,0.4375,0.34375,0.991718
references/R038409.jpg,queries/Q53816.jpg,disc21_neg,0,0.5625,0.38095238095238093,0.4305555555555556,0.19047619047619047,0.578125,0.25,1.021758
references/R038409.jpg,queries/Q74979.jpg,disc21_neg,0,0.703125,0.6190476190476191,0.4861111111111111,0.11904761904761904,0.75,0.21875,1.032415
references/R038409.jpg,queries/Q25250.jpg,disc21_neg,0,0.703125,0.5714285714285714,0.5555555555555556,0.11904761904761904,0.65625,0.375,0.942920
references/R038409.jpg,queries/Q84379.jpg,disc21_neg,0,0.625,0.47619047619047616,0.5138888888888888,0.11904761904761904,0.453125,0.140625,0.985450
references/R038409.jpg,queries/Q24252.jpg,disc21_neg,0,0.53125,0.49206349206349204,0.4861111111111111,0.21428571428571427,0.53125,0.375,0.936055
references/R038409.jpg,queries/Q79901.jpg,disc21_neg,0,0.90625,0.6031746031746031,0.5416666666666666,0.11904761904761904,0.734375,0.359375,0.873509
references/R038409.jpg,queries/Q59863.jpg,disc21_neg,0,0.703125,0.5555555555555556,0.4027777777777778,0.14285714285714285,0.609375,0.5,0.956813
references/R038409.jpg,queries/Q67997.jpg,disc21_neg,0,0.796875,0.4444444444444444,0.4166666666666667,0.09523809523809523,0.578125,0.1875,0.924109
references/R038409.jpg,queries/Q16593.jpg,disc21_neg,0,0.375,0.49206349206349204,0.5416666666666666,0.19047619047619047,0.34375,0.15625,1.016203
references/R038409.jpg,queries/Q93336.jpg,disc21_neg,0,0.609375,0.5873015873015873,0.4166666666666667,0.14285714285714285,0.40625,0.15625,1.012634
references/R038409.jpg,queries/Q38946.jpg,disc21_neg,0,0.625,0.42857142857142855,0.4722222222222222,0.07142857142857142,0.546875,1.0,0.980913
references/R038409.jpg,queries/Q53627.jpg,disc21_neg,0,0.65625,0.42857142857142855,0.5416666666666666,0.14285714285714285,0.453125,0.21875,0.908913
references/R038409.jpg,queries/Q08571.jpg,disc21_neg,0,0.671875,0.5079365079365079,0.4027777777777778,0.19047619047619047,0.484375,0.15625,0.919055
references/R038409.jpg,queries/Q06257.jpg,disc21_neg,0,0.875,0.49206349206349204,0.4027777777777778,0.16666666666666666,0.609375,0.296875,0.866781
references/R038409.jpg,queries/Q77450.jpg,disc21_neg,0,0.40625,0.5873015873015873,0.4861111111111111,0.2619047619047619,0.515625,0.21875,1.013292
references/R038409.jpg,queries/Q13238.jpg,disc21_neg,0,0.609375,0.5238095238095238,0.5277777777777778,0.07142857142857142,0.46875,1.0,1.049864
references/R038409.jpg,queries/Q57364.jpg,disc21_neg,0,0.796875,0.4444444444444444,0.4166666666666667,0.19047619047619047,0.71875,0.390625,0.926522
references/R038409.jpg,queries/Q08299.jpg,disc21_neg,0,0.328125,0.5396825396825397,0.3611111111111111,0.0,0.453125,0.140625,1.046546
references/R038409.jpg,queries/Q74137.jpg,disc21_neg,0,0.734375,0.42857142857142855,0.3472222222222222,0.09523809523809523,0.53125,0.140625,1.051203
references/R038409.jpg,queries/Q98047.jpg,disc21_neg,0,0.765625,0.42857142857142855,0.4305555555555556,0.16666666666666666,0.5,0.25,0.972436
references/R038409.jpg,queries/Q08488.jpg,disc21_neg,0,0.390625,0.4603174603174603,0.3333333333333333,0.16666666666666666,0.421875,0.296875,1.055722
references/R038409.jpg,queries/Q66746.jpg,disc21_neg,0,0.34375,0.3492063492063492,0.4722222222222222,0.19047619047619047,0.28125,0.296875,1.078100
references/R038409.jpg,queries/Q33725.jpg,disc21_neg,0,0.71875,0.5238095238095238,0.4166666666666667,0.19047619047619047,0.53125,0.234375,1.053980
references/R038409.jpg,queries/Q20541.jpg,disc21_neg,0,0.640625,0.4603174603174603,0.4722222222222222,0.023809523809523808,0.40625,0.171875,0.973497
references/R038409.jpg,queries/Q37220.jpg,disc21_neg,0,0.515625,0.5238095238095238,0.5277777777777778,0.09523809523809523,0.40625,0.21875,0.965826
references/R038409.jpg,queries/Q25247.jpg,disc21_neg,0,0.875,0.5714285714285714,0.5277777777777778,0.19047619047619047,0.546875,0.203125,0.801401
references/R038409.jpg,queries/Q67490.jpg,disc21_neg,0,0.609375,0.4444444444444444,0.4583333333333333,0.21428571428571427,0.5625,0.109375,1.099604
references/R038409.jpg,queries/Q94565.jpg,disc21_neg,0,0.3125,0.5396825396825397,0.4166666666666667,0.14285714285714285,0.4375,0.203125,0.924226
references/R038409.jpg,queries/Q01663.jpg,disc21_neg,0,0.828125,0.5396825396825397,0.5694444444444444,0.07142857142857142,0.75,0.265625,1.017392
references/R038409.jpg,queries/Q51760.jpg,disc21_neg,0,0.5,0.5079365079365079,0.5416666666666666,0.11904761904761904,0.5625,0.15625,0.993232
references/R038409.jpg,queries/Q21413.jpg,disc21_neg,0,0.875,0.5238095238095238,0.5416666666666666,0.11904761904761904,0.765625,0.203125,0.908561
references/R038409.jpg,queries/Q33767.jpg,disc21_neg,0,0.375,0.5079365079365079,0.3472222222222222,0.11904761904761904,0.390625,1.0,0.965459
references/R038409.jpg,queries/Q18015.jpg,disc21_neg,0,0.46875,0.5555555555555556,0.4305555555555556,0.21428571428571427,0.546875,0.140625,0.902699
references/R038409.jpg,queries/Q72844.jpg,disc21_neg,0,0.546875,0.5079365079365079,0.4722222222222222,0.19047619047619047,0.484375,0.28125,1.013117
references/R038409.jpg,queries/Q71838.jpg,disc21_neg,0,0.359375,0.5079365079365079,0.3472222222222222,0.19047619047619047,0.328125,0.59375,0.907361
references/R038409.jpg,queries/Q98498.jpg,disc21_neg,0,0.671875,0.5873015873015873,0.5,0.07142857142857142,0.65625,0.171875,1.050779
references/R038409.jpg,queries/Q92987.jpg,disc21_neg,0,0.53125,0.5714285714285714,0.5,0.21428571428571427,0.65625,0.1875,1.020136
references/R038409.jpg,queries/Q17281.jpg,disc21_neg,0,0.515625,0.4126984126984127,0.5416666666666666,0.023809523809523808,0.390625,0.15625,0.931291
references/R038409.jpg,queries/Q62940.jpg,disc21_neg,0,0.578125,0.49206349206349204,0.4861111111111111,0.23809523809523808,0.703125,0.15625,1.073868
references/R038409.jpg,queries/Q51427.jpg,disc21_neg,0,0.421875,0.3492063492063492,0.4583333333333333,0.09523809523809523,0.546875,0.234375,1.004560
references/R038409.jpg,queries/Q32134.jpg,disc21_neg,0,0.53125,0.5714285714285714,0.375,0.11904761904761904,0.53125,0.109375,0.908966
references/R038409.jpg,queries/Q86448.jpg,disc21_neg,0,0.421875,0.4444444444444444,0.4027777777777778,0.23809523809523808,0.484375,0.40625,0.949304
references/R038409.jpg,queries/Q00906.jpg,disc21_neg,0,0.640625,0.4603174603174603,0.5277777777777778,0.21428571428571427,0.578125,0.234375,0.989976
references/R038409.jpg,queries/Q14352.jpg,disc21_neg,0,0.625,0.49206349206349204,0.4305555555555556,0.11904761904761904,0.671875,0.265625,0.969780
references/R038409.jpg,queries/Q01549.jpg,disc21_neg,0,0.5625,0.5714285714285714,0.3472222222222222,0.14285714285714285,0.34375,0.28125,0.973050
references/R038409.jpg,queries/Q27556.jpg,disc21_neg,0,0.703125,0.5396825396825397,0.5138888888888888,0.09523809523809523,0.640625,0.171875,1.009825
references/R038409.jpg,queries/Q70277.jpg,disc21_neg,0,0.40625,0.47619047619047616,0.3472222222222222,0.047619047619047616,0.453125,0.3125,0.998218
references/R038409.jpg,queries/Q63524.jpg,disc21_neg,0,0.515625,0.49206349206349204,0.4444444444444444,0.09523809523809523,0.5,0.34375,0.936266
references/R038409.jpg,queries/Q70676.jpg,disc21_neg,0,0.5,0.42857142857142855,0.3611111111111111,0.21428571428571427,0.625,0.140625,0.917585
references/R038409.jpg,queries/Q49293.jpg,disc21_neg,0,0.59375,0.5396825396825397,0.375,0.11904761904761904,0.625,0.171875,0.825005
references/R038409.jpg,queries/Q79339.jpg,disc21_neg,0,0.796875,0.6031746031746031,0.4305555555555556,0.21428571428571427,0.546875,0.390625,1.047085
references/R038409.jpg,queries/Q91364.jpg,disc21_neg,0,0.734375,0.6190476190476191,0.4722222222222222,0.16666666666666666,0.609375,0.390625,0.986647
references/R038409.jpg,queries/Q63010.jpg,disc21_neg,0,0.59375,0.5714285714285714,0.5138888888888888,0.047619047619047616,0.421875,0.140625,0.977110
references/R038409.jpg,queries/Q56465.jpg,disc21_neg,0,0.53125,0.5079365079365079,0.4583333333333333,0.21428571428571427,0.546875,0.109375,0.901160
references/R038409.jpg,queries/Q16646.jpg,disc21_neg,0,0.5625,0.47619047619047616,0.4444444444444444,0.21428571428571427,0.546875,0.21875,0.847965
references/R038409.jpg,queries/Q05634.jpg,disc21_neg,0,0.796875,0.36507936507936506,0.2916666666666667,0.14285714285714285,0.4375,0.140625,0.952153
references/R038409.jpg,queries/Q34542.jpg,disc21_neg,0,0.578125,0.4444444444444444,0.4444444444444444,0.14285714285714285,0.484375,0.265625,0.939633
references/R038409.jpg,queries/Q24034.jpg,disc21_neg,0,0.8125,0.6349206349206349,0.4861111111111111,0.07142857142857142,0.5625,1.0,0.966644
references/R038409.jpg,queries/Q51579.jpg,disc21_neg,0,0.75,0.5238095238095238,0.3611111111111111,0.09523809523809523,0.5625,0.4375,1.023706
references/R038409.jpg,queries/Q80272.jpg,disc21_neg,0,0.59375,0.4603174603174603,0.4027777777777778,0.19047619047619047,0.484375,0.328125,0.956838
references/R038409.jpg,queries/Q62913.jpg,disc21_neg,0,0.578125,0.4603174603174603,0.4861111111111111,0.16666666666666666,0.484375,0.265625,1.018034
references/R038409.jpg,queries/Q09037.jpg,disc21_neg,0,0.6875,0.4603174603174603,0.4722222222222222,0.07142857142857142,0.734375,0.25,0.879441
references/R038409.jpg,queries/Q21274.jpg,disc21_neg,0,0.421875,0.38095238095238093,0.4583333333333333,0.07142857142857142,0.34375,0.171875,1.076779
references/R038409.jpg,queries/Q99999.jpg,disc21_neg,0,0.546875,0.6031746031746031,0.4861111111111111,0.16666666666666666,0.578125,0.28125,0.979015
references/R038409.jpg,queries/Q08950.jpg,disc21_neg,0,0.265625,0.38095238095238093,0.5277777777777778,0.21428571428571427,0.34375,0.25,1.017603
references/R038409.jpg,queries/Q72783.jpg,disc21_neg,0,0.4375,0.5396825396825397,0.5694444444444444,0.14285714285714285,0.6875,0.328125,0.953338
references/R038409.jpg,queries/Q59904.jpg,disc21_neg,0,0.59375,0.4603174603174603,0.3888888888888889,0.11904761904761904,0.484375,1.0,0.973739
references/R038409.jpg,queries/Q06253.jpg,disc21_neg,0,0.25,0.5396825396825397,0.4722222222222222,0.09523809523809523,0.25,0.28125,1.013837
references/R038409.jpg,queries/Q31515.jpg,disc21_neg,0,0.5,0.4126984126984127,0.4305555555555556,0.14285714285714285,0.5625,0.171875,0.933885
references/R038409.jpg,queries/Q81804.jpg,disc21_neg,0,0.4375,0.5238095238095238,0.4166666666666667,0.07142857142857142,0.40625,1.0,1.040953
references/R038409.jpg,queries/Q14809.jpg,disc21_neg,0,0.546875,0.47619047619047616,0.4444444444444444,0.09523809523809523,0.734375,0.484375,0.915871
references/R038409.jpg,queries/Q94263.jpg,disc21_neg,0,0.703125,0.4603174603174603,0.3333333333333333,0.21428571428571427,0.734375,0.421875,0.882432
references/R038409.jpg,queries/Q11941.jpg,disc21_neg,0,0.515625,0.5238095238095238,0.625,0.16666666666666666,0.484375,0.21875,1.050512
references/R038409.jpg,queries/Q15647.jpg,disc21_neg,0,0.78125,0.49206349206349204,0.4305555555555556,0.07142857142857142,0.828125,1.0,0.936334
references/R038409.jpg,queries/Q63579.jpg,disc21_neg,0,0.65625,0.47619047619047616,0.4166666666666667,0.16666666666666666,0.578125,0.359375,0.993813
references/R038409.jpg,queries/Q27858.jpg,disc21_neg,0,0.453125,0.47619047619047616,0.4444444444444444,0.11904761904761904,0.375,0.265625,0.929624
references/R038409.jpg,queries/Q05881.jpg,disc21_neg,0,0.375,0.5396825396825397,0.5972222222222222,0.11904761904761904,0.5,0.25,0.987381
references/R038409.jpg,queries/Q66772.jpg,disc21_neg,0,0.25,0.42857142857142855,0.3611111111111111,0.16666666666666666,0.3125,0.484375,0.982450
references/R038409.jpg,queries/Q09005.jpg,disc21_neg,0,0.828125,0.5555555555555556,0.4027777777777778,0.11904761904761904,0.515625,0.25,1.014981
references/R038409.jpg,queries/Q01144.jpg,disc21_neg,0,0.65625,0.5396825396825397,0.3888888888888889,0.19047619047619047,0.71875,0.3125,0.936518
references/R038409.jpg,queries/Q44380.jpg,disc21_neg,0,0.3125,0.5079365079365079,0.375,0.11904761904761904,0.484375,1.0,0.890366
references/R038409.jpg,queries/Q04079.jpg,disc21_neg,0,0.59375,0.4603174603174603,0.4861111111111111,0.023809523809523808,0.515625,0.21875,1.013864
references/R038409.jpg,queries/Q16138.jpg,disc21_neg,0,0.765625,0.5238095238095238,0.3888888888888889,0.19047619047619047,0.75,0.25,0.899886
references/R038409.jpg,queries/Q62009.jpg,disc21_neg,0,0.3125,0.5873015873015873,0.5138888888888888,0.16666666666666666,0.421875,0.109375,1.050755
references/R038409.jpg,queries/Q51613.jpg,disc21_neg,0,0.546875,0.31746031746031744,0.4166666666666667,0.11904761904761904,0.578125,0.1875,1.131801
references/R038409.jpg,queries/Q58444.jpg,disc21_neg,0,0.3125,0.5238095238095238,0.3611111111111111,0.11904761904761904,0.5625,0.21875,0.886564
references/R038409.jpg,queries/Q14732.jpg,disc21_neg,0,0.21875,0.4603174603174603,0.3194444444444444,0.16666666666666666,0.234375,0.125,0.907429
references/R038409.jpg,queries/Q17943.jpg,disc21_neg,0,0.75,0.5079365079365079,0.375,0.14285714285714285,0.5,0.203125,1.052529
references/R038409.jpg,queries/Q30514.jpg,disc21_neg,0,0.6875,0.5555555555555556,0.4722222222222222,0.16666666666666666,0.640625,0.140625,0.976483
references/R038409.jpg,queries/Q87282.jpg,disc21_neg,0,0.328125,0.49206349206349204,0.4861111111111111,0.19047619047619047,0.375,0.015625,0.959786
references/R038409.jpg,queries/Q58922.jpg,disc21_neg,0,0.328125,0.47619047619047616,0.4166666666666667,0.11904761904761904,0.375,0.375,1.051052
references/R038409.jpg,queries/Q35466.jpg,disc21_neg,0,0.78125,0.4126984126984127,0.5277777777777778,0.23809523809523808,0.71875,0.25,1.016169
references/R038409.jpg,queries/Q94098.jpg,disc21_neg,0,0.71875,0.5079365079365079,0.4166666666666667,0.19047619047619047,0.546875,0.171875,1.026684
references/R038409.jpg,queries/Q83845.jpg,disc21_neg,0,0.609375,0.49206349206349204,0.4444444444444444,0.047619047619047616,0.484375,0.078125,0.834309
references/R038409.jpg,queries/Q26132.jpg,disc21_neg,0,0.390625,0.5238095238095238,0.4583333333333333,0.21428571428571427,0.515625,0.171875,1.014158
references/R038409.jpg,queries/Q91459.jpg,disc21_neg,0,0.8125,0.5079365079365079,0.4305555555555556,0.19047619047619047,0.390625,0.25,0.864256
references/R038409.jpg,queries/Q76597.jpg,disc21_neg,0,0.3125,0.3492063492063492,0.3611111111111111,0.19047619047619047,0.421875,0.421875,0.987621
references/R038409.jpg,queries/Q80394.jpg,disc21_neg,0,0.609375,0.5873015873015873,0.5972222222222222,0.16666666666666666,0.71875,0.1875,0.942718
references/R038409.jpg,queries/Q71734.jpg,disc21_neg,0,0.75,0.4126984126984127,0.4444444444444444,0.21428571428571427,0.578125,0.328125,1.011257
references/R038409.jpg,queries/Q33169.jpg,disc21_neg,0,0.5,0.5079365079365079,0.4722222222222222,0.19047619047619047,0.40625,0.375,0.923208
references/R038409.jpg,queries/Q79255.jpg,disc21_neg,0,0.328125,0.4444444444444444,0.4861111111111111,0.16666666666666666,0.3125,0.546875,0.968195
references/R038409.jpg,queries/Q43570.jpg,disc21_neg,0,0.734375,0.5873015873015873,0.4166666666666667,0.16666666666666666,0.6875,0.359375,1.035159
references/R038409.jpg,queries/Q38590.jpg,disc21_neg,0,0.71875,0.5238095238095238,0.4027777777777778,0.11904761904761904,0.78125,0.3125,0.958672
references/R038409.jpg,queries/Q72241.jpg,disc21_neg,0,0.671875,0.5873015873015873,0.5277777777777778,0.19047619047619047,0.578125,0.21875,0.985713
references/R038409.jpg,queries/Q70029.jpg,disc21_neg,0,0.421875,0.42857142857142855,0.4583333333333333,0.21428571428571427,0.53125,0.359375,0.889466
references/R038409.jpg,queries/Q00814.jpg,disc21_neg,0,0.5,0.49206349206349204,0.5,0.23809523809523808,0.609375,0.203125,1.028885
references/R038409.jpg,queries/Q95290.jpg,disc21_neg,0,0.6875,0.47619047619047616,0.4583333333333333,0.19047619047619047,0.640625,0.1875,1.057120
references/R038409.jpg,queries/Q89690.jpg,disc21_neg,0,0.65625,0.49206349206349204,0.5416666666666666,0.19047619047619047,0.3125,0.125,1.024674
references/R038409.jpg,queries/Q34091.jpg,disc21_neg,0,0.28125,0.5714285714285714,0.5694444444444444,0.14285714285714285,0.296875,0.421875,0.964548
references/R038409.jpg,queries/Q62135.jpg,disc21_neg,0,0.34375,0.4603174603174603,0.4305555555555556,0.19047619047619047,0.65625,0.265625,1.063754
references/R038409.jpg,queries/Q19485.jpg,disc21_neg,0,0.265625,0.7142857142857143,0.5416666666666666,0.16666666666666666,0.296875,0.046875,1.027941
references/R038409.jpg,queries/Q03218.jpg,disc21_neg,0,0.703125,0.5555555555555556,0.4583333333333333,0.16666666666666666,0.59375,0.28125,0.945650
references/R038409.jpg,queries/Q68026.jpg,disc21_neg,0,0.59375,0.6349206349206349,0.6666666666666666,0.14285714285714285,0.546875,0.21875,0.992683
references/R038409.jpg,queries/Q93201.jpg,disc21_neg,0,0.640625,0.4603174603174603,0.4583333333333333,0.14285714285714285,0.765625,0.296875,1.046195
references/R038409.jpg,queries/Q08559.jpg,disc21_neg,0,0.765625,0.5714285714285714,0.6388888888888888,0.16666666666666666,0.703125,0.25,0.915560
references/R038409.jpg,queries/Q88084.jpg,disc21_neg,0,0.421875,0.3968253968253968,0.3194444444444444,0.11904761904761904,0.421875,0.078125,1.031064
references/R038409.jpg,queries/Q15304.jpg,disc21_neg,0,0.4375,0.5079365079365079,0.5694444444444444,0.2857142857142857,0.609375,0.078125,0.900804
references/R038409.jpg,queries/Q58395.jpg,disc21_neg,0,0.875,0.5079365079365079,0.4861111111111111,0.14285714285714285,0.8125,0.4375,1.058747
references/R038409.jpg,queries/Q42382.jpg,disc21_neg,0,0.296875,0.6031746031746031,0.4583333333333333,0.16666666666666666,0.4375,0.125,0.805633
references/R038409.jpg,queries/Q58591.jpg,disc21_neg,0,0.46875,0.4603174603174603,0.3888888888888889,0.07142857142857142,0.46875,1.0,0.984349
references/R038409.jpg,queries/Q74450.jpg,disc21_neg,0,0.4375,0.5873015873015873,0.4861111111111111,0.16666666666666666,0.359375,0.265625,0.773580
references/R038409.jpg,queries/Q27378.jpg,disc21_neg,0,0.5,0.49206349206349204,0.5,0.11904761904761904,0.578125,0.375,0.969744
references/R038409.jpg,queries/Q76319.jpg,disc21_neg,0,0.75,0.5555555555555556,0.4166666666666667,0.21428571428571427,0.671875,0.25,0.949686
references/R038409.jpg,queries/Q48984.jpg,disc21_neg,0,0.453125,0.38095238095238093,0.5138888888888888,0.047619047619047616,0.578125,0.203125,1.029610
references/R038409.jpg,queries/Q64675.jpg,disc21_neg,0,0.84375,0.5555555555555556,0.4722222222222222,0.09523809523809523,0.75,0.140625,1.025099
references/R038409.jpg,queries/Q97997.jpg,disc21_neg,0,0.59375,0.5396825396825397,0.5277777777777778,0.23809523809523808,0.46875,0.390625,0.909826
references/R038409.jpg,queries/Q14722.jpg,disc21_neg,0,0.671875,0.5396825396825397,0.4861111111111111,0.21428571428571427,0.46875,0.421875,0.945093
references/R038409.jpg,queries/Q72899.jpg,disc21_neg,0,0.625,0.5873015873015873,0.4444444444444444,0.14285714285714285,0.75,0.234375,1.010996
references/R038409.jpg,queries/Q01854.jpg,disc21_neg,0,0.46875,0.5873015873015873,0.5555555555555556,0.14285714285714285,0.390625,0.265625,0.873846
references/R038409.jpg,queries/Q86400.jpg,disc21_neg,0,0.28125,0.5238095238095238,0.4305555555555556,0.16666666666666666,0.4375,0.21875,0.901337
references/R038409.jpg,queries/Q25352.jpg,disc21_neg,0,0.46875,0.5396825396825397,0.4583333333333333,0.14285714285714285,0.578125,0.15625,0.995388
references/R038409.jpg,queries/Q54405.jpg,disc21_neg,0,0.40625,0.5873015873015873,0.5277777777777778,0.16666666666666666,0.484375,0.125,0.871949
references/R038409.jpg,queries/Q44873.jpg,disc21_neg,0,0.71875,0.5555555555555556,0.5277777777777778,0.16666666666666666,0.53125,0.21875,1.077982
references/R038409.jpg,queries/Q59912.jpg,disc21_neg,0,0.5625,0.4603174603174603,0.3888888888888889,0.19047619047619047,0.65625,0.171875,0.757495
references/R038409.jpg,queries/Q40904.jpg,disc21_neg,0,0.546875,0.47619047619047616,0.4583333333333333,0.19047619047619047,0.34375,0.234375,0.858060
references/R038409.jpg,queries/Q81036.jpg,disc21_neg,0,0.625,0.5555555555555556,0.4722222222222222,0.09523809523809523,0.65625,0.265625,0.891826
references/R038409.jpg,queries/Q17976.jpg,disc21_neg,0,0.359375,0.5396825396825397,0.4722222222222222,0.11904761904761904,0.328125,0.1875,0.944235
references/R038409.jpg,queries/Q41857.jpg,disc21_neg,0,0.53125,0.5079365079365079,0.5277777777777778,0.16666666666666666,0.5625,0.125,1.028261
references/R038409.jpg,queries/Q02160.jpg,disc21_neg,0,0.4375,0.5714285714285714,0.5138888888888888,0.09523809523809523,0.5,0.28125,0.974558
references/R038409.jpg,queries/Q07482.jpg,disc21_neg,0,0.421875,0.4603174603174603,0.375,0.11904761904761904,0.515625,0.25,1.010723
references/R038409.jpg,queries/Q90472.jpg,disc21_neg,0,0.328125,0.6031746031746031,0.4027777777777778,0.16666666666666666,0.4375,0.40625,0.934973
references/R038409.jpg,queries/Q07791.jpg,disc21_neg,0,0.765625,0.49206349206349204,0.5694444444444444,0.14285714285714285,0.78125,0.265625,0.958556
references/R038409.jpg,queries/Q43978.jpg,disc21_neg,0,0.578125,0.5714285714285714,0.5694444444444444,0.16666666666666666,0.671875,0.328125,1.077193
references/R038409.jpg,queries/Q60084.jpg,disc21_neg,0,0.1875,0.47619047619047616,0.375,0.23809523809523808,0.296875,0.609375,1.010016
references/R038409.jpg,queries/Q45927.jpg,disc21_neg,0,0.421875,0.5396825396825397,0.5138888888888888,0.14285714285714285,0.375,0.140625,0.956387
references/R038409.jpg,queries/Q13348.jpg,disc21_neg,0,0.734375,0.4603174603174603,0.4583333333333333,0.14285714285714285,0.53125,0.234375,0.997152
references/R038409.jpg,queries/Q85720.jpg,disc21_neg,0,0.515625,0.3968253968253968,0.4305555555555556,0.09523809523809523,0.375,0.296875,0.991972
references/R038409.jpg,queries/Q71069.jpg,disc21_neg,0,0.65625,0.5396825396825397,0.4444444444444444,0.14285714285714285,0.578125,0.3125,0.956958
references/R038409.jpg,queries/Q17898.jpg,disc21_neg,0,0.796875,0.49206349206349204,0.3888888888888889,0.19047619047619047,0.71875,0.484375,0.850901
references/R038409.jpg,queries/Q32945.jpg,disc21_neg,0,0.734375,0.5873015873015873,0.5138888888888888,0.0,0.65625,0.140625,0.989082
references/R038409.jpg,queries/Q38953.jpg,disc21_neg,0,0.53125,0.47619047619047616,0.4722222222222222,0.16666666666666666,0.609375,0.265625,1.079048
references/R038409.jpg,queries/Q67352.jpg,disc21_neg,0,0.59375,0.5396825396825397,0.5416666666666666,0.11904761904761904,0.484375,0.21875,0.956909
references/R038409.jpg,queries/Q99525.jpg,disc21_neg,0,0.34375,0.4603174603174603,0.5,0.21428571428571427,0.546875,0.1875,0.929472
references/R038409.jpg,queries/Q56198.jpg,disc21_neg,0,0.671875,0.49206349206349204,0.5,0.16666666666666666,0.5625,0.234375,1.008738
references/R038409.jpg,queries/Q28186.jpg,disc21_neg,0,0.53125,0.47619047619047616,0.3194444444444444,0.16666666666666666,0.5625,0.4375,0.822671
references/R038409.jpg,queries/Q13392.jpg,disc21_neg,0,0.578125,0.5714285714285714,0.5138888888888888,0.14285714285714285,0.453125,0.46875,1.091946
references/R038409.jpg,queries/Q53368.jpg,disc21_neg,0,0.5625,0.4603174603174603,0.5277777777777778,0.19047619047619047,0.5625,0.28125,0.943969
references/R038409.jpg,queries/Q52935.jpg,disc21_neg,0,0.609375,0.49206349206349204,0.4166666666666667,0.09523809523809523,0.28125,0.296875,0.998144
references/R038409.jpg,queries/Q79739.jpg,disc21_neg,0,0.875,0.49206349206349204,0.4583333333333333,0.21428571428571427,0.765625,0.515625,0.973958
references/R038409.jpg,queries/Q33407.jpg,disc21_neg,0,0.515625,0.47619047619047616,0.3472222222222222,0.19047619047619047,0.375,0.109375,0.982532
references/R038409.jpg,queries/Q90954.jpg,disc21_neg,0,0.640625,0.5555555555555556,0.5138888888888888,0.16666666666666666,0.75,0.359375,0.974939
references/R038409.jpg,queries/Q06147.jpg,disc21_neg,0,0.3125,0.49206349206349204,0.5972222222222222,0.16666666666666666,0.75,1.0,0.983977
references/R038409.jpg,queries/Q95881.jpg,disc21_neg,0,0.328125,0.5396825396825397,0.4444444444444444,0.14285714285714285,0.34375,0.421875,0.983070
references/R038409.jpg,queries/Q61613.jpg,disc21_neg,0,0.34375,0.5873015873015873,0.5138888888888888,0.0,0.5,1.0,0.964486
references/R038409.jpg,queries/Q23823.jpg,disc21_neg,0,0.328125,0.5555555555555556,0.5972222222222222,0.11904761904761904,0.375,0.09375,0.803649
references/R038409.jpg,queries/Q87993.jpg,disc21_neg,0,0.5625,0.6666666666666666,0.5,0.16666666666666666,0.625,0.15625,1.012223
references/R038409.jpg,queries/Q99215.jpg,disc21_neg,0,0.296875,0.47619047619047616,0.4305555555555556,0.07142857142857142,0.3125,1.0,1.030582
references/R038409.jpg,queries/Q16114.jpg,disc21_neg,0,0.546875,0.4126984126984127,0.4166666666666667,0.16666666666666666,0.46875,0.109375,1.033691
references/R038409.jpg,queries/Q28955.jpg,disc21_neg,0,0.734375,0.4603174603174603,0.5694444444444444,0.07142857142857142,0.609375,1.0,0.949230
references/R038409.jpg,queries/Q37433.jpg,disc21_neg,0,0.75,0.3968253968253968,0.5138888888888888,0.21428571428571427,0.546875,0.25,0.912300
references/R038409.jpg,queries/Q97107.jpg,disc21_neg,0,0.796875,0.5238095238095238,0.5138888888888888,0.09523809523809523,0.609375,0.28125,0.968749
references/R038409.jpg,queries/Q36209.jpg,disc21_neg,0,0.40625,0.49206349206349204,0.4722222222222222,0.11904761904761904,0.484375,1.0,0.950748
references/R038409.jpg,queries/Q35067.jpg,disc21_neg,0,0.65625,0.4444444444444444,0.5416666666666666,0.14285714285714285,0.515625,0.5,1.012437
references/R038409.jpg,queries/Q38713.jpg,disc21_neg,0,0.15625,0.4603174603174603,0.4027777777777778,0.19047619047619047,0.375,0.125,0.930412
references/R038409.jpg,queries/Q99185.jpg,disc21_neg,0,0.484375,0.47619047619047616,0.5694444444444444,0.16666666666666666,0.328125,1.0,0.921472
references/R038409.jpg,queries/Q55681.jpg,disc21_neg,0,0.46875,0.5238095238095238,0.5138888888888888,0.07142857142857142,0.40625,1.0,1.046435
references/R038409.jpg,queries/Q10858.jpg,disc21_neg,0,0.453125,0.42857142857142855,0.3472222222222222,0.14285714285714285,0.515625,0.28125,1.017233
references/R038409.jpg,queries/Q84006.jpg,disc21_neg,0,0.671875,0.5555555555555556,0.4305555555555556,0.14285714285714285,0.5625,0.40625,0.949996
references/R038409.jpg,queries/Q63659.jpg,disc21_neg,0,0.34375,0.42857142857142855,0.4722222222222222,0.11904761904761904,0.34375,0.46875,1.088707
references/R038409.jpg,queries/Q47665.jpg,disc21_neg,0,0.46875,0.5079365079365079,0.5277777777777778,0.07142857142857142,0.5,1.0,1.035189
references/R038409.jpg,queries/Q29120.jpg,disc21_neg,0,0.671875,0.47619047619047616,0.5,0.09523809523809523,0.46875,0.265625,0.984853
references/R038409.jpg,queries/Q70614.jpg,disc21_neg,0,0.546875,0.47619047619047616,0.4861111111111111,0.16666666666666666,0.578125,0.328125,1.014914
references/R038409.jpg,queries/Q29419.jpg,disc21_neg,0,0.46875,0.5079365079365079,0.4861111111111111,0.11904761904761904,0.734375,0.34375,0.968724
references/R038409.jpg,queries/Q79975.jpg,disc21_neg,0,0.78125,0.4444444444444444,0.5,0.09523809523809523,0.703125,0.1875,0.921172
references/R038409.jpg,queries/Q41518.jpg,disc21_neg,0,0.6875,0.47619047619047616,0.5416666666666666,0.23809523809523808,0.6875,0.46875,1.083545
references/R038409.jpg,queries/Q58596.jpg,disc21_neg,0,0.453125,0.5079365079365079,0.5138888888888888,0.21428571428571427,0.71875,0.171875,0.960218
references/R038409.jpg,queries/Q25856.jpg,disc21_neg,0,0.84375,0.5079365079365079,0.4166666666666667,0.19047619047619047,0.625,0.140625,0.991615
references/R038409.jpg,queries/Q74366.jpg,disc21_neg,0,0.484375,0.5238095238095238,0.5694444444444444,0.07142857142857142,0.46875,0.125,0.970266
references/R038409.jpg,queries/Q45298.jpg,disc21_neg,0,0.71875,0.49206349206349204,0.4444444444444444,0.09523809523809523,0.640625,0.140625,1.056789
references/R038409.jpg,queries/Q12079.jpg,disc21_neg,0,0.5,0.47619047619047616,0.5,0.07142857142857142,0.5625,0.171875,0.935486
references/R038409.jpg,queries/Q29819.jpg,disc21_neg,0,0.546875,0.4444444444444444,0.4722222222222222,0.07142857142857142,0.625,1.0,0.773624
references/R038409.jpg,queries/Q97882.jpg,disc21_neg,0,0.765625,0.5079365079365079,0.5138888888888888,0.09523809523809523,0.765625,0.296875,1.021740
references/R038409.jpg,queries/Q08650.jpg,disc21_neg,0,0.765625,0.5396825396825397,0.5,0.21428571428571427,0.546875,0.328125,0.891252
references/R038409.jpg,queries/Q85702.jpg,disc21_neg,0,0.625,0.5714285714285714,0.3888888888888889,0.14285714285714285,0.671875,0.1875,1.003510
references/R038409.jpg,queries/Q86219.jpg,disc21_neg,0,0.75,0.5714285714285714,0.5833333333333334,0.19047619047619047,0.578125,0.28125,1.022231
references/R038409.jpg,queries/Q94058.jpg,disc21_neg,0,0.484375,0.4444444444444444,0.5138888888888888,0.14285714285714285,0.59375,0.125,0.898007
references/R038409.jpg,queries/Q40274.jpg,disc21_neg,0,0.65625,0.5714285714285714,0.6666666666666666,0.14285714285714285,0.640625,0.28125,0.752063
references/R038409.jpg,queries/Q47396.jpg,disc21_neg,0,0.75,0.4444444444444444,0.3888888888888889,0.16666666666666666,0.515625,0.140625,0.846710
references/R038409.jpg,queries/Q96598.jpg,disc21_neg,0,0.359375,0.5079365079365079,0.3472222222222222,0.11904761904761904,0.4375,1.0,1.037117
references/R038409.jpg,queries/Q83542.jpg,disc21_neg,0,0.5625,0.5079365079365079,0.375,0.19047619047619047,0.578125,0.421875,0.952808
references/R038409.jpg,queries/Q24436.jpg,disc21_neg,0,0.625,0.5396825396825397,0.4305555555555556,0.07142857142857142,0.40625,1.0,1.044683
references/R038409.jpg,queries/Q92331.jpg,disc21_neg,0,0.59375,0.5555555555555556,0.5,0.11904761904761904,0.625,0.265625,1.034008
references/R038409.jpg,queries/Q57557.jpg,disc21_neg,0,0.5,0.5079365079365079,0.3888888888888889,0.11904761904761904,0.40625,0.171875,1.103809
references/R038409.jpg,queries/Q98126.jpg,disc21_neg,0,0.859375,0.5555555555555556,0.4583333333333333,0.19047619047619047,0.5,0.28125,0.960240
references/R038409.jpg,queries/Q73835.jpg,disc21_neg,0,0.59375,0.5873015873015873,0.4722222222222222,0.19047619047619047,0.421875,0.375,1.054430
references/R038409.jpg,queries/Q01752.jpg,disc21_neg,0,0.28125,0.5079365079365079,0.4305555555555556,0.19047619047619047,0.46875,0.15625,0.961823
references/R038409.jpg,queries/Q90555.jpg,disc21_neg,0,0.625,0.42857142857142855,0.4444444444444444,0.16666666666666666,0.71875,0.34375,0.902267
references/R038409.jpg,queries/Q22118.jpg,disc21_neg,0,0.390625,0.5238095238095238,0.4583333333333333,0.11904761904761904,0.328125,0.28125,0.990673
references/R038409.jpg,queries/Q27916.jpg,disc21_neg,0,0.609375,0.3492063492063492,0.375,0.07142857142857142,0.53125,1.0,0.944486
references/R038409.jpg,queries/Q79719.jpg,disc21_neg,0,0.578125,0.5714285714285714,0.5138888888888888,0.16666666666666666,0.609375,0.1875,1.005523
references/R038409.jpg,queries/Q42883.jpg,disc21_neg,0,0.453125,0.5714285714285714,0.5138888888888888,0.14285714285714285,0.390625,0.234375,1.029607
references/R038409.jpg,queries/Q43190.jpg,disc21_neg,0,0.53125,0.49206349206349204,0.4583333333333333,0.14285714285714285,0.53125,0.25,1.041482
references/R038409.jpg,queries/Q46337.jpg,disc21_neg,0,0.5625,0.49206349206349204,0.4305555555555556,0.19047619047619047,0.625,0.25,0.944181
references/R038409.jpg,queries/Q66253.jpg,disc21_neg,0,0.515625,0.5555555555555556,0.5416666666666666,0.2857142857142857,0.453125,0.109375,0.934448
references/R038409.jpg,queries/Q79896.jpg,disc21_neg,0,0.546875,0.5238095238095238,0.4861111111111111,0.21428571428571427,0.5,0.109375,1.013426
references/R038409.jpg,queries/Q35285.jpg,disc21_neg,0,0.78125,0.6031746031746031,0.5416666666666666,0.09523809523809523,0.640625,0.140625,0.974772
references/R038409.jpg,queries/Q58978.jpg,disc21_neg,0,0.78125,0.42857142857142855,0.4861111111111111,0.16666666666666666,0.71875,0.34375,0.874435
references/R038409.jpg,queries/Q63053.jpg,disc21_neg,0,0.5625,0.5555555555555556,0.4305555555555556,0.023809523809523808,0.65625,0.25,0.939555
references/R038409.jpg,queries/Q21070.jpg,disc21_neg,0,0.609375,0.47619047619047616,0.4583333333333333,0.16666666666666666,0.4375,0.265625,0.992284
references/R038409.jpg,queries/Q68818.jpg,disc21_neg,0,0.40625,0.5079365079365079,0.5,0.16666666666666666,0.46875,0.203125,0.967569
references/R038409.jpg,queries/Q69412.jpg,disc21_neg,0,0.703125,0.38095238095238093,0.375,0.21428571428571427,0.578125,0.359375,0.991497
references/R038409.jpg,queries/Q14468.jpg,disc21_neg,0,0.4375,0.4444444444444444,0.5972222222222222,0.0,0.46875,0.0625,0.947529
references/R038409.jpg,queries/Q21632.jpg,disc21_neg,0,0.859375,0.5238095238095238,0.5555555555555556,0.19047619047619047,0.6875,0.328125,0.946534
references/R038409.jpg,queries/Q78377.jpg,disc21_neg,0,0.515625,0.4603174603174603,0.5555555555555556,0.11904761904761904,0.390625,0.125,0.953583
references/R038409.jpg,queries/Q24008.jpg,disc21_neg,0,0.609375,0.5238095238095238,0.4583333333333333,0.07142857142857142,0.65625,1.0,0.948722
references/R038409.jpg,queries/Q91686.jpg,disc21_neg,0,0.453125,0.4126984126984127,0.4166666666666667,0.09523809523809523,0.453125,0.109375,1.086892
references/R038409.jpg,queries/Q69581.jpg,disc21_neg,0,0.25,0.5238095238095238,0.3611111111111111,0.19047619047619047,0.40625,0.046875,0.798866
references/R038409.jpg,queries/Q46616.jpg,disc21_neg,0,0.5,0.49206349206349204,0.3472222222222222,0.0,0.390625,0.171875,0.954236
references/R038409.jpg,queries/Q08111.jpg,disc21_neg,0,0.734375,0.5555555555555556,0.4861111111111111,0.11904761904761904,0.421875,0.234375,0.818446
references/R038409.jpg,queries/Q88022.jpg,disc21_neg,0,0.21875,0.5079365079365079,0.4027777777777778,0.16666666666666666,0.375,0.15625,0.954329
references/R038409.jpg,queries/Q11405.jpg,disc21_neg,0,0.828125,0.5873015873015873,0.4861111111111111,0.14285714285714285,0.625,0.234375,0.928975
references/R038409.jpg,queries/Q06890.jpg,disc21_neg,0,0.40625,0.5079365079365079,0.4583333333333333,0.11904761904761904,0.34375,0.171875,0.877756
references/R038409.jpg,queries/Q89337.jpg,disc21_neg,0,0.78125,0.4603174603174603,0.4444444444444444,0.19047619047619047,0.765625,0.125,0.985689
references/R038409.jpg,queries/Q86296.jpg,disc21_neg,0,0.375,0.4603174603174603,0.4722222222222222,0.047619047619047616,0.421875,0.140625,0.976803
references/R038409.jpg,queries/Q90955.jpg,disc21_neg,0,0.40625,0.47619047619047616,0.4305555555555556,0.14285714285714285,0.4375,0.3125,0.928696
references/R038409.jpg,queries/Q89934.jpg,disc21_neg,0,0.546875,0.4444444444444444,0.4166666666666667,0.21428571428571427,0.53125,0.109375,0.995429
references/R038409.jpg,queries/Q75835.jpg,disc21_neg,0,0.875,0.5079365079365079,0.5972222222222222,0.07142857142857142,0.59375,0.109375,0.979184
references/R038409.jpg,queries/Q59045.jpg,disc21_neg,0,0.640625,0.5555555555555556,0.4861111111111111,0.21428571428571427,0.578125,0.078125,1.078962
references/R038409.jpg,queries/Q29993.jpg,disc21_neg,0,0.71875,0.5555555555555556,0.5,0.09523809523809523,0.5,0.40625,1.019255
references/R038409.jpg,queries/Q37806.jpg,disc21_neg,0,0.609375,0.42857142857142855,0.3333333333333333,0.14285714285714285,0.4375,0.3125,0.854253
references/R038409.jpg,queries/Q38498.jpg,disc21_neg,0,0.8125,0.5555555555555556,0.5138888888888888,0.2619047619047619,0.515625,0.125,1.030428
references/R038409.jpg,queries/Q69978.jpg,disc21_neg,0,0.15625,0.5238095238095238,0.4444444444444444,0.19047619047619047,0.25,0.03125,0.750319
references/R038409.jpg,queries/Q38751.jpg,disc21_neg,0,0.375,0.4126984126984127,0.4722222222222222,0.09523809523809523,0.4375,0.171875,0.902676
references/R038409.jpg,queries/Q07842.jpg,disc21_neg,0,0.453125,0.5396825396825397,0.375,0.21428571428571427,0.265625,0.390625,0.981302
references/R038409.jpg,queries/Q74001.jpg,disc21_neg,0,0.796875,0.4444444444444444,0.4722222222222222,0.16666666666666666,0.640625,0.28125,0.918836
references/R038409.jpg,queries/Q09985.jpg,disc21_neg,0,0.84375,0.6190476190476191,0.5833333333333334,0.21428571428571427,0.671875,0.171875,0.918484
references/R038409.jpg,queries/Q39525.jpg,disc21_neg,0,0.484375,0.5396825396825397,0.4861111111111111,0.19047619047619047,0.359375,0.3125,0.942165
references/R038409.jpg,queries/Q45723.jpg,disc21_neg,0,0.171875,0.42857142857142855,0.4861111111111111,0.11904761904761904,0.34375,0.0625,1.063892
references/R038409.jpg,queries/Q69044.jpg,disc21_neg,0,0.53125,0.5079365079365079,0.4305555555555556,0.19047619047619047,0.5,0.15625,1.000173
references/R038409.jpg,queries/Q65753.jpg,disc21_neg,0,0.34375,0.49206349206349204,0.5694444444444444,0.09523809523809523,0.40625,0.109375,0.997453
references/R038409.jpg,queries/Q89432.jpg,disc21_neg,0,0.328125,0.4126984126984127,0.3888888888888889,0.11904761904761904,0.453125,0.203125,1.007222
references/R038409.jpg,queries/Q96535.jpg,disc21_neg,0,0.859375,0.47619047619047616,0.5972222222222222,0.14285714285714285,0.625,0.328125,0.932592
references/R038409.jpg,queries/Q49004.jpg,disc21_neg,0,0.75,0.5555555555555556,0.5833333333333334,0.09523809523809523,0.6875,0.28125,1.022358
references/R038409.jpg,queries/Q50797.jpg,disc21_neg,0,0.65625,0.4126984126984127,0.5138888888888888,0.16666666666666666,0.34375,0.390625,0.975842
references/R038409.jpg,queries/Q88179.jpg,disc21_neg,0,0.46875,0.5238095238095238,0.3472222222222222,0.11904761904761904,0.4375,1.0,0.903373
references/R038409.jpg,queries/Q05046.jpg,disc21_neg,0,0.546875,0.49206349206349204,0.4722222222222222,0.023809523809523808,0.46875,0.359375,0.966411
references/R038409.jpg,queries/Q30615.jpg,disc21_neg,0,0.734375,0.5555555555555556,0.4583333333333333,0.23809523809523808,0.5625,0.421875,1.032209
references/R038409.jpg,queries/Q04381.jpg,disc21_neg,0,0.375,0.5079365079365079,0.4861111111111111,0.07142857142857142,0.484375,1.0,1.016799
references/R038409.jpg,queries/Q94732.jpg,disc21_neg,0,0.484375,0.5555555555555556,0.5277777777777778,0.21428571428571427,0.390625,0.15625,0.987478
references/R038409.jpg,queries/Q80409.jpg,disc21_neg,0,0.484375,0.49206349206349204,0.375,0.11904761904761904,0.359375,0.171875,0.963856
references/R038409.jpg,queries/Q07946.jpg,disc21_neg,0,0.53125,0.6190476190476191,0.5277777777777778,0.2857142857142857,0.625,0.359375,0.978165
references/R038409.jpg,queries/Q84142.jpg,disc21_neg,0,0.734375,0.5079365079365079,0.4444444444444444,0.09523809523809523,0.4375,0.375,0.941141
references/R038409.jpg,queries/Q01139.jpg,disc21_neg,0,0.6875,0.5873015873015873,0.5555555555555556,0.047619047619047616,0.5,0.078125,0.873756
references/R038409.jpg,queries/Q29847.jpg,disc21_neg,0,0.546875,0.6190476190476191,0.4305555555555556,0.14285714285714285,0.546875,0.265625,1.100829
references/R038409.jpg,queries/Q99538.jpg,disc21_neg,0,0.796875,0.4603174603174603,0.3888888888888889,0.14285714285714285,0.796875,0.5625,0.812435
references/R038409.jpg,queries/Q32502.jpg,disc21_neg,0,0.765625,0.6031746031746031,0.4027777777777778,0.14285714285714285,0.6875,0.625,0.940607
references/R038409.jpg,queries/Q20388.jpg,disc21_neg,0,0.640625,0.4444444444444444,0.4027777777777778,0.07142857142857142,0.59375,1.0,1.030245
references/R038409.jpg,queries/Q18687.jpg,disc21_neg,0,0.421875,0.5079365079365079,0.375,0.11904761904761904,0.390625,0.296875,1.073921
references/R038409.jpg,queries/Q41853.jpg,disc21_neg,0,0.640625,0.6349206349206349,0.4027777777777778,0.09523809523809523,0.6875,0.296875,1.023874
references/R038409.jpg,queries/Q41493.jpg,disc21_neg,0,0.5,0.5079365079365079,0.4583333333333333,0.16666666666666666,0.453125,0.140625,1.020012
references/R038409.jpg,queries/Q69629.jpg,disc21_neg,0,0.546875,0.49206349206349204,0.3888888888888889,0.14285714285714285,0.5625,0.4375,1.000531
references/R038409.jpg,queries/Q47303.jpg,disc21_neg,0,0.46875,0.5555555555555556,0.5277777777777778,0.2857142857142857,0.703125,0.234375,0.906634
references/R038409.jpg,queries/Q03643.jpg,disc21_neg,0,0.75,0.6190476190476191,0.5694444444444444,0.14285714285714285,0.609375,0.203125,0.903921
references/R038409.jpg,queries/Q66856.jpg,disc21_neg,0,0.296875,0.4126984126984127,0.4027777777777778,0.21428571428571427,0.390625,0.515625,1.039511
references/R038409.jpg,queries/Q69894.jpg,disc21_neg,0,0.15625,0.3968253968253968,0.3333333333333333,0.11904761904761904,0.453125,1.0,1.008526
references/R038409.jpg,queries/Q21054.jpg,disc21_neg,0,0.6875,0.4603174603174603,0.3194444444444444,0.11904761904761904,0.625,0.25,0.934208
references/R038409.jpg,queries/Q55838.jpg,disc21_neg,0,0.578125,0.6031746031746031,0.4027777777777778,0.21428571428571427,0.65625,0.21875,1.028623
references/R038409.jpg,queries/Q88291.jpg,disc21_neg,0,0.359375,0.4603174603174603,0.4444444444444444,0.11904761904761904,0.515625,0.3125,0.897851
references/R038409.jpg,queries/Q75725.jpg,disc21_neg,0,0.609375,0.5238095238095238,0.4583333333333333,0.11904761904761904,0.40625,0.234375,0.874521
references/R038409.jpg,queries/Q68533.jpg,disc21_neg,0,0.25,0.4126984126984127,0.3611111111111111,0.16666666666666666,0.34375,0.1875,0.998315
references/R038409.jpg,queries/Q58081.jpg,disc21_neg,0,0.328125,0.49206349206349204,0.3611111111111111,0.047619047619047616,0.328125,0.09375,1.008360
references/R038409.jpg,queries/Q93301.jpg,disc21_neg,0,0.5,0.5714285714285714,0.4861111111111111,0.16666666666666666,0.578125,1.0,0.982800
references/R038409.jpg,queries/Q86276.jpg,disc21_neg,0,0.21875,0.6031746031746031,0.5416666666666666,0.16666666666666666,0.484375,0.265625,0.883707
references/R038409.jpg,queries/Q25761.jpg,disc21_neg,0,0.671875,0.6031746031746031,0.4444444444444444,0.11904761904761904,0.703125,0.296875,1.041645
references/R038409.jpg,queries/Q56652.jpg,disc21_neg,0,0.640625,0.4603174603174603,0.375,0.23809523809523808,0.625,0.109375,0.914411
references/R038409.jpg,queries/Q45669.jpg,disc21_neg,0,0.703125,0.5396825396825397,0.4722222222222222,0.14285714285714285,0.546875,0.375,0.954431
references/R038409.jpg,queries/Q08196.jpg,disc21_neg,0,0.28125,0.5555555555555556,0.4722222222222222,0.19047619047619047,0.328125,0.21875,1.048077
references/R038409.jpg,queries/Q34629.jpg,disc21_neg,0,0.3125,0.5238095238095238,0.5,0.19047619047619047,0.34375,0.109375,0.961884
references/R038409.jpg,queries/Q99507.jpg,disc21_neg,0,0.484375,0.47619047619047616,0.5,0.07142857142857142,0.46875,0.390625,0.904170
references/R038409.jpg,queries/Q32970.jpg,disc21_neg,0,0.75,0.6031746031746031,0.5,0.07142857142857142,0.578125,1.0,0.893875
references/R038409.jpg,queries/Q05925.jpg,disc21_neg,0,0.53125,0.5555555555555556,0.4166666666666667,0.07142857142857142,0.4375,0.15625,0.909890
references/R038409.jpg,queries/Q14488.jpg,disc21_neg,0,0.78125,0.47619047619047616,0.5833333333333334,0.16666666666666666,0.71875,0.375,0.908594
references/R038409.jpg,queries/Q55124.jpg,disc21_neg,0,0.75,0.5873015873015873,0.4583333333333333,0.14285714285714285,0.625,0.234375,0.951828
references/R038409.jpg,queries/Q82621.jpg,disc21_neg,0,0.578125,0.5079365079365079,0.4027777777777778,0.23809523809523808,0.609375,0.25,0.960375
references/R038409.jpg,queries/Q55250.jpg,disc21_neg,0,0.578125,0.49206349206349204,0.4305555555555556,0.19047619047619047,0.546875,0.40625,0.988728
references/R038409.jpg,queries/Q69047.jpg,disc21_neg,0,0.265625,0.4603174603174603,0.4166666666666667,0.14285714285714285,0.46875,0.21875,1.150798
references/R038409.jpg,queries/Q13382.jpg,disc21_neg,0,0.59375,0.47619047619047616,0.4583333333333333,0.11904761904761904,0.53125,0.328125,0.979458
references/R038409.jpg,queries/Q08959.jpg,disc21_neg,0,0.515625,0.49206349206349204,0.5,0.16666666666666666,0.578125,0.1875,0.973849
references/R038409.jpg,queries/Q99234.jpg,disc21_neg,0,0.859375,0.4603174603174603,0.4305555555555556,0.2619047619047619,0.609375,0.171875,0.996947
references/R038409.jpg,queries/Q02840.jpg,disc21_neg,0,0.546875,0.47619047619047616,0.4722222222222222,0.14285714285714285,0.453125,0.1875,0.929564
references/R038409.jpg,queries/Q80102.jpg,disc21_neg,0,0.5625,0.4603174603174603,0.4861111111111111,0.19047619047619047,0.59375,0.265625,0.976482
references/R038409.jpg,queries/Q18020.jpg,disc21_neg,0,0.171875,0.5079365079365079,0.4166666666666667,0.19047619047619047,0.359375,0.15625,0.977801
references/R038409.jpg,queries/Q89149.jpg,disc21_neg,0,0.5625,0.5873015873015873,0.4027777777777778,0.21428571428571427,0.578125,0.328125,1.037155
references/R038409.jpg,queries/Q02051.jpg,disc21_neg,0,0.421875,0.4126984126984127,0.5277777777777778,0.11904761904761904,0.53125,0.203125,1.039284
references/R038409.jpg,queries/Q86200.jpg,disc21_neg,0,0.421875,0.4603174603174603,0.4722222222222222,0.16666666666666666,0.5,0.203125,1.009198
references/R038409.jpg,queries/Q55788.jpg,disc21_neg,0,0.46875,0.47619047619047616,0.4583333333333333,0.11904761904761904,0.34375,0.359375,0.965301
references/R038409.jpg,queries/Q25641.jpg,disc21_neg,0,0.828125,0.47619047619047616,0.5138888888888888,0.11904761904761904,0.578125,0.375,0.971407
references/R038409.jpg,queries/Q71307.jpg,disc21_neg,0,0.875,0.5238095238095238,0.5138888888888888,0.21428571428571427,0.765625,0.34375,0.892498
references/R038409.jpg,queries/Q28179.jpg,disc21_neg,0,0.703125,0.5714285714285714,0.4027777777777778,0.19047619047619047,0.625,0.078125,1.045285
references/R038409.jpg,queries/Q34236.jpg,disc21_neg,0,0.578125,0.5555555555555556,0.5277777777777778,0.11904761904761904,0.59375,0.21875,0.805553
references/R038409.jpg,queries/Q32728.jpg,disc21_neg,0,0.359375,0.5079365079365079,0.4444444444444444,0.14285714285714285,0.484375,0.25,0.998960
references/R038409.jpg,queries/Q12509.jpg,disc21_neg,0,0.375,0.5238095238095238,0.4722222222222222,0.11904761904761904,0.59375,0.21875,0.949908
references/R038409.jpg,queries/Q05308.jpg,disc21_neg,0,0.6875,0.5396825396825397,0.5138888888888888,0.23809523809523808,0.453125,0.203125,0.981862
references/R038409.jpg,queries/Q98989.jpg,disc21_neg,0,0.546875,0.49206349206349204,0.4305555555555556,0.14285714285714285,0.484375,0.3125,1.067968
references/R038409.jpg,queries/Q15599.jpg,disc21_neg,0,0.625,0.5714285714285714,0.4166666666666667,0.16666666666666666,0.65625,0.328125,0.983984
references/R038409.jpg,queries/Q72931.jpg,disc21_neg,0,0.40625,0.47619047619047616,0.4027777777777778,0.16666666666666666,0.546875,0.09375,0.973951
references/R038409.jpg,queries/Q25191.jpg,disc21_neg,0,0.359375,0.5238095238095238,0.4583333333333333,0.19047619047619047,0.578125,0.453125,1.039449
references/R038409.jpg,queries/Q37704.jpg,disc21_neg,0,0.4375,0.49206349206349204,0.5138888888888888,0.21428571428571427,0.421875,0.46875,0.967286
references/R038409.jpg,queries/Q77825.jpg,disc21_neg,0,0.53125,0.6349206349206349,0.5138888888888888,0.16666666666666666,0.734375,0.3125,0.978658
references/R038409.jpg,queries/Q49992.jpg,disc21_neg,0,0.8125,0.5873015873015873,0.4722222222222222,0.07142857142857142,0.75,1.0,0.872320
references/R038409.jpg,queries/Q76395.jpg,disc21_neg,0,0.53125,0.5238095238095238,0.3055555555555556,0.11904761904761904,0.625,1.0,1.079101
references/R038409.jpg,queries/Q28925.jpg,disc21_neg,0,0.71875,0.47619047619047616,0.4583333333333333,0.07142857142857142,0.609375,0.25,0.955538
references/R038409.jpg,queries/Q23488.jpg,disc21_neg,0,0.609375,0.5238095238095238,0.4444444444444444,0.11904761904761904,0.609375,0.265625,1.008360
references/R038409.jpg,queries/Q56115.jpg,disc21_neg,0,0.78125,0.5873015873015873,0.4583333333333333,0.16666666666666666,0.609375,0.234375,0.903997
references/R038409.jpg,queries/Q31732.jpg,disc21_neg,0,0.609375,0.5079365079365079,0.375,0.023809523809523808,0.5625,0.140625,0.917657
references/R038409.jpg,queries/Q51102.jpg,disc21_neg,0,0.578125,0.5873015873015873,0.4861111111111111,0.21428571428571427,0.640625,0.34375,1.039464
references/R038409.jpg,queries/Q59796.jpg,disc21_neg,0,0.609375,0.4603174603174603,0.4444444444444444,0.16666666666666666,0.625,1.0,0.971615
references/R038409.jpg,queries/Q95768.jpg,disc21_neg,0,0.75,0.5555555555555556,0.5416666666666666,0.19047619047619047,0.5,0.5,0.955499
references/R038409.jpg,queries/Q41027.jpg,disc21_neg,0,0.3125,0.36507936507936506,0.4722222222222222,0.11904761904761904,0.390625,0.1875,1.029605
references/R038409.jpg,queries/Q60227.jpg,disc21_neg,0,0.578125,0.4444444444444444,0.4444444444444444,0.11904761904761904,0.421875,0.21875,0.987766
references/R038409.jpg,queries/Q79950.jpg,disc21_neg,0,0.34375,0.49206349206349204,0.3888888888888889,0.14285714285714285,0.359375,0.1875,0.999595
references/R038409.jpg,queries/Q81155.jpg,disc21_neg,0,0.46875,0.49206349206349204,0.4583333333333333,0.16666666666666666,0.5625,0.40625,0.976631
references/R038409.jpg,queries/Q92346.jpg,disc21_neg,0,0.4375,0.4603174603174603,0.4444444444444444,0.11904761904761904,0.484375,0.359375,0.943352
references/R038409.jpg,queries/Q43764.jpg,disc21_neg,0,0.21875,0.5238095238095238,0.4444444444444444,0.09523809523809523,0.34375,0.1875,1.048499
references/R038409.jpg,queries/Q45862.jpg,disc21_neg,0,0.328125,0.4444444444444444,0.4305555555555556,0.07142857142857142,0.46875,0.15625,0.801664
references/R038409.jpg,queries/Q83191.jpg,disc21_neg,0,0.625,0.4603174603174603,0.4027777777777778,0.07142857142857142,0.609375,1.0,1.026259
references/R038409.jpg,queries/Q27549.jpg,disc21_neg,0,0.84375,0.5079365079365079,0.4305555555555556,0.11904761904761904,0.734375,0.5,0.799174
references/R038409.jpg,queries/Q14483.jpg,disc21_neg,0,0.765625,0.5714285714285714,0.4583333333333333,0.09523809523809523,0.625,0.484375,1.101568
references/R038409.jpg,queries/Q43816.jpg,disc21_neg,0,0.53125,0.5714285714285714,0.3888888888888889,0.09523809523809523,0.578125,0.21875,0.965275
references/R038409.jpg,queries/Q82714.jpg,disc21_neg,0,0.515625,0.5714285714285714,0.5555555555555556,0.07142857142857142,0.40625,0.1875,1.073636
references/R038409.jpg,queries/Q16680.jpg,disc21_neg,0,0.46875,0.5079365079365079,0.5,0.047619047619047616,0.328125,0.1875,1.042861
references/R038409.jpg,queries/Q71953.jpg,disc21_neg,0,0.734375,0.5238095238095238,0.3611111111111111,0.16666666666666666,0.640625,0.109375,0.971066
references/R038409.jpg,queries/Q72104.jpg,disc21_neg,0,0.359375,0.5238095238095238,0.5416666666666666,0.11904761904761904,0.375,1.0,0.969072
references/R038409.jpg,queries/Q59224.jpg,disc21_neg,0,0.328125,0.5555555555555556,0.4722222222222222,0.0,0.59375,0.140625,0.952079
references/R038409.jpg,queries/Q20492.jpg,disc21_neg,0,0.5625,0.49206349206349204,0.5,0.07142857142857142,0.5,1.0,1.015732
references/R038409.jpg,queries/Q89945.jpg,disc21_neg,0,0.375,0.5079365079365079,0.4861111111111111,0.09523809523809523,0.453125,0.15625,1.024388
references/R038409.jpg,queries/Q50060.jpg,disc21_neg,0,0.546875,0.5555555555555556,0.2777777777777778,0.14285714285714285,0.5,0.34375,0.944431
references/R038409.jpg,queries/Q82331.jpg,disc21_neg,0,0.703125,0.42857142857142855,0.4583333333333333,0.07142857142857142,0.625,0.21875,1.009691
references/R038409.jpg,queries/Q35997.jpg,disc21_neg,0,0.625,0.5238095238095238,0.3055555555555556,0.023809523809523808,0.671875,0.21875,0.957952
references/R038409.jpg,queries/Q76583.jpg,disc21_neg,0,0.390625,0.47619047619047616,0.3611111111111111,0.11904761904761904,0.421875,0.125,1.025097
references/R038409.jpg,queries/Q69460.jpg,disc21_neg,0,0.3125,0.6031746031746031,0.4861111111111111,0.09523809523809523,0.453125,0.25,1.051309
references/R038409.jpg,queries/Q76418.jpg,disc21_neg,0,0.6875,0.47619047619047616,0.5833333333333334,0.07142857142857142,0.65625,0.03125,0.932342
references/R038409.jpg,queries/Q57944.jpg,disc21_neg,0,0.28125,0.5238095238095238,0.5694444444444444,0.19047619047619047,0.53125,0.25,0.933621
references/R038409.jpg,queries/Q06786.jpg,disc21_neg,0,0.515625,0.5396825396825397,0.5,0.14285714285714285,0.5625,0.078125,0.988162
references/R038409.jpg,queries/Q03285.jpg,disc21_neg,0,0.8125,0.5396825396825397,0.625,0.21428571428571427,0.59375,0.21875,0.946357
references/R038409.jpg,queries/Q63924.jpg,disc21_neg,0,0.578125,0.5238095238095238,0.2777777777777778,0.11904761904761904,0.765625,1.0,1.078879
references/R038409.jpg,queries/Q98835.jpg,disc21_neg,0,0.390625,0.5238095238095238,0.3194444444444444,0.09523809523809523,0.453125,0.296875,1.021331
references/R038409.jpg,queries/Q83414.jpg,disc21_neg,0,0.515625,0.5873015873015873,0.4305555555555556,0.23809523809523808,0.53125,0.125,1.004591
references/R038409.jpg,queries/Q06835.jpg,disc21_neg,0,0.234375,0.42857142857142855,0.5,0.16666666666666666,0.375,0.171875,1.094681
references/R038409.jpg,queries/Q58932.jpg,disc21_neg,0,0.75,0.5238095238095238,0.4166666666666667,0.14285714285714285,0.578125,0.296875,0.896093
references/R038409.jpg,queries/Q00748.jpg,disc21_neg,0,0.109375,0.3968253968253968,0.375,0.19047619047619047,0.328125,0.15625,0.993089
references/R038409.jpg,queries/Q42164.jpg,disc21_neg,0,0.34375,0.4126984126984127,0.5972222222222222,0.07142857142857142,0.421875,1.0,0.993138
references/R038409.jpg,queries/Q47857.jpg,disc21_neg,0,0.78125,0.5238095238095238,0.4583333333333333,0.19047619047619047,0.390625,0.390625,0.917707
references/R038409.jpg,queries/Q58452.jpg,disc21_neg,0,0.546875,0.47619047619047616,0.4444444444444444,0.2857142857142857,0.484375,0.375,0.970924
references/R038409.jpg,queries/Q48394.jpg,disc21_neg,0,0.65625,0.4603174603174603,0.3472222222222222,0.19047619047619047,0.4375,0.1875,0.957561
references/R038409.jpg,queries/Q33961.jpg,disc21_neg,0,0.703125,0.49206349206349204,0.4305555555555556,0.19047619047619047,0.703125,0.3125,0.997301
references/R038409.jpg,queries/Q84551.jpg,disc21_neg,0,0.46875,0.4444444444444444,0.5972222222222222,0.11904761904761904,0.515625,0.25,0.921064
references/R038409.jpg,queries/Q74442.jpg,disc21_neg,0,0.59375,0.6031746031746031,0.5694444444444444,0.11904761904761904,0.5625,0.09375,0.983477
references/R038409.jpg,queries/Q75241.jpg,disc21_neg,0,0.40625,0.47619047619047616,0.4722222222222222,0.14285714285714285,0.375,0.125,1.010290
references/R038409.jpg,queries/Q11877.jpg,disc21_neg,0,0.359375,0.6031746031746031,0.4861111111111111,0.14285714285714285,0.671875,0.390625,1.027683
references/R038409.jpg,queries/Q33536.jpg,disc21_neg,0,0.6875,0.6825396825396826,0.5138888888888888,0.19047619047619047,0.640625,0.484375,0.965176
references/R038409.jpg,queries/Q79068.jpg,disc21_neg,0,0.453125,0.5238095238095238,0.4444444444444444,0.19047619047619047,0.546875,0.34375,0.942220
references/R038409.jpg,queries/Q67070.jpg,disc21_neg,0,0.75,0.5714285714285714,0.4444444444444444,0.09523809523809523,0.515625,0.390625,0.898698
references/R038409.jpg,queries/Q01200.jpg,disc21_neg,0,0.171875,0.5238095238095238,0.3472222222222222,0.23809523809523808,0.421875,0.203125,1.060183
references/R038409.jpg,queries/Q27346.jpg,disc21_neg,0,0.5625,0.5238095238095238,0.375,0.11904761904761904,0.5,0.46875,0.893323
references/R038409.jpg,queries/Q49418.jpg,disc21_neg,0,0.484375,0.38095238095238093,0.5138888888888888,0.16666666666666666,0.578125,0.125,0.991057
references/R038409.jpg,queries/Q32663.jpg,disc21_neg,0,0.3125,0.6031746031746031,0.3611111111111111,0.14285714285714285,0.53125,0.21875,1.018409
references/R038409.jpg,queries/Q29254.jpg,disc21_neg,0,0.328125,0.47619047619047616,0.4583333333333333,0.19047619047619047,0.265625,0.453125,0.948685
references/R038409.jpg,queries/Q87203.jpg,disc21_neg,0,0.6875,0.6666666666666666,0.5694444444444444,0.14285714285714285,0.546875,0.484375,0.850875
references/R038409.jpg,queries/Q78171.jpg,disc21_neg,0,0.28125,0.4444444444444444,0.5555555555555556,0.16666666666666666,0.328125,0.28125,0.989876
references/R038409.jpg,queries/Q80924.jpg,disc21_neg,0,0.546875,0.4603174603174603,0.4444444444444444,0.07142857142857142,0.546875,0.25,0.987398
references/R038409.jpg,queries/Q50229.jpg,disc21_neg,0,0.578125,0.49206349206349204,0.4861111111111111,0.11904761904761904,0.734375,0.3125,0.998243
references/R038409.jpg,queries/Q51175.jpg,disc21_neg,0,0.453125,0.5873015873015873,0.5,0.11904761904761904,0.390625,0.15625,0.997500
references/R038409.jpg,queries/Q20831.jpg,disc21_neg,0,0.484375,0.49206349206349204,0.5,0.09523809523809523,0.640625,0.1875,1.014990
references/R038409.jpg,queries/Q91045.jpg,disc21_neg,0,0.8125,0.4603174603174603,0.3333333333333333,0.11904761904761904,0.625,0.25,1.008601
references/R038409.jpg,queries/Q10280.jpg,disc21_neg,0,0.640625,0.5238095238095238,0.4722222222222222,0.09523809523809523,0.34375,0.09375,0.902701
references/R038409.jpg,queries/Q66917.jpg,disc21_neg,0,0.53125,0.4603174603174603,0.4305555555555556,0.16666666666666666,0.703125,0.21875,0.969063
references/R038409.jpg,queries/Q12218.jpg,disc21_neg,0,0.59375,0.4603174603174603,0.4027777777777778,0.14285714285714285,0.625,0.5,1.016520
references/R038409.jpg,queries/Q49007.jpg,disc21_neg,0,0.5,0.5396825396825397,0.4583333333333333,0.047619047619047616,0.4375,0.109375,0.969119
references/R038409.jpg,queries/Q05562.jpg,disc21_neg,0,0.5,0.5238095238095238,0.4861111111111111,0.11904761904761904,0.703125,0.265625,0.996919
references/R038409.jpg,queries/Q16654.jpg,disc21_neg,0,0.59375,0.5873015873015873,0.4166666666666667,0.19047619047619047,0.59375,0.296875,0.670264
references/R038409.jpg,queries/Q69891.jpg,disc21_neg,0,0.421875,0.6031746031746031,0.4166666666666667,0.16666666666666666,0.546875,0.265625,0.959269
references/R038409.jpg,queries/Q41235.jpg,disc21_neg,0,0.40625,0.5555555555555556,0.5138888888888888,0.09523809523809523,0.453125,0.421875,0.954979
references/R038409.jpg,queries/Q64087.jpg,disc21_neg,0,0.34375,0.42857142857142855,0.4027777777777778,0.07142857142857142,0.421875,0.34375,0.988046
references/R038409.jpg,queries/Q90145.jpg,disc21_neg,0,0.453125,0.5238095238095238,0.3472222222222222,0.23809523809523808,0.578125,0.265625,0.923275
references/R038409.jpg,queries/Q41266.jpg,disc21_neg,0,0.734375,0.42857142857142855,0.3611111111111111,0.07142857142857142,0.609375,1.0,1.066076
references/R038409.jpg,queries/Q10069.jpg,disc21_neg,0,0.828125,0.49206349206349204,0.4583333333333333,0.23809523809523808,0.6875,0.25,0.957732
references/R038409.jpg,queries/Q83325.jpg,disc21_neg,0,0.609375,0.5079365079365079,0.4305555555555556,0.21428571428571427,0.546875,0.390625,1.034284
references/R038409.jpg,queries/Q54043.jpg,disc21_neg,0,0.59375,0.5079365079365079,0.4444444444444444,0.11904761904761904,0.40625,0.28125,0.877014
references/R038409.jpg,queries/Q07180.jpg,disc21_neg,0,0.59375,0.5396825396825397,0.4027777777777778,0.23809523809523808,0.4375,0.421875,0.920368
references/R038409.jpg,queries/Q09536.jpg,disc21_neg,0,0.609375,0.6507936507936508,0.4722222222222222,0.11904761904761904,0.46875,0.265625,0.965226
references/R038409.jpg,queries/Q24813.jpg,disc21_neg,0,0.4375,0.42857142857142855,0.4861111111111111,0.11904761904761904,0.46875,0.28125,0.940982
references/R038409.jpg,queries/Q92477.jpg,disc21_neg,0,0.75,0.6031746031746031,0.3888888888888889,0.23809523809523808,0.484375,0.5,0.885641
references/R038409.jpg,queries/Q63820.jpg,disc21_neg,0,0.796875,0.36507936507936506,0.5,0.16666666666666666,0.625,0.4375,0.916803
references/R038409.jpg,queries/Q15842.jpg,disc21_neg,0,0.703125,0.5873015873015873,0.4583333333333333,0.16666666666666666,0.671875,0.546875,0.873566
references/R038409.jpg,queries/Q13876.jpg,disc21_neg,0,0.609375,0.47619047619047616,0.4861111111111111,0.07142857142857142,0.6875,0.1875,1.063779
references/R038409.jpg,queries/Q28280.jpg,disc21_neg,0,0.9375,0.5714285714285714,0.4444444444444444,0.23809523809523808,0.578125,0.375,0.930244
references/R038409.jpg,queries/Q84130.jpg,disc21_neg,0,0.75,0.4126984126984127,0.4027777777777778,0.2619047619047619,0.703125,0.21875,1.017488
references/R038409.jpg,queries/Q52942.jpg,disc21_neg,0,0.921875,0.49206349206349204,0.5138888888888888,0.21428571428571427,0.640625,0.203125,0.927272
references/R038409.jpg,queries/Q35110.jpg,disc21_neg,0,0.703125,0.5873015873015873,0.5277777777777778,0.16666666666666666,0.65625,0.125,1.003287
references/R038409.jpg,queries/Q89689.jpg,disc21_neg,0,0.671875,0.5714285714285714,0.4305555555555556,0.23809523809523808,0.625,0.265625,1.074005
references/R038409.jpg,queries/Q20586.jpg,disc21_neg,0,0.59375,0.47619047619047616,0.4444444444444444,0.21428571428571427,0.375,0.046875,0.956728
references/R038409.jpg,queries/Q36166.jpg,disc21_neg,0,0.53125,0.5555555555555556,0.5138888888888888,0.14285714285714285,0.515625,0.375,0.869585
references/R038409.jpg,queries/Q88256.jpg,disc21_neg,0,0.734375,0.49206349206349204,0.5138888888888888,0.07142857142857142,0.625,1.0,0.927088
references/R038409.jpg,queries/Q42233.jpg,disc21_neg,0,0.828125,0.5873015873015873,0.5694444444444444,0.16666666666666666,0.734375,0.328125,0.963718
references/R038409.jpg,queries/Q16067.jpg,disc21_neg,0,0.65625,0.4603174603174603,0.3611111111111111,0.16666666666666666,0.59375,0.140625,0.941342
references/R038409.jpg,queries/Q55439.jpg,disc21_neg,0,0.46875,0.5238095238095238,0.4583333333333333,0.23809523809523808,0.671875,0.5,0.939137
references/R038409.jpg,queries/Q50845.jpg,disc21_neg,0,0.40625,0.5555555555555556,0.5,0.16666666666666666,0.53125,0.125,0.955045
references/R038409.jpg,queries/Q32449.jpg,disc21_neg,0,0.421875,0.6031746031746031,0.5,0.11904761904761904,0.484375,0.28125,0.888230
references/R038409.jpg,queries/Q65790.jpg,disc21_neg,0,0.578125,0.5873015873015873,0.5,0.19047619047619047,0.390625,0.359375,1.004480
references/R038409.jpg,queries/Q90458.jpg,disc21_neg,0,0.4375,0.42857142857142855,0.5138888888888888,0.19047619047619047,0.53125,0.15625,1.005099
references/R038409.jpg,queries/Q27365.jpg,disc21_neg,0,0.640625,0.47619047619047616,0.4861111111111111,0.11904761904761904,0.609375,0.25,0.989266
references/R038409.jpg,queries/Q73145.jpg,disc21_neg,0,0.828125,0.4603174603174603,0.4166666666666667,0.21428571428571427,0.6875,0.234375,0.957954
references/R038409.jpg,queries/Q03053.jpg,disc21_neg,0,0.5,0.47619047619047616,0.5,0.11904761904761904,0.5625,0.296875,0.992603
references/R038409.jpg,queries/Q94916.jpg,disc21_neg,0,0.515625,0.5714285714285714,0.3611111111111111,0.23809523809523808,0.453125,0.125,1.048607
references/R038409.jpg,queries/Q06240.jpg,disc21_neg,0,0.28125,0.49206349206349204,0.3888888888888889,0.09523809523809523,0.359375,0.296875,1.024619
references/R038409.jpg,queries/Q39779.jpg,disc21_neg,0,0.515625,0.5714285714285714,0.4861111111111111,0.11904761904761904,0.71875,1.0,1.042598
references/R038409.jpg,queries/Q16907.jpg,disc21_neg,0,0.359375,0.5555555555555556,0.4722222222222222,0.19047619047619047,0.5,0.25,0.929700
references/R038409.jpg,queries/Q35710.jpg,disc21_neg,0,0.796875,0.5079365079365079,0.375,0.19047619047619047,0.703125,0.484375,0.813275
references/R038409.jpg,queries/Q35782.jpg,disc21_neg,0,0.6875,0.4603174603174603,0.375,0.16666666666666666,0.6875,0.15625,0.965029
references/R038409.jpg,queries/Q04602.jpg,disc21_neg,0,0.421875,0.6031746031746031,0.3611111111111111,0.16666666666666666,0.40625,0.328125,0.973603
references/R038409.jpg,queries/Q54848.jpg,disc21_neg,0,0.546875,0.6190476190476191,0.4444444444444444,0.19047619047619047,0.65625,0.125,0.889897
references/R038409.jpg,queries/Q74596.jpg,disc21_neg,0,0.25,0.4444444444444444,0.4583333333333333,0.14285714285714285,0.328125,0.453125,1.089202
references/R038409.jpg,queries/Q04111.jpg,disc21_neg,0,0.578125,0.5714285714285714,0.4583333333333333,0.11904761904761904,0.6875,0.21875,0.887963
references/R038409.jpg,queries/Q83885.jpg,disc21_neg,0,0.34375,0.42857142857142855,0.3611111111111111,0.16666666666666666,0.25,0.234375,0.957318
references/R038409.jpg,queries/Q59439.jpg,disc21_neg,0,0.59375,0.5714285714285714,0.5416666666666666,0.11904761904761904,0.5,0.140625,1.032696
references/R038409.jpg,queries/Q64716.jpg,disc21_neg,0,0.328125,0.5396825396825397,0.4305555555555556,0.14285714285714285,0.421875,0.421875,1.009981
references/R038409.jpg,queries/Q67938.jpg,disc21_neg,0,0.65625,0.5079365079365079,0.5555555555555556,0.19047619047619047,0.53125,0.140625,0.950394
references/R038409.jpg,queries/Q70383.jpg,disc21_neg,0,0.8125,0.5555555555555556,0.4305555555555556,0.19047619047619047,0.734375,0.171875,0.948120
references/R038409.jpg,queries/Q33160.jpg,disc21_neg,0,0.421875,0.49206349206349204,0.5833333333333334,0.21428571428571427,0.484375,0.125,0.951414
references/R038409.jpg,queries/Q07130.jpg,disc21_neg,0,0.671875,0.49206349206349204,0.375,0.23809523809523808,0.59375,0.125,0.959898
references/R038409.jpg,queries/Q46118.jpg,disc21_neg,0,0.640625,0.49206349206349204,0.4027777777777778,0.11904761904761904,0.53125,0.46875,0.902170
references/R038409.jpg,queries/Q16914.jpg,disc21_neg,0,0.46875,0.5396825396825397,0.4583333333333333,0.14285714285714285,0.453125,0.265625,1.027412
references/R038409.jpg,queries/Q11315.jpg,disc21_neg,0,0.3125,0.3968253968253968,0.4583333333333333,0.07142857142857142,0.421875,1.0,1.005409
references/R038409.jpg,queries/Q82407.jpg,disc21_neg,0,0.6875,0.5714285714285714,0.3194444444444444,0.0,0.5,0.09375,0.913898
references/R038409.jpg,queries/Q76103.jpg,disc21_neg,0,0.46875,0.6190476190476191,0.4444444444444444,0.14285714285714285,0.5,0.21875,0.975189
references/R038409.jpg,queries/Q20722.jpg,disc21_neg,0,0.734375,0.5238095238095238,0.5,0.16666666666666666,0.671875,1.0,1.007526
references/R038409.jpg,queries/Q14036.jpg,disc21_neg,0,0.625,0.4444444444444444,0.4305555555555556,0.16666666666666666,0.4375,0.21875,1.020594
references/R038409.jpg,queries/Q04580.jpg,disc21_neg,0,0.15625,0.47619047619047616,0.4722222222222222,0.21428571428571427,0.21875,0.34375,0.942350
references/R038409.jpg,queries/Q93399.jpg,disc21_neg,0,0.46875,0.5714285714285714,0.4305555555555556,0.14285714285714285,0.65625,0.34375,0.954348
references/R038409.jpg,queries/Q96342.jpg,disc21_neg,0,0.65625,0.49206349206349204,0.4861111111111111,0.14285714285714285,0.46875,0.21875,0.986147
references/R038409.jpg,queries/Q18357.jpg,disc21_neg,0,0.671875,0.6349206349206349,0.6111111111111112,0.19047619047619047,0.515625,0.09375,0.909661
references/R038409.jpg,queries/Q76280.jpg,disc21_neg,0,0.484375,0.5238095238095238,0.3888888888888889,0.11904761904761904,0.65625,0.453125,1.011226
references/R038409.jpg,queries/Q90402.jpg,disc21_neg,0,0.546875,0.5079365079365079,0.5138888888888888,0.16666666666666666,0.453125,0.453125,0.964277
references/R038409.jpg,queries/Q14921.jpg,disc21_neg,0,0.46875,0.47619047619047616,0.4166666666666667,0.21428571428571427,0.578125,0.375,1.089649
references/R038409.jpg,queries/Q19962.jpg,disc21_neg,0,0.4375,0.49206349206349204,0.5277777777777778,0.30952380952380953,0.65625,0.34375,1.001413
references/R038409.jpg,queries/Q51793.jpg,disc21_neg,0,0.375,0.49206349206349204,0.4861111111111111,0.21428571428571427,0.4375,0.25,1.017051
references/R038409.jpg,queries/Q49947.jpg,disc21_neg,0,0.78125,0.6031746031746031,0.5138888888888888,0.07142857142857142,0.8125,1.0,0.938717
references/R038409.jpg,queries/Q62332.jpg,disc21_neg,0,0.484375,0.47619047619047616,0.4722222222222222,0.07142857142857142,0.671875,1.0,0.965166
references/R038409.jpg,queries/Q51121.jpg,disc21_neg,0,0.734375,0.5396825396825397,0.5972222222222222,0.23809523809523808,0.671875,0.1875,0.894397
references/R038409.jpg,queries/Q20885.jpg,disc21_neg,0,0.421875,0.5238095238095238,0.4722222222222222,0.14285714285714285,0.46875,0.203125,0.976376
references/R038409.jpg,queries/Q62930.jpg,disc21_neg,0,0.6875,0.5238095238095238,0.4861111111111111,0.19047619047619047,0.671875,0.375,0.952903
references/R038409.jpg,queries/Q57445.jpg,disc21_neg,0,0.6875,0.5873015873015873,0.4444444444444444,0.2857142857142857,0.625,0.390625,0.845732
references/R038409.jpg,queries/Q41890.jpg,disc21_neg,0,0.796875,0.5555555555555556,0.3472222222222222,0.14285714285714285,0.625,0.234375,0.976983
references/R038409.jpg,queries/Q98663.jpg,disc21_neg,0,0.5625,0.5555555555555556,0.4861111111111111,0.21428571428571427,0.609375,0.109375,1.041845
references/R038409.jpg,queries/Q28079.jpg,disc21_neg,0,0.53125,0.5396825396825397,0.4861111111111111,0.23809523809523808,0.515625,0.40625,0.954671
references/R038409.jpg,queries/Q77455.jpg,disc21_neg,0,0.828125,0.42857142857142855,0.4027777777777778,0.09523809523809523,0.6875,0.484375,0.952256
references/R038409.jpg,queries/Q73296.jpg,disc21_neg,0,0.296875,0.4444444444444444,0.375,0.21428571428571427,0.40625,0.125,0.857115
references/R038409.jpg,queries/Q67223.jpg,disc21_neg,0,0.296875,0.4603174603174603,0.4027777777777778,0.19047619047619047,0.25,0.390625,0.951469
references/R038409.jpg,queries/Q82628.jpg,disc21_neg,0,0.671875,0.6031746031746031,0.4444444444444444,0.19047619047619047,0.671875,0.34375,1.002047
references/R038409.jpg,queries/Q06246.jpg,disc21_neg,0,0.75,0.49206349206349204,0.4583333333333333,0.11904761904761904,0.671875,0.234375,0.927385
references/R038409.jpg,queries/Q96407.jpg,disc21_neg,0,0.71875,0.5555555555555556,0.5,0.16666666666666666,0.59375,0.28125,0.938570
references/R038409.jpg,queries/Q95903.jpg,disc21_neg,0,0.34375,0.4126984126984127,0.4722222222222222,0.21428571428571427,0.453125,0.265625,0.928298
references/R038409.jpg,queries/Q77157.jpg,disc21_neg,0,0.421875,0.5238095238095238,0.3472222222222222,0.07142857142857142,0.6875,0.15625,0.994738
references/R038409.jpg,queries/Q87626.jpg,disc21_neg,0,0.671875,0.47619047619047616,0.4027777777777778,0.16666666666666666,0.609375,0.21875,0.962554
references/R038409.jpg,queries/Q61003.jpg,disc21_neg,0,0.75,0.5079365079365079,0.5555555555555556,0.14285714285714285,0.5625,0.34375,0.941117
references/R038409.jpg,queries/Q47688.jpg,disc21_neg,0,0.421875,0.5714285714285714,0.5,0.14285714285714285,0.6875,0.234375,0.956219
references/R038409.jpg,queries/Q60894.jpg,disc21_neg,0,0.5625,0.4603174603174603,0.375,0.19047619047619047,0.5625,0.234375,1.020186
references/R038409.jpg,queries/Q41505.jpg,disc21_neg,0,0.515625,0.3968253968253968,0.4027777777777778,0.09523809523809523,0.609375,0.296875,1.075459
references/R038409.jpg,queries/Q39131.jpg,disc21_neg,0,0.125,0.5714285714285714,0.4861111111111111,0.19047619047619047,0.3125,0.375,1.019025
references/R038409.jpg,queries/Q46302.jpg,disc21_neg,0,0.3125,0.47619047619047616,0.4027777777777778,0.11904761904761904,0.40625,1.0,1.023615
references/R038409.jpg,queries/Q95798.jpg,disc21_neg,0,0.703125,0.5714285714285714,0.5555555555555556,0.19047619047619047,0.546875,0.234375,0.971578
references/R038409.jpg,queries/Q03158.jpg,disc21_neg,0,0.859375,0.5238095238095238,0.4166666666666667,0.16666666666666666,0.390625,0.3125,0.957046
references/R038409.jpg,queries/Q44526.jpg,disc21_neg,0,0.453125,0.5714285714285714,0.4027777777777778,0.11904761904761904,0.59375,1.0,0.978373
references/R038409.jpg,queries/Q28374.jpg,disc21_neg,0,0.546875,0.5714285714285714,0.4305555555555556,0.11904761904761904,0.6875,0.390625,1.028202
references/R038409.jpg,queries/Q50386.jpg,disc21_neg,0,0.703125,0.5396825396825397,0.3611111111111111,0.21428571428571427,0.734375,0.375,0.886996
references/R038409.jpg,queries/Q80643.jpg,disc21_neg,0,0.75,0.5714285714285714,0.5,0.19047619047619047,0.640625,0.21875,0.784006
references/R038409.jpg,queries/Q99763.jpg,disc21_neg,0,0.5,0.5555555555555556,0.3888888888888889,0.11904761904761904,0.59375,0.265625,1.028372
references/R038409.jpg,queries/Q48948.jpg,disc21_neg,0,0.578125,0.42857142857142855,0.5277777777777778,0.23809523809523808,0.375,0.234375,0.982431
references/R038409.jpg,queries/Q43931.jpg,disc21_neg,0,0.859375,0.49206349206349204,0.4305555555555556,0.14285714285714285,0.765625,0.25,1.064496
references/R038409.jpg,queries/Q09788.jpg,disc21_neg,0,0.40625,0.5238095238095238,0.4166666666666667,0.14285714285714285,0.390625,0.3125,1.000758
references/R038409.jpg,queries/Q49464.jpg,disc21_neg,0,0.515625,0.42857142857142855,0.5,0.16666666666666666,0.65625,0.359375,1.052171
references/R038409.jpg,queries/Q89769.jpg,disc21_neg,0,0.46875,0.38095238095238093,0.4166666666666667,0.14285714285714285,0.484375,0.125,0.941470
references/R038409.jpg,queries/Q43592.jpg,disc21_neg,0,0.78125,0.5079365079365079,0.4861111111111111,0.14285714285714285,0.6875,0.234375,0.724947
references/R038409.jpg,queries/Q46047.jpg,disc21_neg,0,0.640625,0.5873015873015873,0.3611111111111111,0.16666666666666666,0.546875,0.34375,0.936747
references/R038409.jpg,queries/Q06231.jpg,disc21_neg,0,0.640625,0.5079365079365079,0.3472222222222222,0.16666666666666666,0.578125,0.1875,0.819864
references/R038409.jpg,queries/Q86376.jpg,disc21_neg,0,0.59375,0.4444444444444444,0.5138888888888888,0.023809523809523808,0.609375,0.15625,0.962210
references/R038409.jpg,queries/Q78880.jpg,disc21_neg,0,0.46875,0.5079365079365079,0.5138888888888888,0.14285714285714285,0.59375,0.265625,1.036249
references/R038409.jpg,queries/Q41104.jpg,disc21_neg,0,0.546875,0.38095238095238093,0.4305555555555556,0.21428571428571427,0.71875,0.28125,0.966530
references/R038409.jpg,queries/Q79451.jpg,disc21_neg,0,0.65625,0.49206349206349204,0.4444444444444444,0.07142857142857142,0.65625,0.265625,1.033919
references/R038409.jpg,queries/Q04978.jpg,disc21_neg,0,0.75,0.5555555555555556,0.375,0.14285714285714285,0.640625,0.1875,0.954794
references/R038409.jpg,queries/Q77561.jpg,disc21_neg,0,0.609375,0.5555555555555556,0.4305555555555556,0.19047619047619047,0.640625,0.234375,0.907742
references/R038409.jpg,queries/Q92018.jpg,disc21_neg,0,0.53125,0.4603174603174603,0.375,0.21428571428571427,0.5625,0.375,0.960959
references/R038409.jpg,queries/Q01467.jpg,disc21_neg,0,0.8125,0.5396825396825397,0.4027777777777778,0.11904761904761904,0.71875,1.0,0.881469
references/R038409.jpg,queries/Q91362.jpg,disc21_neg,0,0.53125,0.5396825396825397,0.5138888888888888,0.23809523809523808,0.515625,0.484375,0.984179
references/R038409.jpg,queries/Q23004.jpg,disc21_neg,0,0.71875,0.5079365079365079,0.4444444444444444,0.16666666666666666,0.53125,0.34375,0.963662
references/R038409.jpg,queries/Q34681.jpg,disc21_neg,0,0.359375,0.4444444444444444,0.4166666666666667,0.047619047619047616,0.421875,0.265625,0.900875
references/R038409.jpg,queries/Q78419.jpg,disc21_neg,0,0.640625,0.4603174603174603,0.4583333333333333,0.16666666666666666,0.625,0.171875,0.994817
references/R038409.jpg,queries/Q67363.jpg,disc21_neg,0,0.890625,0.5396825396825397,0.5833333333333334,0.14285714285714285,0.703125,0.328125,0.737205
references/R038409.jpg,queries/Q97440.jpg,disc21_neg,0,0.53125,0.5238095238095238,0.4305555555555556,0.09523809523809523,0.40625,0.234375,0.935052
references/R038409.jpg,queries/Q09847.jpg,disc21_neg,0,0.75,0.6190476190476191,0.5277777777777778,0.19047619047619047,0.796875,0.265625,0.919829
references/R038409.jpg,queries/Q15744.jpg,disc21_neg,0,0.671875,0.5238095238095238,0.4444444444444444,0.0,0.609375,0.1875,0.948629
references/R038409.jpg,queries/Q66374.jpg,disc21_neg,0,0.671875,0.38095238095238093,0.3333333333333333,0.16666666666666666,0.546875,0.59375,0.935972
references/R038409.jpg,queries/Q58786.jpg,disc21_neg,0,0.625,0.5079365079365079,0.4722222222222222,0.19047619047619047,0.40625,0.421875,0.727348
references/R038409.jpg,queries/Q11621.jpg,disc21_neg,0,0.484375,0.42857142857142855,0.4722222222222222,0.21428571428571427,0.65625,0.0625,1.016967
references/R038409.jpg,queries/Q85001.jpg,disc21_neg,0,0.5,0.5714285714285714,0.3055555555555556,0.14285714285714285,0.53125,0.328125,0.963574
references/R038409.jpg,queries/Q26645.jpg,disc21_neg,0,0.515625,0.5079365079365079,0.4305555555555556,0.09523809523809523,0.609375,0.453125,1.029936
references/R038409.jpg,queries/Q83468.jpg,disc21_neg,0,0.546875,0.5396825396825397,0.4583333333333333,0.14285714285714285,0.703125,0.359375,1.044201
references/R038409.jpg,queries/Q13264.jpg,disc21_neg,0,0.78125,0.5079365079365079,0.4166666666666667,0.16666666666666666,0.640625,0.203125,0.871166
references/R038409.jpg,queries/Q80670.jpg,disc21_neg,0,0.75,0.5238095238095238,0.375,0.11904761904761904,0.65625,1.0,0.950405
references/R038409.jpg,queries/Q22299.jpg,disc21_neg,0,0.8125,0.5238095238095238,0.4444444444444444,0.11904761904761904,0.609375,0.34375,0.836588
references/R038409.jpg,queries/Q20920.jpg,disc21_neg,0,0.46875,0.5555555555555556,0.5138888888888888,0.14285714285714285,0.421875,0.328125,0.935281
references/R038409.jpg,queries/Q20109.jpg,disc21_neg,0,0.328125,0.4126984126984127,0.5,0.09523809523809523,0.40625,0.109375,0.956379
references/R038409.jpg,queries/Q53504.jpg,disc21_neg,0,0.78125,0.4603174603174603,0.5,0.11904761904761904,0.640625,0.234375,1.011758
references/R038409.jpg,queries/Q75320.jpg,disc21_neg,0,0.28125,0.5396825396825397,0.4583333333333333,0.0,0.40625,0.046875,0.957451
references/R038409.jpg,queries/Q19829.jpg,disc21_neg,0,0.828125,0.5555555555555556,0.4444444444444444,0.14285714285714285,0.59375,0.1875,0.987444
references/R038409.jpg,queries/Q11119.jpg,disc21_neg,0,0.515625,0.5396825396825397,0.5416666666666666,0.16666666666666666,0.625,0.40625,1.036341
references/R038409.jpg,queries/Q85387.jpg,disc21_neg,0,0.84375,0.5873015873015873,0.4583333333333333,0.023809523809523808,0.625,0.1875,1.022034
references/R038409.jpg,queries/Q93551.jpg,disc21_neg,0,0.375,0.4444444444444444,0.375,0.16666666666666666,0.3125,0.265625,1.080572
references/R038409.jpg,queries/Q04629.jpg,disc21_neg,0,0.671875,0.5238095238095238,0.4722222222222222,0.11904761904761904,0.5625,0.3125,1.013323
references/R038409.jpg,queries/Q96392.jpg,disc21_neg,0,0.78125,0.42857142857142855,0.4444444444444444,0.16666666666666666,0.6875,0.203125,1.018864
references/R038409.jpg,queries/Q20604.jpg,disc21_neg,0,0.453125,0.5238095238095238,0.3611111111111111,0.07142857142857142,0.40625,1.0,0.919488
references/R038409.jpg,queries/Q94239.jpg,disc21_neg,0,0.484375,0.38095238095238093,0.4027777777777778,0.16666666666666666,0.421875,0.28125,1.050539
references/R038409.jpg,queries/Q86075.jpg,disc21_neg,0,0.515625,0.5079365079365079,0.4583333333333333,0.11904761904761904,0.3125,0.359375,1.010882
references/R038409.jpg,queries/Q11005.jpg,disc21_neg,0,0.546875,0.5873015873015873,0.5555555555555556,0.11904761904761904,0.625,0.3125,0.911923
references/R038409.jpg,queries/Q66508.jpg,disc21_neg,0,0.515625,0.4603174603174603,0.5277777777777778,0.16666666666666666,0.515625,0.4375,1.016115
references/R038409.jpg,queries/Q84207.jpg,disc21_neg,0,0.34375,0.5396825396825397,0.4444444444444444,0.11904761904761904,0.375,0.234375,0.940834
references/R038409.jpg,queries/Q77441.jpg,disc21_neg,0,0.546875,0.49206349206349204,0.4583333333333333,0.14285714285714285,0.484375,0.234375,0.895265
references/R038409.jpg,queries/Q06021.jpg,disc21_neg,0,0.59375,0.5714285714285714,0.4444444444444444,0.07142857142857142,0.65625,0.25,1.101559
references/R038409.jpg,queries/Q67587.jpg,disc21_neg,0,0.65625,0.3968253968253968,0.3194444444444444,0.11904761904761904,0.6875,0.15625,0.958138
references/R038409.jpg,queries/Q52619.jpg,disc21_neg,0,0.71875,0.4444444444444444,0.5138888888888888,0.19047619047619047,0.484375,0.390625,0.910771
references/R038409.jpg,queries/Q35474.jpg,disc21_neg,0,0.671875,0.6666666666666666,0.5277777777777778,0.16666666666666666,0.421875,0.25,1.004061
references/R038409.jpg,queries/Q58438.jpg,disc21_neg,0,0.5625,0.4603174603174603,0.5277777777777778,0.23809523809523808,0.484375,0.15625,0.903697
references/R038409.jpg,queries/Q35225.jpg,disc21_neg,0,0.421875,0.4603174603174603,0.5138888888888888,0.21428571428571427,0.546875,0.09375,1.024894
references/R038409.jpg,queries/Q22728.jpg,disc21_neg,0,0.734375,0.5873015873015873,0.4861111111111111,0.11904761904761904,0.578125,0.359375,0.896890
references/R038409.jpg,queries/Q43188.jpg,disc21_neg,0,0.609375,0.3968253968253968,0.4861111111111111,0.14285714285714285,0.578125,0.328125,0.959511
references/R038409.jpg,queries/Q74039.jpg,disc21_neg,0,0.5625,0.5079365079365079,0.4722222222222222,0.19047619047619047,0.578125,0.28125,0.975638
references/R038409.jpg,queries/Q20927.jpg,disc21_neg,0,0.65625,0.6349206349206349,0.4722222222222222,0.14285714285714285,0.703125,0.296875,1.005684
references/R038409.jpg,queries/Q58809.jpg,disc21_neg,0,0.734375,0.4126984126984127,0.5,0.16666666666666666,0.65625,0.28125,0.979104
references/R038409.jpg,queries/Q03233.jpg,disc21_neg,0,0.5,0.5714285714285714,0.4027777777777778,0.19047619047619047,0.5625,0.125,0.965467
references/R038409.jpg,queries/Q27356.jpg,disc21_neg,0,0.40625,0.4603174603174603,0.4166666666666667,0.19047619047619047,0.59375,0.296875,0.961314
references/R038409.jpg,queries/Q86808.jpg,disc21_neg,0,0.296875,0.5396825396825397,0.5277777777777778,0.11904761904761904,0.453125,0.390625,0.927602
references/R038409.jpg,queries/Q83042.jpg,disc21_neg,0,0.765625,0.5555555555555556,0.5694444444444444,0.11904761904761904,0.5,0.40625,1.044707
references/R038409.jpg,queries/Q08740.jpg,disc21_neg,0,0.65625,0.5714285714285714,0.5277777777777778,0.14285714285714285,0.59375,0.53125,1.003990
references/R038409.jpg,queries/Q84073.jpg,disc21_neg,0,0.5625,0.4603174603174603,0.4861111111111111,0.19047619047619047,0.375,0.375,1.050102
references/R038409.jpg,queries/Q78034.jpg,disc21_neg,0,0.625,0.6507936507936508,0.5555555555555556,0.07142857142857142,0.46875,0.390625,0.851170
references/R038409.jpg,queries/Q68987.jpg,disc21_neg,0,0.4375,0.47619047619047616,0.4583333333333333,0.14285714285714285,0.546875,0.140625,1.033663
references/R038409.jpg,queries/Q41053.jpg,disc21_neg,0,0.921875,0.5873015873015873,0.375,0.11904761904761904,0.453125,0.390625,0.943125
references/R038409.jpg,queries/Q52353.jpg,disc21_neg,0,0.296875,0.47619047619047616,0.3055555555555556,0.16666666666666666,0.5,0.328125,1.012663
references/R038409.jpg,queries/Q35712.jpg,disc21_neg,0,0.296875,0.5396825396825397,0.4861111111111111,0.047619047619047616,0.375,0.109375,0.979962
references/R038409.jpg,queries/Q43994.jpg,disc21_neg,0,0.578125,0.49206349206349204,0.3472222222222222,0.19047619047619047,0.546875,0.203125,0.917427
references/R038409.jpg,queries/Q37489.jpg,disc21_neg,0,0.5,0.5238095238095238,0.5277777777777778,0.19047619047619047,0.421875,0.125,0.964916
references/R038409.jpg,queries/Q12033.jpg,disc21_neg,0,0.734375,0.6031746031746031,0.4305555555555556,0.2619047619047619,0.65625,0.21875,0.916649
references/R038409.jpg,queries/Q52043.jpg,disc21_neg,0,0.671875,0.5555555555555556,0.5277777777777778,0.19047619047619047,0.65625,0.25,0.926473
references/R038409.jpg,queries/Q82327.jpg,disc21_neg,0,0.390625,0.6349206349206349,0.5138888888888888,0.16666666666666666,0.578125,0.328125,1.003905
references/R038409.jpg,queries/Q66228.jpg,disc21_neg,0,0.3125,0.3968253968253968,0.3472222222222222,0.11904761904761904,0.40625,0.1875,0.951099
references/R038409.jpg,queries/Q91104.jpg,disc21_neg,0,0.328125,0.49206349206349204,0.4305555555555556,0.16666666666666666,0.296875,0.171875,0.972498
references/R038409.jpg,queries/Q47724.jpg,disc21_neg,0,0.28125,0.5555555555555556,0.3888888888888889,0.11904761904761904,0.3125,0.421875,1.003016
references/R038409.jpg,queries/Q99313.jpg,disc21_neg,0,0.84375,0.5396825396825397,0.4583333333333333,0.16666666666666666,0.546875,0.4375,0.912908
references/R038409.jpg,queries/Q03572.jpg,disc21_neg,0,0.8125,0.5555555555555556,0.4722222222222222,0.16666666666666666,0.671875,0.390625,0.945812
references/R038409.jpg,queries/Q04414.jpg,disc21_neg,0,0.703125,0.49206349206349204,0.4444444444444444,0.07142857142857142,0.671875,1.0,0.809195
references/R038409.jpg,queries/Q12405.jpg,disc21_neg,0,0.8125,0.4126984126984127,0.4166666666666667,0.16666666666666666,0.6875,0.078125,0.980732
references/R038409.jpg,queries/Q10788.jpg,disc21_neg,0,0.515625,0.5238095238095238,0.5555555555555556,0.21428571428571427,0.65625,0.234375,1.049607
references/R038409.jpg,queries/Q93882.jpg,disc21_neg,0,0.4375,0.5396825396825397,0.5138888888888888,0.07142857142857142,0.4375,0.265625,1.013145
references/R038409.jpg,queries/Q99309.jpg,disc21_neg,0,0.828125,0.47619047619047616,0.4583333333333333,0.047619047619047616,0.40625,0.140625,0.969521
references/R038409.jpg,queries/Q45318.jpg,disc21_neg,0,0.671875,0.49206349206349204,0.5277777777777778,0.14285714285714285,0.625,0.265625,1.014994
references/R038409.jpg,queries/Q06214.jpg,disc21_neg,0,0.546875,0.47619047619047616,0.5138888888888888,0.14285714285714285,0.515625,0.28125,0.970736
references/R038409.jpg,queries/Q21250.jpg,disc21_neg,0,0.171875,0.4603174603174603,0.5972222222222222,0.19047619047619047,0.359375,0.046875,0.871592
references/R038409.jpg,queries/Q71855.jpg,disc21_neg,0,0.609375,0.5714285714285714,0.4722222222222222,0.19047619047619047,0.546875,0.375,0.914935
references/R038409.jpg,queries/Q31549.jpg,disc21_neg,0,0.609375,0.47619047619047616,0.5,0.14285714285714285,0.609375,0.265625,0.920461
references/R038409.jpg,queries/Q54918.jpg,disc21_neg,0,0.625,0.5714285714285714,0.4583333333333333,0.19047619047619047,0.671875,0.390625,0.862842
references/R038409.jpg,queries/Q02275.jpg,disc21_neg,0,0.75,0.49206349206349204,0.3611111111111111,0.11904761904761904,0.421875,0.15625,0.967141
references/R038409.jpg,queries/Q45804.jpg,disc21_neg,0,0.6875,0.6349206349206349,0.4722222222222222,0.19047619047619047,0.484375,0.21875,0.936020
references/R038409.jpg,queries/Q80919.jpg,disc21_neg,0,0.4375,0.47619047619047616,0.3472222222222222,0.16666666666666666,0.359375,0.359375,0.880353
references/R038409.jpg,queries/Q09665.jpg,disc21_neg,0,0.546875,0.5873015873015873,0.4027777777777778,0.21428571428571427,0.546875,0.46875,1.019430
references/R038409.jpg,queries/Q35735.jpg,disc21_neg,0,0.59375,0.5555555555555556,0.4861111111111111,0.11904761904761904,0.609375,0.375,1.010168
references/R038409.jpg,queries/Q73938.jpg,disc21_neg,0,0.515625,0.4444444444444444,0.2222222222222222,0.19047619047619047,0.609375,0.046875,0.970140
references/R038409.jpg,queries/Q57734.jpg,disc21_neg,0,0.640625,0.3968253968253968,0.3888888888888889,0.19047619047619047,0.59375,0.171875,0.961543
references/R038409.jpg,queries/Q25427.jpg,disc21_neg,0,0.59375,0.5396825396825397,0.4444444444444444,0.16666666666666666,0.65625,1.0,0.853513
references/R038409.jpg,queries/Q35698.jpg,disc21_neg,0,0.515625,0.47619047619047616,0.5,0.19047619047619047,0.578125,0.28125,1.020074
references/R038409.jpg,queries/Q91750.jpg,disc21_neg,0,0.65625,0.42857142857142855,0.5138888888888888,0.09523809523809523,0.546875,0.125,0.989314
references/R038409.jpg,queries/Q11090.jpg,disc21_neg,0,0.828125,0.6190476190476191,0.5138888888888888,0.16666666666666666,0.828125,0.15625,1.007959
references/R038409.jpg,queries/Q51831.jpg,disc21_neg,0,0.34375,0.49206349206349204,0.4027777777777778,0.11904761904761904,0.4375,0.296875,0.960762
references/R038409.jpg,queries/Q25681.jpg,disc21_neg,0,0.890625,0.42857142857142855,0.5138888888888888,0.14285714285714285,0.703125,0.1875,1.047045
references/R038409.jpg,queries/Q87002.jpg,disc21_neg,0,0.3125,0.6349206349206349,0.4305555555555556,0.16666666666666666,0.421875,0.28125,1.048767
references/R038409.jpg,queries/Q38752.jpg,disc21_neg,0,0.578125,0.5873015873015873,0.4861111111111111,0.23809523809523808,0.375,0.234375,0.963402
references/R038409.jpg,queries/Q90620.jpg,disc21_neg,0,0.703125,0.3968253968253968,0.375,0.14285714285714285,0.609375,0.421875,1.088931
references/R038409.jpg,queries/Q77427.jpg,disc21_neg,0,0.34375,0.6031746031746031,0.4444444444444444,0.047619047619047616,0.46875,0.21875,0.731228
references/R038409.jpg,queries/Q53931.jpg,disc21_neg,0,0.34375,0.6031746031746031,0.4027777777777778,0.21428571428571427,0.375,0.390625,0.909382
references/R038409.jpg,queries/Q38881.jpg,disc21_neg,0,0.390625,0.5555555555555556,0.5,0.16666666666666666,0.421875,0.453125,1.019156
references/R038409.jpg,queries/Q21795.jpg,disc21_neg,0,0.296875,0.5238095238095238,0.4444444444444444,0.11904761904761904,0.53125,1.0,1.006773
references/R038409.jpg,queries/Q12458.jpg,disc21_neg,0,0.59375,0.42857142857142855,0.4444444444444444,0.14285714285714285,0.5,0.328125,0.972717
references/R038409.jpg,queries/Q07078.jpg,disc21_neg,0,0.78125,0.5238095238095238,0.3888888888888889,0.16666666666666666,0.5625,0.390625,1.034300
references/R038409.jpg,queries/Q99396.jpg,disc21_neg,0,0.5,0.5238095238095238,0.4583333333333333,0.2857142857142857,0.578125,0.0625,0.962225
references/R038409.jpg,queries/Q10464.jpg,disc21_neg,0,0.4375,0.47619047619047616,0.5555555555555556,0.11904761904761904,0.484375,1.0,0.840901
references/R038409.jpg,queries/Q77823.jpg,disc21_neg,0,0.4375,0.36507936507936506,0.4027777777777778,0.19047619047619047,0.40625,0.25,1.025457
references/R038409.jpg,queries/Q64264.jpg,disc21_neg,0,0.421875,0.5555555555555556,0.5277777777777778,0.11904761904761904,0.484375,0.1875,0.974187
references/R038409.jpg,queries/Q46811.jpg,disc21_neg,0,0.875,0.5079365079365079,0.4722222222222222,0.047619047619047616,0.578125,0.21875,0.884673
references/R038409.jpg,queries/Q25224.jpg,disc21_neg,0,0.5,0.5714285714285714,0.5694444444444444,0.14285714285714285,0.515625,0.34375,0.958216
references/R038409.jpg,queries/Q14569.jpg,disc21_neg,0,0.5,0.5396825396825397,0.4166666666666667,0.19047619047619047,0.453125,0.15625,0.983195
references/R038409.jpg,queries/Q90957.jpg,disc21_neg,0,0.609375,0.5714285714285714,0.4305555555555556,0.11904761904761904,0.734375,1.0,0.985051
references/R038409.jpg,queries/Q48755.jpg,disc21_neg,0,0.875,0.5238095238095238,0.4583333333333333,0.14285714285714285,0.5625,0.0625,0.900119
references/R038409.jpg,queries/Q72821.jpg,disc21_neg,0,0.59375,0.42857142857142855,0.3333333333333333,0.16666666666666666,0.359375,0.234375,1.011974
references/R038409.jpg,queries/Q35383.jpg,disc21_neg,0,0.671875,0.49206349206349204,0.4444444444444444,0.09523809523809523,0.796875,0.34375,0.965394
references/R038409.jpg,queries/Q98934.jpg,disc21_neg,0,0.796875,0.6031746031746031,0.5833333333333334,0.23809523809523808,0.78125,0.40625,0.977151
references/R038409.jpg,queries/Q11784.jpg,disc21_neg,0,0.78125,0.6825396825396826,0.5,0.07142857142857142,0.640625,1.0,0.970060
references/R038409.jpg,queries/Q18479.jpg,disc21_neg,0,0.703125,0.42857142857142855,0.4444444444444444,0.19047619047619047,0.546875,0.171875,0.766870
references/R038409.jpg,queries/Q71979.jpg,disc21_neg,0,0.15625,0.5396825396825397,0.4166666666666667,0.16666666666666666,0.34375,0.265625,0.959840
references/R038409.jpg,queries/Q85662.jpg,disc21_neg,0,0.421875,0.4603174603174603,0.3888888888888889,0.07142857142857142,0.4375,1.0,1.013824
references/R038409.jpg,queries/Q31528.jpg,disc21_neg,0,0.875,0.5714285714285714,0.5138888888888888,0.11904761904761904,0.640625,0.234375,0.953475
references/R038409.jpg,queries/Q99375.jpg,disc21_neg,0,0.453125,0.5238095238095238,0.375,0.21428571428571427,0.5,0.203125,1.022582
references/R038409.jpg,queries/Q74549.jpg,disc21_neg,0,0.671875,0.4603174603174603,0.4722222222222222,0.14285714285714285,0.625,0.359375,0.837434
references/R038409.jpg,queries/Q88930.jpg,disc21_neg,0,0.265625,0.6031746031746031,0.3888888888888889,0.16666666666666666,0.40625,0.171875,0.980484
references/R038409.jpg,queries/Q35352.jpg,disc21_neg,0,0.484375,0.5555555555555556,0.4027777777777778,0.21428571428571427,0.390625,0.59375,0.935085
references/R038409.jpg,queries/Q83160.jpg,disc21_neg,0,0.609375,0.4444444444444444,0.3472222222222222,0.23809523809523808,0.65625,0.34375,1.013623
references/R038409.jpg,queries/Q03273.jpg,disc21_neg,0,0.5,0.4603174603174603,0.4166666666666667,0.14285714285714285,0.375,0.171875,0.953019
references/R038409.jpg,queries/Q42782.jpg,disc21_neg,0,0.328125,0.4126984126984127,0.4722222222222222,0.047619047619047616,0.4375,0.15625,0.907067
references/R038409.jpg,queries/Q29504.jpg,disc21_neg,0,0.421875,0.5238095238095238,0.4861111111111111,0.11904761904761904,0.296875,0.296875,0.953307
references/R038409.jpg,queries/Q98513.jpg,disc21_neg,0,0.671875,0.5396825396825397,0.5277777777777778,0.2857142857142857,0.59375,0.375,0.914664
references/R038409.jpg,queries/Q63550.jpg,disc21_neg,0,0.515625,0.4603174603174603,0.4166666666666667,0.07142857142857142,0.5,1.0,0.974957
references/R038409.jpg,queries/Q61416.jpg,disc21_neg,0,0.625,0.5714285714285714,0.4166666666666667,0.07142857142857142,0.640625,1.0,1.007191
references/R038409.jpg,queries/Q08657.jpg,disc21_neg,0,0.328125,0.42857142857142855,0.5555555555555556,0.19047619047619047,0.5,0.1875,0.993079
references/R038409.jpg,queries/Q61499.jpg,disc21_neg,0,0.46875,0.4603174603174603,0.4861111111111111,0.19047619047619047,0.53125,0.234375,0.994384
references/R038409.jpg,queries/Q12058.jpg,disc21_neg,0,0.53125,0.49206349206349204,0.3055555555555556,0.19047619047619047,0.484375,0.390625,0.921738
references/R038409.jpg,queries/Q85626.jpg,disc21_neg,0,0.796875,0.5714285714285714,0.3611111111111111,0.16666666666666666,0.75,0.375,1.028349
references/R038409.jpg,queries/Q68569.jpg,disc21_neg,0,0.78125,0.6666666666666666,0.5138888888888888,0.14285714285714285,0.71875,0.28125,0.880813
references/R038409.jpg,queries/Q60485.jpg,disc21_neg,0,0.875,0.5714285714285714,0.3888888888888889,0.11904761904761904,0.5,0.53125,0.655470
references/R038409.jpg,queries/Q17202.jpg,disc21_neg,0,0.359375,0.49206349206349204,0.4305555555555556,0.09523809523809523,0.40625,0.40625,0.939300
references/R038409.jpg,queries/Q62293.jpg,disc21_neg,0,0.640625,0.5873015873015873,0.4444444444444444,0.19047619047619047,0.703125,0.4375,0.891234
references/R038409.jpg,queries/Q21060.jpg,disc21_neg,0,0.390625,0.4603174603174603,0.4027777777777778,0.11904761904761904,0.515625,1.0,0.835777
references/R038409.jpg,queries/Q34035.jpg,disc21_neg,0,0.796875,0.6031746031746031,0.5138888888888888,0.16666666666666666,0.640625,0.515625,0.894301
references/R038409.jpg,queries/Q59379.jpg,disc21_neg,0,0.6875,0.4603174603174603,0.5555555555555556,0.11904761904761904,0.5625,0.34375,0.963812
references/R038409.jpg,queries/Q22020.jpg,disc21_neg,0,0.5625,0.5238095238095238,0.5138888888888888,0.16666666666666666,0.5,0.28125,0.941521
references/R038409.jpg,queries/Q27651.jpg,disc21_neg,0,0.65625,0.3968253968253968,0.3333333333333333,0.07142857142857142,0.40625,1.0,0.951928
references/R038409.jpg,queries/Q48110.jpg,disc21_neg,0,0.625,0.5396825396825397,0.4861111111111111,0.19047619047619047,0.671875,0.34375,0.832474
references/R038409.jpg,queries/Q59266.jpg,disc21_neg,0,0.328125,0.49206349206349204,0.4166666666666667,0.14285714285714285,0.34375,0.375,1.032079
references/R038409.jpg,queries/Q04618.jpg,disc21_neg,0,0.4375,0.5714285714285714,0.5277777777777778,0.11904761904761904,0.359375,0.25,0.933180
references/R038409.jpg,queries/Q72623.jpg,disc21_neg,0,0.421875,0.5079365079365079,0.5416666666666666,0.16666666666666666,0.453125,0.375,0.929432
references/R038409.jpg,queries/Q01094.jpg,disc21_neg,0,0.5625,0.5079365079365079,0.4861111111111111,0.07142857142857142,0.4375,1.0,0.881540
references/R038409.jpg,queries/Q26536.jpg,disc21_neg,0,0.734375,0.49206349206349204,0.4722222222222222,0.21428571428571427,0.546875,0.40625,0.900777
references/R038409.jpg,queries/Q38818.jpg,disc21_neg,0,0.890625,0.5238095238095238,0.4722222222222222,0.07142857142857142,0.75,1.0,0.893575
references/R038409.jpg,queries/Q64541.jpg,disc21_neg,0,0.3125,0.5079365079365079,0.4861111111111111,0.11904761904761904,0.375,0.265625,0.988911
references/R038409.jpg,queries/Q02033.jpg,disc21_neg,0,0.578125,0.6031746031746031,0.375,0.023809523809523808,0.625,0.15625,0.852537
references/R038409.jpg,queries/Q68611.jpg,disc21_neg,0,0.8125,0.5873015873015873,0.5416666666666666,0.16666666666666666,0.703125,0.375,1.001924
references/R038409.jpg,queries/Q28129.jpg,disc21_neg,0,0.6875,0.4444444444444444,0.4166666666666667,0.09523809523809523,0.578125,0.25,0.987182
references/R038409.jpg,queries/Q56888.jpg,disc21_neg,0,0.421875,0.4444444444444444,0.4166666666666667,0.09523809523809523,0.34375,0.234375,1.109795
references/R038409.jpg,queries/Q73143.jpg,disc21_neg,0,0.359375,0.4126984126984127,0.4305555555555556,0.09523809523809523,0.375,0.1875,1.030326
references/R038409.jpg,queries/Q81033.jpg,disc21_neg,0,0.546875,0.5555555555555556,0.4027777777777778,0.11904761904761904,0.71875,1.0,0.919640
references/R038409.jpg,queries/Q80036.jpg,disc21_neg,0,0.515625,0.5079365079365079,0.3888888888888889,0.19047619047619047,0.453125,0.109375,0.992973
references/R038409.jpg,queries/Q22813.jpg,disc21_neg,0,0.5,0.49206349206349204,0.4305555555555556,0.11904761904761904,0.515625,0.25,0.861777
references/R038409.jpg,queries/Q09663.jpg,disc21_neg,0,0.875,0.5396825396825397,0.4861111111111111,0.07142857142857142,0.796875,0.390625,0.909848
references/R038409.jpg,queries/Q85543.jpg,disc21_neg,0,0.578125,0.5238095238095238,0.3333333333333333,0.16666666666666666,0.453125,0.15625,1.002053
references/R038409.jpg,queries/Q37158.jpg,disc21_neg,0,0.328125,0.5238095238095238,0.4722222222222222,0.11904761904761904,0.5625,0.328125,0.973023
references/R038409.jpg,queries/Q18274.jpg,disc21_neg,0,0.65625,0.5238095238095238,0.3472222222222222,0.19047619047619047,0.484375,0.390625,0.999714
references/R038409.jpg,queries/Q28899.jpg,disc21_neg,0,0.6875,0.4603174603174603,0.4583333333333333,0.09523809523809523,0.546875,0.21875,0.998919
references/R038409.jpg,queries/Q79930.jpg,disc21_neg,0,0.359375,0.47619047619047616,0.4583333333333333,0.14285714285714285,0.359375,0.15625,0.890753
references/R038409.jpg,queries/Q97804.jpg,disc21_neg,0,0.546875,0.47619047619047616,0.4722222222222222,0.21428571428571427,0.328125,0.140625,0.976239
references/R038409.jpg,queries/Q67461.jpg,disc21_neg,0,0.625,0.4444444444444444,0.375,0.23809523809523808,0.671875,0.390625,0.967709
references/R038409.jpg,queries/Q41309.jpg,disc21_neg,0,0.65625,0.5873015873015873,0.5277777777777778,0.07142857142857142,0.75,0.1875,0.941894
references/R038409.jpg,queries/Q62634.jpg,disc21_neg,0,0.71875,0.42857142857142855,0.375,0.14285714285714285,0.6875,0.1875,0.872560
references/R038409.jpg,queries/Q73861.jpg,disc21_neg,0,0.4375,0.5079365079365079,0.3888888888888889,0.19047619047619047,0.59375,0.078125,0.939747
references/R038409.jpg,queries/Q96866.jpg,disc21_neg,0,0.375,0.47619047619047616,0.4027777777777778,0.11904761904761904,0.328125,1.0,0.850393
references/R038409.jpg,queries/Q82477.jpg,disc21_neg,0,0.515625,0.47619047619047616,0.4166666666666667,0.19047619047619047,0.625,0.203125,0.967358
references/R038409.jpg,queries/Q89422.jpg,disc21_neg,0,0.265625,0.4603174603174603,0.4166666666666667,0.16666666666666666,0.296875,0.15625,0.929940
references/R038409.jpg,queries/Q06997.jpg,disc21_neg,0,0.671875,0.5079365079365079,0.375,0.21428571428571427,0.5625,0.171875,0.914944
references/R038409.jpg,queries/Q14078.jpg,disc21_neg,0,0.4375,0.5555555555555556,0.3888888888888889,0.21428571428571427,0.53125,0.4375,0.945887
references/R038409.jpg,queries/Q52785.jpg,disc21_neg,0,0.515625,0.5079365079365079,0.4027777777777778,0.19047619047619047,0.453125,0.359375,1.022673
references/R038409.jpg,queries/Q66801.jpg,disc21_neg,0,0.546875,0.5396825396825397,0.4166666666666667,0.16666666666666666,0.625,0.28125,1.068680
references/R038409.jpg,queries/Q89419.jpg,disc21_neg,0,0.5,0.4603174603174603,0.375,0.11904761904761904,0.484375,0.28125,1.006994
references/R038409.jpg,queries/Q45353.jpg,disc21_neg,0,0.765625,0.5555555555555556,0.4722222222222222,0.07142857142857142,0.734375,1.0,0.934605
references/R038409.jpg,queries/Q01114.jpg,disc21_neg,0,0.46875,0.47619047619047616,0.4722222222222222,0.16666666666666666,0.546875,0.421875,0.943978
references/R038409.jpg,queries/Q66195.jpg,disc21_neg,0,0.828125,0.4126984126984127,0.4583333333333333,0.16666666666666666,0.65625,0.125,0.899074
references/R038409.jpg,queries/Q24978.jpg,disc21_neg,0,0.46875,0.3333333333333333,0.4861111111111111,0.2619047619047619,0.46875,0.34375,0.866779
references/R038409.jpg,queries/Q44604.jpg,disc21_neg,0,0.53125,0.47619047619047616,0.25,0.023809523809523808,0.4375,0.125,0.914727
references/R038409.jpg,queries/Q24837.jpg,disc21_neg,0,0.09375,0.4603174603174603,0.4861111111111111,0.14285714285714285,0.40625,0.046875,0.974897
references/R038409.jpg,queries/Q62408.jpg,disc21_neg,0,0.6875,0.49206349206349204,0.4583333333333333,0.11904761904761904,0.5625,1.0,1.006635
references/R038409.jpg,queries/Q86304.jpg,disc21_neg,0,0.703125,0.42857142857142855,0.4444444444444444,0.0,0.578125,0.328125,0.946454
references/R038409.jpg,queries/Q22269.jpg,disc21_neg,0,0.515625,0.7142857142857143,0.4583333333333333,0.11904761904761904,0.671875,0.53125,0.977058
references/R038409.jpg,queries/Q12667.jpg,disc21_neg,0,0.828125,0.6349206349206349,0.4722222222222222,0.09523809523809523,0.65625,0.21875,0.872077
references/R038409.jpg,queries/Q57672.jpg,disc21_neg,0,0.8125,0.5396825396825397,0.4444444444444444,0.23809523809523808,0.515625,0.28125,0.918108
references/R038409.jpg,queries/Q48167.jpg,disc21_neg,0,0.390625,0.4603174603174603,0.5138888888888888,0.14285714285714285,0.4375,0.125,1.011698
references/R038409.jpg,queries/Q23293.jpg,disc21_neg,0,0.53125,0.49206349206349204,0.5,0.21428571428571427,0.5,0.28125,0.996384
references/R038409.jpg,queries/Q67142.jpg,disc21_neg,0,0.203125,0.42857142857142855,0.5555555555555556,0.19047619047619047,0.28125,0.34375,0.909593
references/R038409.jpg,queries/Q60369.jpg,disc21_neg,0,0.625,0.5555555555555556,0.4444444444444444,0.09523809523809523,0.390625,0.46875,1.030825
references/R038409.jpg,queries/Q37085.jpg,disc21_neg,0,0.84375,0.5079365079365079,0.5277777777777778,0.14285714285714285,0.703125,0.390625,1.009490
references/R038409.jpg,queries/Q59782.jpg,disc21_neg,0,0.765625,0.4444444444444444,0.4861111111111111,0.11904761904761904,0.5,0.296875,0.944755
references/R038409.jpg,queries/Q07377.jpg,disc21_neg,0,0.4375,0.3968253968253968,0.2916666666666667,0.16666666666666666,0.359375,0.28125,0.952547
references/R038409.jpg,queries/Q95607.jpg,disc21_neg,0,0.359375,0.5079365079365079,0.3472222222222222,0.19047619047619047,0.328125,0.59375,0.907361
references/R038409.jpg,queries/Q15019.jpg,disc21_neg,0,0.453125,0.38095238095238093,0.5416666666666666,0.21428571428571427,0.5,0.265625,0.992151
references/R038409.jpg,queries/Q16372.jpg,disc21_neg,0,0.703125,0.49206349206349204,0.4583333333333333,0.14285714285714285,0.578125,0.328125,0.990753
references/R038409.jpg,queries/Q67120.jpg,disc21_neg,0,0.65625,0.6031746031746031,0.5555555555555556,0.23809523809523808,0.765625,0.109375,1.021761
references/R038409.jpg,queries/Q55752.jpg,disc21_neg,0,0.453125,0.5079365079365079,0.4444444444444444,0.2619047619047619,0.46875,0.234375,1.001000
references/R038409.jpg,queries/Q92925.jpg,disc21_neg,0,0.59375,0.47619047619047616,0.4444444444444444,0.14285714285714285,0.578125,0.171875,1.026319
references/R038409.jpg,queries/Q51481.jpg,disc21_neg,0,0.296875,0.42857142857142855,0.4861111111111111,0.11904761904761904,0.375,0.0625,0.953846
references/R038409.jpg,queries/Q23735.jpg,disc21_neg,0,0.5,0.4126984126984127,0.4166666666666667,0.09523809523809523,0.453125,0.296875,0.960973
references/R038409.jpg,queries/Q13209.jpg,disc21_neg,0,0.5625,0.5396825396825397,0.3333333333333333,0.14285714285714285,0.703125,0.3125,0.956919
references/R038409.jpg,queries/Q41963.jpg,disc21_neg,0,0.421875,0.47619047619047616,0.4861111111111111,0.047619047619047616,0.390625,0.171875,0.928954
references/R038409.jpg,queries/Q36033.jpg,disc21_neg,0,0.46875,0.49206349206349204,0.4027777777777778,0.21428571428571427,0.59375,0.5625,0.976536
references/R038409.jpg,queries/Q34935.jpg,disc21_neg,0,0.609375,0.42857142857142855,0.4166666666666667,0.09523809523809523,0.453125,0.375,1.054757
references/R038409.jpg,queries/Q28035.jpg,disc21_neg,0,0.625,0.42857142857142855,0.4166666666666667,0.14285714285714285,0.484375,0.46875,1.015134
references/R038409.jpg,queries/Q05388.jpg,disc21_neg,0,0.28125,0.49206349206349204,0.4027777777777778,0.16666666666666666,0.53125,0.109375,0.908605
references/R038409.jpg,queries/Q31393.jpg,disc21_neg,0,0.3125,0.5555555555555556,0.4444444444444444,0.11904761904761904,0.515625,0.15625,1.032602
references/R038409.jpg,queries/Q04572.jpg,disc21_neg,0,0.296875,0.4603174603174603,0.4027777777777778,0.11904761904761904,0.1875,0.359375,0.887203
references/R038409.jpg,queries/Q88150.jpg,disc21_neg,0,0.5625,0.5238095238095238,0.5,0.21428571428571427,0.703125,0.46875,1.032310
references/R038409.jpg,queries/Q28255.jpg,disc21_neg,0,0.375,0.5873015873015873,0.4305555555555556,0.16666666666666666,0.5,0.15625,1.016346
references/R038409.jpg,queries/Q92880.jpg,disc21_neg,0,0.65625,0.42857142857142855,0.3611111111111111,0.11904761904761904,0.65625,0.25,1.035423
references/R038409.jpg,queries/Q14726.jpg,disc21_neg,0,0.28125,0.5079365079365079,0.5694444444444444,0.07142857142857142,0.296875,0.171875,0.868224
references/R038409.jpg,queries/Q43014.jpg,disc21_neg,0,0.84375,0.5555555555555556,0.5,0.11904761904761904,0.609375,0.296875,0.776216
references/R038409.jpg,queries/Q78892.jpg,disc21_neg,0,0.640625,0.4444444444444444,0.4861111111111111,0.19047619047619047,0.59375,0.375,1.063915
references/R038409.jpg,queries/Q68689.jpg,disc21_neg,0,0.625,0.5238095238095238,0.4861111111111111,0.14285714285714285,0.640625,0.234375,0.981482
references/R038409.jpg,queries/Q62113.jpg,disc21_neg,0,0.71875,0.5396825396825397,0.5555555555555556,0.11904761904761904,0.59375,1.0,1.007179
references/R038409.jpg,queries/Q08675.jpg,disc21_neg,0,0.90625,0.6349206349206349,0.5277777777777778,0.19047619047619047,0.734375,0.46875,0.873719
references/R038409.jpg,queries/Q42116.jpg,disc21_neg,0,0.765625,0.6031746031746031,0.5694444444444444,0.09523809523809523,0.640625,0.21875,0.935106
references/R038409.jpg,queries/Q08333.jpg,disc21_neg,0,0.640625,0.49206349206349204,0.625,0.16666666666666666,0.53125,0.15625,0.895267
references/R038409.jpg,queries/Q84740.jpg,disc21_neg,0,0.28125,0.5873015873015873,0.5,0.11904761904761904,0.359375,0.0625,1.022091
references/R038409.jpg,queries/Q21815.jpg,disc21_neg,0,0.609375,0.6031746031746031,0.4444444444444444,0.16666666666666666,0.671875,0.1875,1.045665
references/R038409.jpg,queries/Q88626.jpg,disc21_neg,0,0.5625,0.49206349206349204,0.4861111111111111,0.19047619047619047,0.546875,0.4375,1.021638
references/R038409.jpg,queries/Q67149.jpg,disc21_neg,0,0.453125,0.4444444444444444,0.4444444444444444,0.19047619047619047,0.296875,0.328125,0.866235
references/R038409.jpg,queries/Q61916.jpg,disc21_neg,0,0.421875,0.5396825396825397,0.4027777777777778,0.23809523809523808,0.5,0.328125,1.004237
references/R038409.jpg,queries/Q22533.jpg,disc21_neg,0,0.6875,0.47619047619047616,0.3611111111111111,0.07142857142857142,0.71875,1.0,0.978230
references/R038409.jpg,queries/Q06313.jpg,disc21_neg,0,0.828125,0.5873015873015873,0.5277777777777778,0.09523809523809523,0.59375,0.421875,1.028487
references/R038409.jpg,queries/Q60128.jpg,disc21_neg,0,0.5625,0.5238095238095238,0.5138888888888888,0.16666666666666666,0.4375,0.140625,0.999694
references/R038409.jpg,queries/Q03364.jpg,disc21_neg,0,0.625,0.3968253968253968,0.4861111111111111,0.09523809523809523,0.484375,0.359375,1.062290
references/R038409.jpg,queries/Q52443.jpg,disc21_neg,0,0.609375,0.49206349206349204,0.5,0.19047619047619047,0.578125,0.359375,0.937916
references/R038409.jpg,queries/Q47591.jpg,disc21_neg,0,0.71875,0.49206349206349204,0.5138888888888888,0.09523809523809523,0.390625,0.3125,0.983519
references/R038409.jpg,queries/Q74858.jpg,disc21_neg,0,0.421875,0.6984126984126984,0.5416666666666666,0.11904761904761904,0.484375,0.296875,0.995468
references/R038409.jpg,queries/Q70017.jpg,disc21_neg,0,0.296875,0.4603174603174603,0.4583333333333333,0.09523809523809523,0.359375,0.21875,1.008421
references/R038409.jpg,queries/Q61374.jpg,disc21_neg,0,0.734375,0.4603174603174603,0.4722222222222222,0.047619047619047616,0.75,0.25,0.961148
references/R038409.jpg,queries/Q30152.jpg,disc21_neg,0,0.84375,0.49206349206349204,0.4722222222222222,0.16666666666666666,0.546875,0.390625,0.876614
references/R038409.jpg,queries/Q36940.jpg,disc21_neg,0,0.59375,0.5396825396825397,0.5416666666666666,0.07142857142857142,0.421875,0.171875,1.033528
references/R038409.jpg,queries/Q51725.jpg,disc21_neg,0,0.609375,0.3968253968253968,0.4305555555555556,0.14285714285714285,0.625,0.109375,0.997073
references/R038409.jpg,queries/Q96891.jpg,disc21_neg,0,0.6875,0.5238095238095238,0.4444444444444444,0.19047619047619047,0.671875,0.390625,0.930102
references/R038409.jpg,queries/Q31585.jpg,disc21_neg,0,0.625,0.5238095238095238,0.3611111111111111,0.047619047619047616,0.484375,0.125,0.883942
references/R038409.jpg,queries/Q98796.jpg,disc21_neg,0,0.75,0.49206349206349204,0.375,0.11904761904761904,0.75,0.265625,0.934370
references/R038409.jpg,queries/Q63721.jpg,disc21_neg,0,0.59375,0.5873015873015873,0.4444444444444444,0.19047619047619047,0.59375,0.15625,0.919731
references/R038409.jpg,queries/Q38903.jpg,disc21_neg,0,0.265625,0.47619047619047616,0.375,0.047619047619047616,0.296875,0.265625,0.951773
references/R038409.jpg,queries/Q67749.jpg,disc21_neg,0,0.65625,0.42857142857142855,0.5555555555555556,0.19047619047619047,0.71875,0.328125,1.070194
references/R038409.jpg,queries/Q60991.jpg,disc21_neg,0,0.4375,0.4444444444444444,0.4722222222222222,0.11904761904761904,0.578125,1.0,1.068102
references/R038409.jpg,queries/Q32679.jpg,disc21_neg,0,0.359375,0.5079365079365079,0.5555555555555556,0.0,0.375,0.3125,0.984404
references/R038409.jpg,queries/Q25747.jpg,disc21_neg,0,0.625,0.5555555555555556,0.4027777777777778,0.07142857142857142,0.734375,0.171875,0.976735
references/R038409.jpg,queries/Q77530.jpg,disc21_neg,0,0.59375,0.5079365079365079,0.3888888888888889,0.19047619047619047,0.5625,0.125,1.035431
references/R038409.jpg,queries/Q45797.jpg,disc21_neg,0,0.578125,0.6190476190476191,0.5277777777777778,0.11904761904761904,0.515625,0.46875,0.869185
references/R038409.jpg,queries/Q07059.jpg,disc21_neg,0,0.671875,0.5238095238095238,0.5138888888888888,0.09523809523809523,0.578125,0.46875,0.849662
references/R038409.jpg,queries/Q13759.jpg,disc21_neg,0,0.875,0.47619047619047616,0.5138888888888888,0.21428571428571427,0.609375,0.53125,0.887805
references/R038409.jpg,queries/Q64117.jpg,disc21_neg,0,0.78125,0.4603174603174603,0.4444444444444444,0.16666666666666666,0.546875,0.171875,0.887678
references/R038409.jpg,queries/Q40099.jpg,disc21_neg,0,0.625,0.5079365079365079,0.4305555555555556,0.09523809523809523,0.359375,0.53125,1.053198
references/R038409.jpg,queries/Q12905.jpg,disc21_neg,0,0.375,0.49206349206349204,0.3888888888888889,0.07142857142857142,0.34375,1.0,0.923116
references/R038409.jpg,queries/Q70585.jpg,disc21_neg,0,0.65625,0.36507936507936506,0.5277777777777778,0.21428571428571427,0.609375,0.546875,0.964129
references/R038409.jpg,queries/Q01351.jpg,disc21_neg,0,0.21875,0.47619047619047616,0.4861111111111111,0.23809523809523808,0.28125,0.375,1.012798
references/R038409.jpg,queries/Q85040.jpg,disc21_neg,0,0.671875,0.4603174603174603,0.4722222222222222,0.21428571428571427,0.609375,0.15625,1.003041
references/R038409.jpg,queries/Q50884.jpg,disc21_neg,0,0.59375,0.5079365079365079,0.5,0.11904761904761904,0.484375,0.25,0.947015
references/R038409.jpg,queries/Q79225.jpg,disc21_neg,0,0.546875,0.5396825396825397,0.3611111111111111,0.09523809523809523,0.65625,0.5,0.928871
references/R038409.jpg,queries/Q42497.jpg,disc21_neg,0,0.546875,0.5396825396825397,0.5,0.09523809523809523,0.546875,0.359375,0.953455
references/R038409.jpg,queries/Q08853.jpg,disc21_neg,0,0.6875,0.5555555555555556,0.625,0.11904761904761904,0.515625,0.265625,1.006422
references/R038409.jpg,queries/Q99915.jpg,disc21_neg,0,0.59375,0.5714285714285714,0.4722222222222222,0.21428571428571427,0.453125,0.234375,0.968662
references/R038409.jpg,queries/Q58429.jpg,disc21_neg,0,0.46875,0.5238095238095238,0.4722222222222222,0.21428571428571427,0.4375,0.125,1.031267
references/R038409.jpg,queries/Q48861.jpg,disc21_neg,0,0.703125,0.49206349206349204,0.3333333333333333,0.07142857142857142,0.796875,1.0,0.831621
references/R038409.jpg,queries/Q11256.jpg,disc21_neg,0,0.578125,0.5555555555555556,0.4444444444444444,0.21428571428571427,0.625,0.296875,1.015029
references/R038409.jpg,queries/Q91850.jpg,disc21_neg,0,0.625,0.5079365079365079,0.4583333333333333,0.0,0.390625,0.03125,0.944422
references/R038409.jpg,queries/Q92742.jpg,disc21_neg,0,0.484375,0.5079365079365079,0.4166666666666667,0.14285714285714285,0.640625,0.375,0.927690
references/R038409.jpg,queries/Q13385.jpg,disc21_neg,0,0.390625,0.5079365079365079,0.5694444444444444,0.0,0.25,0.203125,0.894492
references/R038409.jpg,queries/Q95274.jpg,disc21_neg,0,0.765625,0.5396825396825397,0.4861111111111111,0.07142857142857142,0.75,1.0,0.900657
references/R038409.jpg,queries/Q78481.jpg,disc21_neg,0,0.234375,0.3968253968253968,0.4027777777777778,0.23809523809523808,0.5625,0.28125,0.907870
references/R038409.jpg,queries/Q65559.jpg,disc21_neg,0,0.28125,0.42857142857142855,0.375,0.11904761904761904,0.484375,0.21875,0.964212
references/R038409.jpg,queries/Q37285.jpg,disc21_neg,0,0.515625,0.3968253968253968,0.3888888888888889,0.19047619047619047,0.453125,0.140625,0.958552
references/R038409.jpg,queries/Q36962.jpg,disc21_neg,0,0.5625,0.5079365079365079,0.4027777777777778,0.23809523809523808,0.328125,0.375,0.839045
references/R038409.jpg,queries/Q85688.jpg,disc21_neg,0,0.328125,0.47619047619047616,0.375,0.11904761904761904,0.421875,0.109375,0.966307
references/R038409.jpg,queries/Q45848.jpg,disc21_neg,0,0.34375,0.3333333333333333,0.5,0.09523809523809523,0.453125,0.15625,1.046831
references/R038409.jpg,queries/Q73160.jpg,disc21_neg,0,0.5,0.5873015873015873,0.4722222222222222,0.16666666666666666,0.59375,0.34375,0.762857
references/R038409.jpg,queries/Q30396.jpg,disc21_neg,0,0.6875,0.5238095238095238,0.5138888888888888,0.19047619047619047,0.5625,0.140625,1.011749
references/R038409.jpg,queries/Q04113.jpg,disc21_neg,0,0.796875,0.5396825396825397,0.5416666666666666,0.19047619047619047,0.703125,0.1875,0.816833
references/R038409.jpg,queries/Q40213.jpg,disc21_neg,0,0.515625,0.5238095238095238,0.4444444444444444,0.16666666666666666,0.65625,1.0,1.104261
references/R038409.jpg,queries/Q76860.jpg,disc21_neg,0,0.640625,0.5079365079365079,0.5138888888888888,0.07142857142857142,0.453125,1.0,0.955638
references/R038409.jpg,queries/Q22411.jpg,disc21_neg,0,0.5,0.5396825396825397,0.4027777777777778,0.21428571428571427,0.5625,0.203125,0.809486
references/R038409.jpg,queries/Q84998.jpg,disc21_neg,0,0.578125,0.5873015873015873,0.5416666666666666,0.14285714285714285,0.515625,0.296875,0.998153
references/R038409.jpg,queries/Q56393.jpg,disc21_neg,0,0.6875,0.5714285714285714,0.4722222222222222,0.23809523809523808,0.515625,0.390625,0.983530
references/R038409.jpg,queries/Q23016.jpg,disc21_neg,0,0.75,0.5238095238095238,0.5,0.11904761904761904,0.71875,0.1875,0.990943
references/R038409.jpg,queries/Q68273.jpg,disc21_neg,0,0.78125,0.5873015873015873,0.4305555555555556,0.023809523809523808,0.703125,0.375,0.902655
references/R038409.jpg,queries/Q17096.jpg,disc21_neg,0,0.390625,0.5238095238095238,0.4305555555555556,0.11904761904761904,0.421875,0.421875,0.945342
references/R038409.jpg,queries/Q31019.jpg,disc21_neg,0,0.859375,0.47619047619047616,0.4444444444444444,0.14285714285714285,0.546875,0.265625,0.838137
references/R038409.jpg,queries/Q44272.jpg,disc21_neg,0,0.453125,0.38095238095238093,0.3194444444444444,0.14285714285714285,0.453125,0.421875,0.977307
references/R038409.jpg,queries/Q36498.jpg,disc21_neg,0,0.515625,0.49206349206349204,0.375,0.16666666666666666,0.421875,0.21875,0.946524
references/R038409.jpg,queries/Q52579.jpg,disc21_neg,0,0.640625,0.5714285714285714,0.5,0.11904761904761904,0.75,0.234375,1.019904
references/R038409.jpg,queries/Q95765.jpg,disc21_neg,0,0.546875,0.5396825396825397,0.4027777777777778,0.19047619047619047,0.625,0.140625,1.009554
references/R038409.jpg,queries/Q88317.jpg,disc21_neg,0,0.328125,0.4603174603174603,0.3194444444444444,0.023809523809523808,0.3125,0.1875,0.964750
references/R038409.jpg,queries/Q31899.jpg,disc21_neg,0,0.5625,0.5079365079365079,0.4722222222222222,0.19047619047619047,0.578125,0.28125,0.995594
references/R038409.jpg,queries/Q33281.jpg,disc21_neg,0,0.296875,0.5396825396825397,0.4027777777777778,0.16666666666666666,0.328125,0.140625,1.001778
references/R038409.jpg,queries/Q47219.jpg,disc21_neg,0,0.875,0.5238095238095238,0.4027777777777778,0.16666666666666666,0.59375,0.25,0.941984
references/R038409.jpg,queries/Q52223.jpg,disc21_neg,0,0.40625,0.31746031746031744,0.3611111111111111,0.14285714285714285,0.296875,0.0625,1.117568
references/R038409.jpg,queries/Q43436.jpg,disc21_neg,0,0.34375,0.5238095238095238,0.5972222222222222,0.21428571428571427,0.34375,0.140625,1.092269
references/R038409.jpg,queries/Q13316.jpg,disc21_neg,0,0.734375,0.5079365079365079,0.4722222222222222,0.11904761904761904,0.65625,0.203125,0.988858
references/R038409.jpg,queries/Q47667.jpg,disc21_neg,0,0.640625,0.5238095238095238,0.3888888888888889,0.16666666666666666,0.59375,0.140625,1.056200
references/R038409.jpg,queries/Q64611.jpg,disc21_neg,0,0.6875,0.6190476190476191,0.3333333333333333,0.07142857142857142,0.59375,1.0,0.906275
references/R038409.jpg,queries/Q57367.jpg,disc21_neg,0,0.5625,0.49206349206349204,0.4583333333333333,0.09523809523809523,0.5625,0.234375,0.950572
references/R038409.jpg,queries/Q96439.jpg,disc21_neg,0,0.34375,0.5396825396825397,0.4166666666666667,0.23809523809523808,0.515625,0.171875,0.997323
references/R038409.jpg,queries/Q28214.jpg,disc21_neg,0,0.328125,0.42857142857142855,0.3194444444444444,0.23809523809523808,0.40625,0.1875,0.936192
references/R038409.jpg,queries/Q71083.jpg,disc21_neg,0,0.578125,0.5555555555555556,0.3888888888888889,0.09523809523809523,0.78125,0.1875,0.970197
references/R038409.jpg,queries/Q27472.jpg,disc21_neg,0,0.28125,0.5079365079365079,0.25,0.09523809523809523,0.390625,0.15625,0.982818
references/R038409.jpg,queries/Q00338.jpg,disc21_neg,0,0.65625,0.38095238095238093,0.375,0.16666666666666666,0.640625,0.28125,1.056366
references/R038409.jpg,queries/Q81240.jpg,disc21_neg,0,0.71875,0.47619047619047616,0.4583333333333333,0.21428571428571427,0.5,0.546875,0.957246
references/R038409.jpg,queries/Q89201.jpg,disc21_neg,0,0.828125,0.5714285714285714,0.4166666666666667,0.09523809523809523,0.703125,0.34375,0.979951
references/R038409.jpg,queries/Q49077.jpg,disc21_neg,0,0.578125,0.5396825396825397,0.5694444444444444,0.14285714285714285,0.625,0.328125,0.967045
references/R038409.jpg,queries/Q78080.jpg,disc21_neg,0,0.875,0.6031746031746031,0.4722222222222222,0.0,0.625,0.25,0.976488
references/R038409.jpg,queries/Q32790.jpg,disc21_neg,0,0.640625,0.42857142857142855,0.3611111111111111,0.14285714285714285,0.703125,0.1875,1.041253
references/R038409.jpg,queries/Q40671.jpg,disc21_neg,0,0.5625,0.5396825396825397,0.4444444444444444,0.11904761904761904,0.453125,0.546875,0.873410
references/R038409.jpg,queries/Q78216.jpg,disc21_neg,0,0.625,0.5079365079365079,0.4583333333333333,0.16666666666666666,0.703125,0.453125,1.016924
references/R038409.jpg,queries/Q91093.jpg,disc21_neg,0,0.671875,0.3333333333333333,0.3888888888888889,0.19047619047619047,0.53125,0.109375,0.929406
references/R038409.jpg,queries/Q26560.jpg,disc21_neg,0,0.546875,0.5555555555555556,0.4861111111111111,0.19047619047619047,0.359375,0.203125,0.929487
references/R038409.jpg,queries/Q12053.jpg,disc21_neg,0,0.6875,0.6349206349206349,0.4861111111111111,0.16666666666666666,0.578125,0.25,0.991242
references/R038409.jpg,queries/Q73327.jpg,disc21_neg,0,0.25,0.36507936507936506,0.5,0.16666666666666666,0.40625,0.375,1.014200
references/R038409.jpg,queries/Q49112.jpg,disc21_neg,0,0.5625,0.5555555555555556,0.5138888888888888,0.16666666666666666,0.5625,0.1875,0.967245
references/R038409.jpg,queries/Q58920.jpg,disc21_neg,0,0.46875,0.4444444444444444,0.4861111111111111,0.11904761904761904,0.453125,0.4375,1.116139
references/R038409.jpg,queries/Q17276.jpg,disc21_neg,0,0.703125,0.6349206349206349,0.5277777777777778,0.19047619047619047,0.71875,0.046875,0.916573
references/R038409.jpg,queries/Q37121.jpg,disc21_neg,0,0.734375,0.6031746031746031,0.6111111111111112,0.11904761904761904,0.640625,0.3125,1.035589
references/R038409.jpg,queries/Q12994.jpg,disc21_neg,0,0.359375,0.6984126984126984,0.4027777777777778,0.11904761904761904,0.578125,1.0,1.015072
references/R038409.jpg,queries/Q87193.jpg,disc21_neg,0,0.453125,0.5555555555555556,0.4444444444444444,0.14285714285714285,0.453125,0.296875,1.027061
references/R038409.jpg,queries/Q44295.jpg,disc21_neg,0,0.578125,0.6507936507936508,0.5138888888888888,0.19047619047619047,0.6875,0.25,0.987110
references/R038409.jpg,queries/Q23649.jpg,disc21_neg,0,0.703125,0.4126984126984127,0.4861111111111111,0.09523809523809523,0.546875,0.40625,1.020835
references/R038409.jpg,queries/Q45816.jpg,disc21_neg,0,0.59375,0.42857142857142855,0.4583333333333333,0.14285714285714285,0.390625,0.140625,0.981100
references/R038409.jpg,queries/Q47025.jpg,disc21_neg,0,0.703125,0.5555555555555556,0.4583333333333333,0.11904761904761904,0.765625,0.390625,0.954335
references/R038409.jpg,queries/Q83097.jpg,disc21_neg,0,0.578125,0.4444444444444444,0.5,0.19047619047619047,0.609375,0.40625,1.021255
references/R038409.jpg,queries/Q40757.jpg,disc21_neg,0,0.671875,0.47619047619047616,0.4027777777777778,0.14285714285714285,0.453125,0.1875,0.926958
references/R038409.jpg,queries/Q26482.jpg,disc21_neg,0,0.53125,0.3968253968253968,0.4305555555555556,0.09523809523809523,0.390625,0.125,1.014656
references/R038409.jpg,queries/Q68917.jpg,disc21_neg,0,0.28125,0.6031746031746031,0.5,0.14285714285714285,0.40625,0.15625,1.019171
references/R038409.jpg,queries/Q49190.jpg,disc21_neg,0,0.484375,0.42857142857142855,0.3611111111111111,0.16666666666666666,0.5,0.140625,1.056619
references/R038409.jpg,queries/Q27901.jpg,disc21_neg,0,0.71875,0.49206349206349204,0.5277777777777778,0.16666666666666666,0.609375,0.171875,0.968796
references/R038409.jpg,queries/Q69968.jpg,disc21_neg,0,0.796875,0.5396825396825397,0.4027777777777778,0.11904761904761904,0.453125,0.125,0.998438
references/R038409.jpg,queries/Q89494.jpg,disc21_neg,0,0.59375,0.4603174603174603,0.4583333333333333,0.07142857142857142,0.359375,1.0,0.926828
references/R038409.jpg,queries/Q13532.jpg,disc21_neg,0,0.40625,0.4603174603174603,0.5555555555555556,0.16666666666666666,0.578125,0.34375,1.013423
references/R038409.jpg,queries/Q82972.jpg,disc21_neg,0,0.671875,0.5238095238095238,0.4722222222222222,0.21428571428571427,0.546875,0.0625,1.078831
references/R038409.jpg,queries/Q63657.jpg,disc21_neg,0,0.6875,0.5714285714285714,0.5,0.16666666666666666,0.640625,0.265625,0.931143
references/R038409.jpg,queries/Q10790.jpg,disc21_neg,0,0.5625,0.5714285714285714,0.4166666666666667,0.11904761904761904,0.375,0.1875,1.047088
references/R038409.jpg,queries/Q45090.jpg,disc21_neg,0,0.546875,0.5555555555555556,0.5277777777777778,0.07142857142857142,0.515625,0.140625,0.942246
references/R038409.jpg,queries/Q10426.jpg,disc21_neg,0,0.640625,0.42857142857142855,0.5138888888888888,0.21428571428571427,0.40625,0.453125,0.993032
references/R038409.jpg,queries/Q83520.jpg,disc21_neg,0,0.640625,0.6190476190476191,0.375,0.14285714285714285,0.546875,0.3125,1.041664
references/R038409.jpg,queries/Q21760.jpg,disc21_neg,0,0.65625,0.6507936507936508,0.5138888888888888,0.19047619047619047,0.625,0.25,1.016939
references/R038409.jpg,queries/Q08496.jpg,disc21_neg,0,0.578125,0.5238095238095238,0.5138888888888888,0.16666666666666666,0.546875,0.390625,0.996508
references/R038409.jpg,queries/Q39862.jpg,disc21_neg,0,0.71875,0.5238095238095238,0.4305555555555556,0.19047619047619047,0.671875,0.46875,0.956020
references/R038409.jpg,queries/Q53328.jpg,disc21_neg,0,0.40625,0.4603174603174603,0.3472222222222222,0.14285714285714285,0.34375,0.109375,0.950724
references/R038409.jpg,queries/Q01204.jpg,disc21_neg,0,0.734375,0.3968253968253968,0.5138888888888888,0.07142857142857142,0.640625,0.28125,1.031255
references/R038409.jpg,queries/Q53154.jpg,disc21_neg,0,0.734375,0.49206349206349204,0.4583333333333333,0.09523809523809523,0.4375,0.328125,0.787263
references/R038409.jpg,queries/Q29845.jpg,disc21_neg,0,0.8125,0.4603174603174603,0.4861111111111111,0.11904761904761904,0.703125,0.234375,0.886677
references/R038409.jpg,queries/Q14109.jpg,disc21_neg,0,0.578125,0.47619047619047616,0.4722222222222222,0.23809523809523808,0.75,0.390625,0.997775
references/R038409.jpg,queries/Q69072.jpg,disc21_neg,0,0.671875,0.5873015873015873,0.5277777777777778,0.21428571428571427,0.734375,0.390625,0.881783
references/R038409.jpg,queries/Q23063.jpg,disc21_neg,0,0.625,0.49206349206349204,0.4027777777777778,0.16666666666666666,0.5,0.234375,0.980615
references/R038409.jpg,queries/Q79346.jpg,disc21_neg,0,0.4375,0.4444444444444444,0.4722222222222222,0.21428571428571427,0.390625,0.21875,1.026612
references/R038409.jpg,queries/Q59535.jpg,disc21_neg,0,0.5,0.6349206349206349,0.4861111111111111,0.14285714285714285,0.5,0.078125,1.007870
references/R038409.jpg,queries/Q61779.jpg,disc21_neg,0,0.53125,0.49206349206349204,0.4027777777777778,0.23809523809523808,0.578125,0.078125,1.016439
references/R038409.jpg,queries/Q02945.jpg,disc21_neg,0,0.828125,0.5079365079365079,0.5,0.16666666666666666,0.53125,0.359375,0.977002
references/R038409.jpg,queries/Q10998.jpg,disc21_neg,0,0.53125,0.49206349206349204,0.5,0.09523809523809523,0.65625,0.234375,1.051552
references/R038409.jpg,queries/Q47298.jpg,disc21_neg,0,0.859375,0.36507936507936506,0.4027777777777778,0.21428571428571427,0.546875,0.265625,0.859865
references/R038409.jpg,queries/Q68481.jpg,disc21_neg,0,0.25,0.3968253968253968,0.5,0.11904761904761904,0.28125,0.46875,0.972882
references/R038409.jpg,queries/Q86979.jpg,disc21_neg,0,0.5625,0.3968253968253968,0.4583333333333333,0.14285714285714285,0.671875,0.546875,0.950238
references/R038409.jpg,queries/Q98829.jpg,disc21_neg,0,0.8125,0.5873015873015873,0.4861111111111111,0.11904761904761904,0.703125,0.375,0.949593
references/R038409.jpg,queries/Q27658.jpg,disc21_neg,0,0.625,0.5714285714285714,0.4722222222222222,0.21428571428571427,0.640625,0.140625,0.982244
references/R038409.jpg,queries/Q11730.jpg,disc21_neg,0,0.359375,0.49206349206349204,0.4583333333333333,0.16666666666666666,0.515625,0.15625,0.947903
references/R038409.jpg,queries/Q53015.jpg,disc21_neg,0,0.828125,0.5714285714285714,0.4722222222222222,0.11904761904761904,0.859375,0.34375,0.962395
references/R038409.jpg,queries/Q25829.jpg,disc21_neg,0,0.34375,0.4126984126984127,0.4444444444444444,0.11904761904761904,0.296875,0.109375,1.023604
references/R038409.jpg,queries/Q19053.jpg,disc21_neg,0,0.390625,0.47619047619047616,0.4861111111111111,0.07142857142857142,0.359375,0.203125,0.983346
references/R038409.jpg,queries/Q04872.jpg,disc21_neg,0,0.453125,0.4126984126984127,0.4166666666666667,0.11904761904761904,0.375,0.265625,0.964185
references/R038409.jpg,queries/Q92055.jpg,disc21_neg,0,0.84375,0.6349206349206349,0.4305555555555556,0.07142857142857142,0.578125,1.0,1.017894
references/R038409.jpg,queries/Q95117.jpg,disc21_neg,0,0.609375,0.5238095238095238,0.5138888888888888,0.19047619047619047,0.84375,0.328125,0.924908
references/R038409.jpg,queries/Q61154.jpg,disc21_neg,0,0.421875,0.6031746031746031,0.4027777777777778,0.09523809523809523,0.5,0.1875,1.005678
references/R038409.jpg,queries/Q48393.jpg,disc21_neg,0,0.625,0.6031746031746031,0.4861111111111111,0.21428571428571427,0.734375,0.265625,0.919017
references/R038409.jpg,queries/Q96950.jpg,disc21_neg,0,0.703125,0.5555555555555556,0.5138888888888888,0.19047619047619047,0.5625,0.421875,0.888928
references/R038409.jpg,queries/Q60919.jpg,disc21_neg,0,0.71875,0.49206349206349204,0.4166666666666667,0.14285714285714285,0.671875,0.28125,0.905555
references/R038409.jpg,queries/Q35138.jpg,disc21_neg,0,0.765625,0.6349206349206349,0.5555555555555556,0.07142857142857142,0.71875,1.0,0.977243
references/R038409.jpg,queries/Q50095.jpg,disc21_neg,0,0.59375,0.5714285714285714,0.5138888888888888,0.11904761904761904,0.4375,0.296875,0.991152
references/R038409.jpg,queries/Q16956.jpg,disc21_neg,0,0.34375,0.4126984126984127,0.3888888888888889,0.023809523809523808,0.59375,0.109375,0.936197
references/R038409.jpg,queries/Q05306.jpg,disc21_neg,0,0.125,0.49206349206349204,0.4305555555555556,0.21428571428571427,0.34375,0.0625,0.501380
references/R038409.jpg,queries/Q40465.jpg,disc21_neg,0,0.65625,0.49206349206349204,0.3611111111111111,0.14285714285714285,0.671875,0.390625,0.917903
references/R038409.jpg,queries/Q45092.jpg,disc21_neg,0,0.734375,0.5396825396825397,0.4166666666666667,0.09523809523809523,0.53125,0.296875,0.978552
references/R038409.jpg,queries/Q52457.jpg,disc21_neg,0,0.828125,0.5238095238095238,0.5416666666666666,0.11904761904761904,0.640625,0.40625,0.954018
references/R038409.jpg,queries/Q86192.jpg,disc21_neg,0,0.453125,0.3968253968253968,0.4583333333333333,0.16666666666666666,0.59375,0.421875,1.019882
references/R038409.jpg,queries/Q64277.jpg,disc21_neg,0,0.640625,0.47619047619047616,0.4444444444444444,0.07142857142857142,0.578125,1.0,1.030294
references/R038409.jpg,queries/Q00324.jpg,disc21_neg,0,0.640625,0.5238095238095238,0.4166666666666667,0.14285714285714285,0.671875,0.140625,0.955654
references/R038409.jpg,queries/Q82046.jpg,disc21_neg,0,0.3125,0.4603174603174603,0.5416666666666666,0.11904761904761904,0.421875,0.25,0.848713
references/R038409.jpg,queries/Q49873.jpg,disc21_neg,0,0.59375,0.5555555555555556,0.4444444444444444,0.21428571428571427,0.484375,0.25,0.929360
references/R038409.jpg,queries/Q85675.jpg,disc21_neg,0,0.78125,0.5079365079365079,0.4444444444444444,0.16666666666666666,0.609375,0.234375,1.002823
references/R038409.jpg,queries/Q39353.jpg,disc21_neg,0,0.46875,0.5079365079365079,0.3472222222222222,0.14285714285714285,0.515625,0.234375,1.003696
references/R038409.jpg,queries/Q76553.jpg,disc21_neg,0,0.1875,0.42857142857142855,0.4305555555555556,0.16666666666666666,0.328125,0.296875,0.950518
references/R038409.jpg,queries/Q10610.jpg,disc21_neg,0,0.5,0.49206349206349204,0.4027777777777778,0.16666666666666666,0.53125,0.3125,1.025046
references/R038409.jpg,queries/Q31245.jpg,disc21_neg,0,0.3125,0.5079365079365079,0.4166666666666667,0.21428571428571427,0.421875,0.234375,0.978657
references/R038409.jpg,queries/Q24551.jpg,disc21_neg,0,0.671875,0.6031746031746031,0.5555555555555556,0.16666666666666666,0.46875,0.171875,1.025151
references/R038409.jpg,queries/Q30030.jpg,disc21_neg,0,0.265625,0.4444444444444444,0.3611111111111111,0.16666666666666666,0.328125,0.09375,0.898257
references/R038409.jpg,queries/Q08257.jpg,disc21_neg,0,0.3125,0.47619047619047616,0.4305555555555556,0.14285714285714285,0.421875,0.34375,0.960707
references/R038409.jpg,queries/Q44027.jpg,disc21_neg,0,0.703125,0.5873015873015873,0.5416666666666666,0.11904761904761904,0.59375,0.359375,0.945449
references/R038409.jpg,queries/Q03440.jpg,disc21_neg,0,0.796875,0.49206349206349204,0.5277777777777778,0.14285714285714285,0.484375,0.3125,0.907761
references/R038409.jpg,queries/Q53032.jpg,disc21_neg,0,0.65625,0.5396825396825397,0.5138888888888888,0.14285714285714285,0.453125,0.3125,0.987265
references/R038409.jpg,queries/Q74871.jpg,disc21_neg,0,0.625,0.4444444444444444,0.4861111111111111,0.23809523809523808,0.5,0.484375,0.929422
references/R038409.jpg,queries/Q94353.jpg,disc21_neg,0,0.46875,0.47619047619047616,0.4027777777777778,0.21428571428571427,0.390625,0.140625,0.965244
references/R038409.jpg,queries/Q38972.jpg,disc21_neg,0,0.5,0.49206349206349204,0.4166666666666667,0.19047619047619047,0.578125,0.21875,0.893942
references/R038409.jpg,queries/Q64937.jpg,disc21_neg,0,0.5,0.49206349206349204,0.4583333333333333,0.09523809523809523,0.671875,0.1875,0.943182
references/R038409.jpg,queries/Q27775.jpg,disc21_neg,0,0.59375,0.5396825396825397,0.5,0.11904761904761904,0.46875,1.0,0.960126
references/R038409.jpg,queries/Q47885.jpg,disc21_neg,0,0.71875,0.5873015873015873,0.4166666666666667,0.14285714285714285,0.578125,0.15625,0.929722
references/R038409.jpg,queries/Q67829.jpg,disc21_neg,0,0.78125,0.5238095238095238,0.5833333333333334,0.11904761904761904,0.390625,0.1875,0.991902
references/R038409.jpg,queries/Q40265.jpg,disc21_neg,0,0.546875,0.5396825396825397,0.5138888888888888,0.19047619047619047,0.65625,0.25,0.902293
references/R038409.jpg,queries/Q31713.jpg,disc21_neg,0,0.53125,0.5238095238095238,0.4583333333333333,0.21428571428571427,0.578125,0.375,1.016966
references/R038409.jpg,queries/Q14409.jpg,disc21_neg,0,0.5,0.5714285714285714,0.4166666666666667,0.23809523809523808,0.53125,0.375,1.062940
references/R038409.jpg,queries/Q85006.jpg,disc21_neg,0,0.734375,0.5555555555555556,0.4166666666666667,0.21428571428571427,0.65625,0.515625,0.914329
references/R038409.jpg,queries/Q09136.jpg,disc21_neg,0,0.75,0.6190476190476191,0.6111111111111112,0.09523809523809523,0.625,0.203125,1.066612
references/R038409.jpg,queries/Q66324.jpg,disc21_neg,0,0.453125,0.6190476190476191,0.5,0.16666666666666666,0.375,0.109375,0.893326
references/R038409.jpg,queries/Q30904.jpg,disc21_neg,0,0.40625,0.38095238095238093,0.4722222222222222,0.14285714285714285,0.296875,0.25,0.857738
references/R038409.jpg,queries/Q31934.jpg,disc21_neg,0,0.640625,0.5873015873015873,0.5277777777777778,0.09523809523809523,0.5625,0.25,0.925727
references/R038409.jpg,queries/Q40055.jpg,disc21_neg,0,0.65625,0.47619047619047616,0.4305555555555556,0.09523809523809523,0.53125,0.1875,0.959350
references/R038409.jpg,queries/Q33567.jpg,disc21_neg,0,0.5,0.5873015873015873,0.5555555555555556,0.09523809523809523,0.71875,0.125,0.957542
references/R038409.jpg,queries/Q95601.jpg,disc21_neg,0,0.828125,0.5079365079365079,0.4166666666666667,0.14285714285714285,0.734375,0.1875,0.937587
references/R038409.jpg,queries/Q97395.jpg,disc21_neg,0,0.625,0.5714285714285714,0.4305555555555556,0.09523809523809523,0.4375,0.390625,1.018821
references/R038409.jpg,queries/Q47708.jpg,disc21_neg,0,0.1875,0.6190476190476191,0.4722222222222222,0.07142857142857142,0.453125,0.265625,1.054093
references/R038409.jpg,queries/Q80665.jpg,disc21_neg,0,0.359375,0.42857142857142855,0.3472222222222222,0.047619047619047616,0.296875,0.21875,1.066593
references/R038409.jpg,queries/Q62159.jpg,disc21_neg,0,0.59375,0.49206349206349204,0.4305555555555556,0.047619047619047616,0.5625,0.359375,0.908273
references/R038409.jpg,queries/Q42179.jpg,disc21_neg,0,0.65625,0.5396825396825397,0.5138888888888888,0.09523809523809523,0.5625,0.109375,0.885802
references/R038409.jpg,queries/Q57834.jpg,disc21_neg,0,0.625,0.4603174603174603,0.4444444444444444,0.09523809523809523,0.734375,0.40625,0.985118
references/R038409.jpg,queries/Q16515.jpg,disc21_neg,0,0.546875,0.49206349206349204,0.4166666666666667,0.07142857142857142,0.453125,0.109375,0.991443
references/R038409.jpg,queries/Q27288.jpg,disc21_neg,0,0.59375,0.49206349206349204,0.3611111111111111,0.11904761904761904,0.53125,0.296875,1.005324
references/R038409.jpg,queries/Q90899.jpg,disc21_neg,0,0.515625,0.4126984126984127,0.3888888888888889,0.19047619047619047,0.546875,0.296875,0.998300
references/R038409.jpg,queries/Q42875.jpg,disc21_neg,0,0.375,0.3968253968253968,0.4305555555555556,0.07142857142857142,0.3125,1.0,0.996480
references/R038409.jpg,queries/Q63841.jpg,disc21_neg,0,0.578125,0.5079365079365079,0.4861111111111111,0.09523809523809523,0.46875,0.125,0.951509
references/R038409.jpg,queries/Q50186.jpg,disc21_neg,0,0.71875,0.5396825396825397,0.3888888888888889,0.11904761904761904,0.625,0.390625,0.944486
references/R038409.jpg,queries/Q45798.jpg,disc21_neg,0,0.78125,0.30158730158730157,0.4583333333333333,0.23809523809523808,0.640625,0.1875,0.878883
references/R038409.jpg,queries/Q15761.jpg,disc21_neg,0,0.375,0.5555555555555556,0.4166666666666667,0.14285714285714285,0.640625,0.0625,0.938108
references/R038409.jpg,queries/Q74516.jpg,disc21_neg,0,0.71875,0.5396825396825397,0.4861111111111111,0.19047619047619047,0.703125,0.296875,1.016449
references/R038409.jpg,queries/Q75286.jpg,disc21_neg,0,0.296875,0.42857142857142855,0.4444444444444444,0.07142857142857142,0.328125,0.09375,1.067919
references/R038409.jpg,queries/Q03961.jpg,disc21_neg,0,0.6875,0.49206349206349204,0.4305555555555556,0.16666666666666666,0.59375,0.1875,0.927896
references/R038409.jpg,queries/Q57104.jpg,disc21_neg,0,0.734375,0.4603174603174603,0.4444444444444444,0.07142857142857142,0.640625,1.0,1.021886
references/R038409.jpg,queries/Q25898.jpg,disc21_neg,0,0.390625,0.47619047619047616,0.5,0.07142857142857142,0.5625,0.265625,0.896216
references/R038409.jpg,queries/Q81335.jpg,disc21_neg,0,0.890625,0.6984126984126984,0.4861111111111111,0.14285714285714285,0.75,0.171875,0.950794
references/R038409.jpg,queries/Q66437.jpg,disc21_neg,0,0.5,0.6349206349206349,0.3472222222222222,0.14285714285714285,0.53125,0.21875,0.984452
references/R038409.jpg,queries/Q75329.jpg,disc21_neg,0,0.5625,0.6031746031746031,0.4722222222222222,0.16666666666666666,0.625,0.359375,0.878747
references/R038409.jpg,queries/Q01893.jpg,disc21_neg,0,0.53125,0.5396825396825397,0.4722222222222222,0.07142857142857142,0.46875,0.125,1.015143
references/R038409.jpg,queries/Q94517.jpg,disc21_neg,0,0.640625,0.36507936507936506,0.4305555555555556,0.21428571428571427,0.46875,0.234375,0.953865
references/R038409.jpg,queries/Q57964.jpg,disc21_neg,0,0.828125,0.5396825396825397,0.4166666666666667,0.21428571428571427,0.65625,0.359375,0.990957
references/R038409.jpg,queries/Q56961.jpg,disc21_neg,0,0.6875,0.4444444444444444,0.5138888888888888,0.09523809523809523,0.453125,0.359375,0.863700
references/R038409.jpg,queries/Q85438.jpg,disc21_neg,0,0.609375,0.6031746031746031,0.4861111111111111,0.19047619047619047,0.546875,0.296875,1.068244
references/R038409.jpg,queries/Q83179.jpg,disc21_neg,0,0.390625,0.5079365079365079,0.4305555555555556,0.07142857142857142,0.34375,1.0,1.024190
references/R038409.jpg,queries/Q66551.jpg,disc21_neg,0,0.453125,0.5396825396825397,0.5277777777777778,0.14285714285714285,0.609375,0.4375,0.881027
references/R038409.jpg,queries/Q95639.jpg,disc21_neg,0,0.359375,0.5555555555555556,0.3333333333333333,0.19047619047619047,0.484375,0.40625,0.954448
references/R038409.jpg,queries/Q21995.jpg,disc21_neg,0,0.609375,0.49206349206349204,0.4166666666666667,0.07142857142857142,0.46875,1.0,1.023062
references/R038409.jpg,queries/Q08463.jpg,disc21_neg,0,0.609375,0.5238095238095238,0.4027777777777778,0.047619047619047616,0.59375,0.265625,0.871515
references/R038409.jpg,queries/Q02651.jpg,disc21_neg,0,0.546875,0.5079365079365079,0.5972222222222222,0.19047619047619047,0.515625,0.40625,0.892227
references/R038409.jpg,queries/Q24387.jpg,disc21_neg,0,0.5625,0.5873015873015873,0.5694444444444444,0.11904761904761904,0.53125,0.421875,0.946689
references/R038409.jpg,queries/Q59097.jpg,disc21_neg,0,0.796875,0.6190476190476191,0.5833333333333334,0.16666666666666666,0.609375,0.328125,0.959132
references/R038409.jpg,queries/Q31061.jpg,disc21_neg,0,0.484375,0.4444444444444444,0.5138888888888888,0.16666666666666666,0.46875,0.375,1.040515
references/R038409.jpg,queries/Q72430.jpg,disc21_neg,0,0.375,0.47619047619047616,0.4444444444444444,0.09523809523809523,0.390625,0.21875,0.903149
references/R038409.jpg,queries/Q41984.jpg,disc21_neg,0,0.34375,0.3968253968253968,0.3888888888888889,0.11904761904761904,0.28125,0.375,0.929118
references/R038409.jpg,queries/Q88099.jpg,disc21_neg,0,0.4375,0.5238095238095238,0.375,0.11904761904761904,0.703125,0.25,0.998344
references/R038409.jpg,queries/Q03854.jpg,disc21_neg,0,0.5,0.5555555555555556,0.375,0.14285714285714285,0.625,0.328125,0.990950
references/R038409.jpg,queries/Q58812.jpg,disc21_neg,0,0.640625,0.5079365079365079,0.4861111111111111,0.16666666666666666,0.609375,0.40625,0.975381
references/R038409.jpg,queries/Q07423.jpg,disc21_neg,0,0.421875,0.5714285714285714,0.4166666666666667,0.11904761904761904,0.515625,0.234375,1.005885
references/R038409.jpg,queries/Q42369.jpg,disc21_neg,0,0.515625,0.5238095238095238,0.5,0.19047619047619047,0.59375,0.3125,1.118624
references/R038409.jpg,queries/Q47855.jpg,disc21_neg,0,0.921875,0.3968253968253968,0.4722222222222222,0.16666666666666666,0.703125,0.3125,1.029854
references/R038409.jpg,queries/Q52348.jpg,disc21_neg,0,0.671875,0.5555555555555556,0.4027777777777778,0.09523809523809523,0.6875,0.375,0.832956
references/R038409.jpg,queries/Q48600.jpg,disc21_neg,0,0.734375,0.5555555555555556,0.4444444444444444,0.14285714285714285,0.796875,0.203125,0.979038
references/R038409.jpg,queries/Q26270.jpg,disc21_neg,0,0.59375,0.5555555555555556,0.5416666666666666,0.07142857142857142,0.484375,0.1875,0.933071
references/R038409.jpg,queries/Q93408.jpg,disc21_neg,0,0.4375,0.49206349206349204,0.4305555555555556,0.11904761904761904,0.515625,0.171875,0.922760
references/R038409.jpg,queries/Q39177.jpg,disc21_neg,0,0.859375,0.5873015873015873,0.5277777777777778,0.16666666666666666,0.5,0.28125,0.967076
references/R038409.jpg,queries/Q68530.jpg,disc21_neg,0,0.4375,0.49206349206349204,0.4027777777777778,0.09523809523809523,0.265625,0.21875,0.919436
references/R038409.jpg,queries/Q28945.jpg,disc21_neg,0,0.625,0.4126984126984127,0.2638888888888889,0.14285714285714285,0.578125,0.109375,0.841182
references/R038409.jpg,queries/Q67455.jpg,disc21_neg,0,0.5625,0.4603174603174603,0.4722222222222222,0.16666666666666666,0.625,0.21875,0.808030
references/R038409.jpg,queries/Q45787.jpg,disc21_neg,0,0.9375,0.5714285714285714,0.4722222222222222,0.047619047619047616,0.703125,0.203125,0.902563
references/R038409.jpg,queries/Q24145.jpg,disc21_neg,0,0.671875,0.5079365079365079,0.4305555555555556,0.16666666666666666,0.75,0.53125,0.910041
references/R038409.jpg,queries/Q86794.jpg,disc21_neg,0,0.671875,0.5238095238095238,0.5277777777777778,0.21428571428571427,0.640625,0.203125,0.862729
references/R038409.jpg,queries/Q57205.jpg,disc21_neg,0,0.46875,0.5238095238095238,0.5416666666666666,0.19047619047619047,0.59375,0.296875,1.000150
references/R038409.jpg,queries/Q60014.jpg,disc21_neg,0,0.640625,0.5396825396825397,0.4722222222222222,0.19047619047619047,0.53125,0.109375,1.058974
references/R038409.jpg,queries/Q31791.jpg,disc21_neg,0,0.3125,0.5873015873015873,0.4444444444444444,0.07142857142857142,0.4375,0.1875,0.844403
references/R038409.jpg,queries/Q10911.jpg,disc21_neg,0,0.4375,0.49206349206349204,0.4722222222222222,0.16666666666666666,0.5625,0.34375,0.982355
references/R014977.jpg,queries/Q67030.jpg,disc21_neg,0,0.1875,0.4603174603174603,0.3611111111111111,0.16666666666666666,0.328125,0.421875,0.973206
